name,distance,failures,conserved,max_load,n_at_limit,n_at_limit_m1,hist
del_10_2_2,3,2933,true,0,0,0,
del_11_4_1,4,5266,true,0,0,0,
del_12_4_3,2,2953,true,0,0,0,
del_14_3_3,6,4045,true,0,0,0,
del_3_6_6,1,0,true,0,0,0,
del_5_2_6,2,586,true,0,0,0,
del_5_6_4,3,1181,true,0,0,0,
del_6_7_6,4,2919,true,0,0,0,
del_7_4_4,0,0,true,0,0,0,
del_8_0_6,3,4102,true,0,0,0,
del_9_7_7,3,1768,true,0,0,0,
mv_10_2_2_to_11_2_1_R,3,2933,true,0,0,0,
mv_10_2_2_to_12_2_4_R,3,2933,true,0,0,0,
mv_10_2_2_to_8_4_4_R,0,4168,true,0,0,0,
mv_10_3_2_to_10_2_1_S,2,2959,true,0,0,0,
mv_10_3_2_to_11_1_1_S,2,2959,true,0,0,0,
mv_10_3_2_to_11_3_4_S,2,4158,true,0,0,0,
mv_10_3_2_to_11_5_4_S,2,2959,true,0,0,0,
mv_10_3_2_to_12_2_4_S,2,2959,true,0,0,0,
mv_10_3_2_to_12_5_1_S,2,2959,true,0,0,0,
mv_10_3_2_to_8_3_3_S,1,3567,true,0,0,0,
mv_10_3_2_to_9_1_3_S,1,5366,true,0,0,0,
mv_10_3_3_to_10_2_1_S,2,2949,true,0,0,0,
mv_10_3_3_to_10_4_5_S,2,2949,true,0,0,0,
mv_10_3_3_to_11_2_5_S,2,2949,true,0,0,0,
mv_10_3_3_to_11_4_5_S,2,4717,true,0,0,0,
mv_10_3_3_to_12_2_2_S,2,2949,true,0,0,0,
mv_10_3_3_to_12_4_5_S,2,4717,true,0,0,0,
mv_10_3_3_to_8_1_2_S,1,5366,true,0,0,0,
mv_10_3_3_to_8_4_4_S,0,4168,true,0,0,0,
mv_10_3_3_to_9_3_2_S,2,2949,true,0,0,0,
mv_10_4_6_to_10_6_7_R,3,3555,true,0,0,0,
mv_10_4_6_to_12_2_4_R,2,2973,true,0,0,0,
mv_10_4_6_to_8_5_4_R,0,2982,true,0,0,0,
mv_10_4_9_to_10_4_7_R,3,3555,true,0,0,0,
mv_10_4_9_to_11_5_7_R,3,3554,true,0,0,0,
mv_11_1_2_to_10_1_2_H,2,4161,true,0,0,0,
mv_11_1_2_to_11_1_4_H,4,5276,true,0,0,0,
mv_11_1_2_to_12_2_2_H,4,5276,true,0,0,0,
mv_11_1_2_to_12_3_4_H,2,5336,true,0,0,0,
mv_11_1_2_to_9_1_3_H,1,5366,true,0,0,0,
mv_11_2_2_to_10_1_2_H,2,4161,true,0,0,0,
mv_11_2_2_to_10_4_4_H,2,4729,true,0,0,0,
mv_11_2_2_to_11_3_1_H,2,3563,true,0,0,0,
mv_11_2_2_to_12_1_2_H,3,4713,true,0,0,0,
mv_11_2_2_to_12_3_3_H,2,3563,true,0,0,0,
mv_11_2_2_to_13_4_1_H,3,4713,true,0,0,0,
mv_11_2_2_to_9_0_4_H,1,5366,true,0,0,0,
mv_11_2_2_to_9_3_3_H,3,4713,true,0,0,0,
mv_11_2_3_to_10_4_1_H,2,2370,true,0,0,0,
mv_11_2_3_to_11_1_3_H,2,2370,true,0,0,0,
mv_11_2_3_to_11_3_4_H,2,2371,true,0,0,0,
mv_11_2_3_to_12_2_1_H,2,2370,true,0,0,0,
mv_11_2_3_to_12_4_5_H,2,2370,true,0,0,0,
mv_11_2_3_to_13_4_3_H,2,3562,true,0,0,0,
mv_11_2_3_to_9_1_3_H,1,5366,true,0,0,0,
mv_11_2_4_to_10_1_2_R,3,4713,true,0,0,0,
mv_11_2_4_to_11_4_3_R,2,5921,true,0,0,0,
mv_11_2_4_to_13_3_3_R,3,3524,true,0,0,0,
mv_11_2_4_to_9_1_4_R,1,5366,true,0,0,0,
mv_11_3_3_to_10_2_3_S,3,4713,true,0,0,0,
mv_11_3_3_to_11_1_1_S,3,4098,true,0,0,0,
mv_11_3_3_to_11_3_1_S,2,2958,true,0,0,0,
mv_11_3_3_to_11_5_1_S,3,4098,true,0,0,0,
mv_11_3_3_to_12_2_3_S,3,4098,true,0,0,0,
mv_11_3_3_to_12_5_1_S,3,4098,true,0,0,0,
mv_11_3_3_to_13_3_3_S,3,4098,true,0,0,0,
mv_11_3_3_to_9_1_3_S,1,5366,true,0,0,0,
mv_11_3_3_to_9_5_5_S,2,2950,true,0,0,0,
mv_11_4_1_to_12_3_0_R,4,5266,true,0,0,0,
mv_11_4_1_to_13_4_3_R,3,7046,true,0,0,0,
mv_11_4_4_to_10_6_6_R,2,3560,true,0,0,0,
mv_11_4_4_to_12_2_4_R,2,4159,true,0,0,0,
mv_11_4_4_to_13_3_3_R,2,4134,true,0,0,0,
mv_11_4_4_to_9_5_5_R,2,3541,true,0,0,0,
mv_11_4_6_to_10_4_5_S,3,2951,true,0,0,0,
mv_11_4_6_to_10_6_5_S,3,3555,true,0,0,0,
mv_11_4_6_to_11_3_7_S,3,2944,true,0,0,0,
mv_11_4_6_to_12_2_4_S,2,2973,true,0,0,0,
mv_11_4_6_to_12_6_7_S,3,2944,true,0,0,0,
mv_11_4_6_to_13_4_6_S,3,2944,true,0,0,0,
mv_11_4_6_to_9_4_7_S,3,3555,true,0,0,0,
mv_11_4_6_to_9_6_8_S,3,2944,true,0,0,0,
mv_11_4_7_to_10_4_8_S,3,3555,true,0,0,0,
mv_11_4_7_to_10_6_6_S,3,3555,true,0,0,0,
mv_11_4_7_to_11_3_9_S,3,2358,true,0,0,0,
mv_11_4_7_to_12_4_5_S,3,2358,true,0,0,0,
mv_11_4_7_to_12_6_8_S,3,2358,true,0,0,0,
mv_11_4_7_to_13_5_6_S,3,2358,true,0,0,0,
mv_11_4_7_to_9_4_7_S,3,3555,true,0,0,0,
mv_11_4_7_to_9_6_8_S,3,2358,true,0,0,0,
mv_11_4_8_to_10_4_8_S,3,3555,true,0,0,0,
mv_11_4_8_to_10_6_7_S,3,3555,true,0,0,0,
mv_11_4_8_to_11_5_10_S,4,3522,true,0,0,0,
mv_11_4_8_to_12_4_9_S,4,3522,true,0,0,0,
mv_11_4_8_to_13_3_8_S,4,3522,true,0,0,0,
mv_11_4_8_to_13_6_7_S,4,3522,true,0,0,0,
mv_11_4_8_to_9_4_9_S,4,3522,true,0,0,0,
mv_11_4_9_to_10_4_10_S,6,4634,true,0,0,0,
mv_11_4_9_to_10_6_7_S,3,3555,true,0,0,0,
mv_11_4_9_to_11_6_9_S,6,4634,true,0,0,0,
mv_11_4_9_to_13_4_9_S,6,4634,true,0,0,0,
mv_11_4_9_to_9_4_7_S,3,3555,true,0,0,0,
mv_11_5_9_to_10_4_10_S,6,15,true,0,0,0,
mv_11_5_9_to_10_6_7_S,3,3555,true,0,0,0,
mv_11_5_9_to_11_4_10_S,6,15,true,0,0,0,
mv_11_5_9_to_13_3_7_S,6,15,true,0,0,0,
mv_11_5_9_to_13_6_8_S,6,15,true,0,0,0,
mv_11_5_9_to_9_6_8_S,6,2330,true,0,0,0,
mv_12_3_1_to_10_4_1_S,5,2915,true,0,0,0,
mv_12_3_1_to_11_4_0_S,5,2915,true,0,0,0,
mv_12_3_1_to_12_2_2_S,2,4159,true,0,0,0,
mv_12_3_1_to_12_5_2_S,5,2915,true,0,0,0,
mv_12_3_1_to_13_4_2_S,3,4105,true,0,0,0,
mv_12_4_1_to_10_2_3_S,2,4161,true,0,0,0,
mv_12_4_1_to_11_4_2_S,2,4159,true,0,0,0,
mv_12_4_1_to_12_2_3_S,2,4159,true,0,0,0,
mv_12_4_1_to_13_3_2_S,4,5854,true,0,0,0,
mv_12_4_1_to_14_2_3_S,5,2911,true,0,0,0,
mv_12_4_2_to_10_4_4_S,2,4137,true,0,0,0,
mv_12_4_2_to_11_4_2_S,2,4159,true,0,0,0,
mv_12_4_2_to_12_2_2_S,2,4159,true,0,0,0,
mv_12_4_2_to_12_3_4_S,3,4121,true,0,0,0,
mv_12_4_2_to_13_3_2_S,3,4121,true,0,0,0,
mv_12_4_2_to_14_2_2_S,3,4121,true,0,0,0,
mv_12_4_3_to_10_2_4_S,2,4160,true,0,0,0,
mv_12_4_3_to_11_2_1_S,2,4159,true,0,0,0,
mv_12_4_3_to_11_4_3_S,2,4159,true,0,0,0,
mv_12_4_3_to_12_2_2_S,2,4159,true,0,0,0,
mv_12_4_3_to_12_4_5_S,2,2953,true,0,0,0,
mv_12_4_3_to_13_3_3_S,2,2953,true,0,0,0,
mv_12_4_3_to_14_2_3_S,2,2953,true,0,0,0,
mv_12_4_4_to_10_4_4_S,2,3541,true,0,0,0,
mv_12_4_4_to_11_2_5_S,2,3541,true,0,0,0,
mv_12_4_4_to_11_4_5_S,2,4749,true,0,0,0,
mv_12_4_4_to_12_2_4_S,2,4159,true,0,0,0,
mv_12_4_4_to_12_5_6_S,2,3544,true,0,0,0,
mv_12_4_4_to_13_4_6_S,2,3541,true,0,0,0,
mv_12_5_7_to_10_3_9_R,5,2925,true,0,0,0,
mv_12_5_7_to_10_7_7_R,3,3555,true,0,0,0,
mv_12_5_7_to_12_4_6_R,5,2925,true,0,0,0,
mv_12_5_7_to_13_6_9_R,5,2925,true,0,0,0,
mv_12_5_8_to_10_4_8_R,3,3554,true,0,0,0,
mv_12_5_8_to_11_3_9_R,3,3554,true,0,0,0,
mv_12_5_8_to_13_3_7_R,3,3554,true,0,0,0,
mv_12_5_8_to_14_4_8_R,3,3554,true,0,0,0,
mv_13_4_7_to_11_3_8_H,5,2925,true,0,0,0,
mv_13_4_7_to_11_6_9_H,5,2925,true,0,0,0,
mv_13_4_7_to_12_6_7_H,6,23,true,0,0,0,
mv_13_4_7_to_13_6_7_H,6,23,true,0,0,0,
mv_13_4_7_to_14_5_8_H,5,2925,true,0,0,0,
mv_13_4_8_to_11_3_9_H,5,2925,true,0,0,0,
mv_13_4_8_to_11_6_9_H,5,2925,true,0,0,0,
mv_13_4_8_to_12_6_8_H,6,23,true,0,0,0,
mv_13_4_8_to_13_5_6_H,5,3505,true,0,0,0,
mv_13_4_8_to_14_5_7_H,5,2925,true,0,0,0,
mv_13_5_7_to_11_3_8_H,6,3508,true,0,0,0,
mv_13_5_7_to_11_6_9_H,6,3508,true,0,0,0,
mv_13_5_7_to_12_6_7_H,6,2337,true,0,0,0,
mv_13_5_7_to_13_4_9_H,6,3508,true,0,0,0,
mv_13_5_7_to_14_5_8_H,6,3508,true,0,0,0,
mv_13_5_8_to_11_3_9_H,3,3554,true,0,0,0,
mv_13_5_8_to_11_6_9_H,3,3554,true,0,0,0,
mv_13_5_8_to_12_6_8_H,3,3554,true,0,0,0,
mv_13_5_8_to_13_5_10_H,3,3554,true,0,0,0,
mv_13_5_8_to_14_4_8_H,3,3554,true,0,0,0,
mv_13_5_9_to_11_3_9_H,5,2925,true,0,0,0,
mv_13_5_9_to_12_4_9_H,3,5325,true,0,0,0,
mv_13_5_9_to_13_4_9_H,4,4710,true,0,0,0,
mv_13_5_9_to_14_5_7_H,5,2925,true,0,0,0,
mv_14_3_2_to_12_3_3_R,2,4158,true,0,0,0,
mv_14_3_2_to_13_4_3_R,2,5930,true,0,0,0,
mv_14_3_2_to_15_4_4_R,5,2925,true,0,0,0,
mv_14_3_3_to_12_2_2_R,2,4158,true,0,0,0,
mv_14_3_3_to_13_3_2_R,2,4158,true,0,0,0,
mv_14_3_3_to_15_4_1_R,6,4045,true,0,0,0,
mv_15_3_1_to_13_3_2_S,4,7038,true,0,0,0,
mv_15_3_1_to_14_2_2_S,5,4089,true,0,0,0,
mv_15_3_1_to_15_5_2_S,8,4011,true,0,0,0,
mv_15_3_1_to_16_4_3_S,8,4011,true,0,0,0,
mv_15_3_2_to_13_4_3_S,3,5313,true,0,0,0,
mv_15_3_2_to_15_2_1_S,3,5313,true,0,0,0,
mv_15_3_2_to_15_4_4_S,3,5313,true,0,0,0,
mv_15_3_2_to_16_4_2_S,3,5313,true,0,0,0,
mv_15_3_3_to_13_4_2_S,2,5930,true,0,0,0,
mv_15_3_3_to_14_3_4_S,5,4095,true,0,0,0,
mv_15_3_3_to_15_5_2_S,5,4095,true,0,0,0,
mv_15_3_3_to_16_4_3_S,5,4095,true,0,0,0,
mv_15_4_2_to_13_4_3_S,2,5930,true,0,0,0,
mv_15_4_2_to_15_2_1_S,6,4044,true,0,0,0,
mv_15_4_2_to_15_4_1_S,6,4044,true,0,0,0,
mv_15_4_2_to_16_3_3_S,6,4044,true,0,0,0,
mv_15_4_3_to_13_4_2_S,2,5930,true,0,0,0,
mv_15_4_3_to_14_3_4_S,6,5774,true,0,0,0,
mv_15_4_3_to_15_4_1_S,6,4044,true,0,0,0,
mv_15_4_3_to_16_4_2_S,6,4044,true,0,0,0,
mv_2_5_4_to_3_5_3_S,0,1,true,0,0,0,
mv_2_5_4_to_4_4_4_S,0,0,true,0,0,0,
mv_2_5_4_to_4_7_5_S,0,0,true,0,0,0,
mv_3_3_7_to_3_2_6_S,1,0,true,0,0,0,
mv_3_3_7_to_4_1_5_S,1,1200,true,0,0,0,
mv_3_3_7_to_4_3_7_S,1,2344,true,0,0,0,
mv_3_3_7_to_4_5_8_S,1,0,true,0,0,0,
mv_3_3_7_to_5_3_5_S,1,0,true,0,0,0,
mv_3_3_7_to_5_4_8_S,1,3584,true,0,0,0,
mv_3_4_7_to_3_2_5_S,1,0,true,0,0,0,
mv_3_4_7_to_3_5_7_S,1,0,true,0,0,0,
mv_3_4_7_to_4_3_8_S,1,1200,true,0,0,0,
mv_3_4_7_to_4_6_7_S,1,2379,true,0,0,0,
mv_3_4_7_to_5_4_5_S,1,0,true,0,0,0,
mv_3_5_4_to_1_5_4_S,0,0,true,0,0,0,
mv_3_5_4_to_3_3_6_S,0,596,true,0,0,0,
mv_3_5_4_to_4_4_4_S,0,0,true,0,0,0,
mv_3_5_4_to_4_7_5_S,0,0,true,0,0,0,
mv_3_5_4_to_5_4_5_S,0,0,true,0,0,0,
mv_3_6_6_to_1_5_4_S,0,2392,true,0,0,0,
mv_3_6_6_to_3_4_6_S,1,0,true,0,0,0,
mv_3_6_6_to_4_4_4_S,0,2392,true,0,0,0,
mv_3_6_6_to_4_6_4_S,0,2392,true,0,0,0,
mv_3_6_6_to_5_4_5_S,1,0,true,0,0,0,
mv_3_6_6_to_5_7_6_S,1,0,true,0,0,0,
mv_4_2_5_to_3_2_6_S,1,0,true,0,0,0,
mv_4_2_5_to_4_1_6_S,2,0,true,0,0,0,
mv_4_2_5_to_5_1_6_S,2,1746,true,0,0,0,
mv_4_2_5_to_5_3_7_S,1,3584,true,0,0,0,
mv_4_2_5_to_6_0_4_S,2,0,true,0,0,0,
mv_4_2_5_to_6_2_5_S,2,0,true,0,0,0,
mv_4_2_5_to_6_4_6_S,1,2982,true,0,0,0,
mv_4_2_6_to_3_4_4_R,0,2976,true,0,0,0,
mv_4_2_6_to_4_4_8_R,3,2370,true,0,0,0,
mv_4_2_6_to_5_4_6_R,3,580,true,0,0,0,
mv_4_2_6_to_6_3_8_R,3,2370,true,0,0,0,
mv_4_2_8_to_3_4_8_R,1,1,true,0,0,0,
mv_4_2_8_to_5_3_7_R,3,2355,true,0,0,0,
mv_4_2_8_to_6_4_6_R,3,2355,true,0,0,0,
mv_4_4_7_to_3_2_5_H,1,0,true,0,0,0,
mv_4_4_7_to_3_4_6_H,1,0,true,0,0,0,
mv_4_4_7_to_4_3_5_H,1,0,true,0,0,0,
mv_4_4_7_to_4_6_7_H,1,2379,true,0,0,0,
mv_4_4_7_to_5_4_5_H,1,2379,true,0,0,0,
mv_4_4_7_to_6_2_5_H,1,598,true,0,0,0,
mv_4_4_7_to_6_3_8_H,1,0,true,0,0,0,
mv_4_4_7_to_6_5_7_H,1,2335,true,0,0,0,
mv_4_5_4_to_2_5_5_H,0,0,true,0,0,0,
mv_4_5_4_to_3_5_3_H,0,0,true,0,0,0,
mv_4_5_4_to_4_4_6_H,0,0,true,0,0,0,
mv_4_5_4_to_5_3_3_H,0,1765,true,0,0,0,
mv_4_5_4_to_5_5_3_H,0,0,true,0,0,0,
mv_4_5_4_to_6_4_5_H,0,0,true,0,0,0,
mv_4_5_4_to_6_6_4_H,0,1,true,0,0,0,
mv_4_5_7_to_2_3_7_R,0,2368,true,0,0,0,
mv_4_5_7_to_4_3_5_R,1,2368,true,0,0,0,
mv_4_5_7_to_5_3_7_R,1,2368,true,0,0,0,
mv_4_5_7_to_6_3_8_R,1,2368,true,0,0,0,
mv_4_6_5_to_2_4_4_R,0,4168,true,0,0,0,
mv_4_6_5_to_3_6_5_R,2,0,true,0,0,0,
mv_4_6_5_to_5_4_5_R,2,2352,true,0,0,0,
mv_4_6_5_to_6_5_5_R,2,1188,true,0,0,0,
mv_4_6_5_to_6_8_6_R,2,2352,true,0,0,0,
mv_4_6_6_to_3_4_4_S,0,2392,true,0,0,0,
mv_4_6_6_to_3_6_5_S,1,0,true,0,0,0,
mv_4_6_6_to_4_5_6_S,1,0,true,0,0,0,
mv_4_6_6_to_5_4_4_S,0,2392,true,0,0,0,
mv_4_6_6_to_5_6_8_S,1,0,true,0,0,0,
mv_4_6_6_to_6_4_7_S,1,0,true,0,0,0,
mv_4_6_6_to_6_6_7_S,1,0,true,0,0,0,
mv_5_2_5_to_3_2_5_S,1,0,true,0,0,0,
mv_5_2_5_to_3_4_6_S,2,1182,true,0,0,0,
mv_5_2_5_to_4_4_4_S,0,1200,true,0,0,0,
mv_5_2_5_to_5_3_3_S,2,0,true,0,0,0,
mv_5_2_5_to_5_4_6_S,1,3584,true,0,0,0,
mv_5_2_5_to_6_2_3_S,2,0,true,0,0,0,
mv_5_2_5_to_6_4_5_S,2,0,true,0,0,0,
mv_5_2_5_to_7_2_5_S,2,0,true,0,0,0,
mv_5_2_6_to_3_2_7_S,1,2384,true,0,0,0,
mv_5_2_6_to_3_4_8_S,2,586,true,0,0,0,
mv_5_2_6_to_4_3_7_S,2,1776,true,0,0,0,
mv_5_2_6_to_5_1_4_S,2,586,true,0,0,0,
mv_5_2_6_to_5_3_7_S,1,3584,true,0,0,0,
mv_5_2_6_to_6_0_4_S,2,586,true,0,0,0,
mv_5_2_6_to_6_2_8_S,2,586,true,0,0,0,
mv_5_2_6_to_6_4_7_S,2,586,true,0,0,0,
mv_5_2_6_to_7_4_5_S,0,1200,true,0,0,0,
mv_5_2_7_to_3_3_6_S,1,2384,true,0,0,0,
mv_5_2_7_to_4_1_8_S,2,3,true,0,0,0,
mv_5_2_7_to_4_4_6_S,2,1776,true,0,0,0,
mv_5_2_7_to_5_3_5_S,2,3,true,0,0,0,
mv_5_2_7_to_5_4_8_S,1,2384,true,0,0,0,
mv_5_2_7_to_6_3_6_S,2,3,true,0,0,0,
mv_5_2_7_to_7_0_7_S,2,3,true,0,0,0,
mv_5_2_8_to_3_2_6_S,1,579,true,0,0,0,
mv_5_2_8_to_3_4_8_S,2,2344,true,0,0,0,
mv_5_2_8_to_4_3_8_S,1,3564,true,0,0,0,
mv_5_2_8_to_5_3_7_S,1,3584,true,0,0,0,
mv_5_2_8_to_6_2_6_S,2,579,true,0,0,0,
mv_5_2_8_to_6_4_7_S,2,2344,true,0,0,0,
mv_5_3_6_to_3_2_7_S,1,2384,true,0,0,0,
mv_5_3_6_to_3_4_8_S,2,1784,true,0,0,0,
mv_5_3_6_to_4_3_5_S,3,3,true,0,0,0,
mv_5_3_6_to_4_4_8_S,2,1784,true,0,0,0,
mv_5_3_6_to_5_1_7_S,3,3,true,0,0,0,
mv_5_3_6_to_5_4_4_S,0,2976,true,0,0,0,
mv_5_3_6_to_6_2_4_S,3,2370,true,0,0,0,
mv_5_3_6_to_6_3_8_S,3,3,true,0,0,0,
mv_5_3_6_to_6_5_7_S,2,1784,true,0,0,0,
mv_5_3_6_to_7_5_5_S,0,1796,true,0,0,0,
mv_5_3_8_to_3_2_7_S,1,3564,true,0,0,0,
mv_5_3_8_to_3_5_7_S,3,2355,true,0,0,0,
mv_5_3_8_to_4_3_8_S,3,2355,true,0,0,0,
mv_5_3_8_to_5_1_6_S,6,4,true,0,0,0,
mv_5_3_8_to_5_4_6_S,1,3584,true,0,0,0,
mv_5_3_8_to_6_2_8_S,6,4,true,0,0,0,
mv_5_3_8_to_7_1_6_S,6,4,true,0,0,0,
mv_5_4_7_to_3_2_6_S,1,0,true,0,0,0,
mv_5_4_7_to_3_4_8_S,1,0,true,0,0,0,
mv_5_4_7_to_4_3_7_S,1,0,true,0,0,0,
mv_5_4_7_to_4_5_8_S,1,0,true,0,0,0,
mv_5_4_7_to_5_3_9_S,1,0,true,0,0,0,
mv_5_4_7_to_5_6_8_S,1,0,true,0,0,0,
mv_5_4_7_to_6_3_6_S,1,0,true,0,0,0,
mv_5_4_7_to_6_5_7_S,1,0,true,0,0,0,
mv_5_4_7_to_7_4_5_S,0,2392,true,0,0,0,
mv_5_4_7_to_7_6_7_S,1,0,true,0,0,0,
mv_5_5_4_to_3_6_4_S,0,0,true,0,0,0,
mv_5_5_4_to_4_4_6_S,0,1,true,0,0,0,
mv_5_5_4_to_4_7_6_S,0,0,true,0,0,0,
mv_5_5_4_to_5_4_6_S,0,2396,true,0,0,0,
mv_5_5_4_to_6_4_5_S,0,0,true,0,0,0,
mv_5_5_4_to_6_6_4_S,0,1791,true,0,0,0,
mv_5_5_4_to_7_3_2_S,0,0,true,0,0,0,
mv_5_5_4_to_7_5_5_S,0,0,true,0,0,0,
mv_5_5_5_to_3_3_6_S,2,2370,true,0,0,0,
mv_5_5_5_to_3_6_4_S,0,4168,true,0,0,0,
mv_5_5_5_to_4_4_4_S,0,4168,true,0,0,0,
mv_5_5_5_to_4_6_7_S,1,1783,true,0,0,0,
mv_5_5_5_to_5_3_7_S,1,2990,true,0,0,0,
mv_5_5_5_to_5_7_6_S,3,2352,true,0,0,0,
mv_5_5_5_to_6_4_7_S,3,1181,true,0,0,0,
mv_5_5_5_to_6_6_4_S,0,2393,true,0,0,0,
mv_5_5_5_to_6_7_7_S,3,1181,true,0,0,0,
mv_5_5_5_to_7_5_6_S,3,6,true,0,0,0,
mv_5_5_6_to_3_3_6_S,2,2956,true,0,0,0,
mv_5_5_6_to_3_6_4_S,0,2392,true,0,0,0,
mv_5_5_6_to_4_3_8_S,1,2986,true,0,0,0,
mv_5_5_6_to_4_5_8_S,2,2933,true,0,0,0,
mv_5_5_6_to_5_3_5_S,3,2933,true,0,0,0,
mv_5_5_6_to_5_4_8_S,1,2986,true,0,0,0,
mv_5_5_6_to_6_3_6_S,3,2933,true,0,0,0,
mv_5_5_6_to_6_5_5_S,0,2393,true,0,0,0,
mv_5_5_6_to_6_7_4_S,1,2379,true,0,0,0,
mv_5_5_6_to_7_5_5_S,0,2392,true,0,0,0,
mv_5_5_6_to_7_6_7_S,3,2933,true,0,0,0,
mv_5_5_7_to_3_5_7_S,1,0,true,0,0,0,
mv_5_5_7_to_4_3_8_S,1,1200,true,0,0,0,
mv_5_5_7_to_4_6_7_S,1,2379,true,0,0,0,
mv_5_5_7_to_5_3_9_S,1,0,true,0,0,0,
mv_5_5_7_to_5_7_6_S,1,0,true,0,0,0,
mv_5_5_7_to_6_4_6_S,1,2384,true,0,0,0,
mv_5_5_7_to_6_6_7_S,1,0,true,0,0,0,
mv_5_5_7_to_7_5_5_S,0,2392,true,0,0,0,
mv_5_5_7_to_7_7_7_S,1,4162,true,0,0,0,
mv_5_6_4_to_3_6_5_S,1,1181,true,0,0,0,
mv_5_6_4_to_4_5_6_S,1,1783,true,0,0,0,
mv_5_6_4_to_5_4_5_S,3,1181,true,0,0,0,
mv_5_6_4_to_6_4_5_S,3,1181,true,0,0,0,
mv_5_6_4_to_6_6_4_S,0,2393,true,0,0,0,
mv_5_6_4_to_6_8_3_S,3,1181,true,0,0,0,
mv_5_6_4_to_7_5_5_S,0,2988,true,0,0,0,
mv_5_6_4_to_7_8_3_S,3,1181,true,0,0,0,
mv_5_6_5_to_3_4_6_S,1,2,true,0,0,0,
mv_5_6_5_to_3_7_6_S,1,2,true,0,0,0,
mv_5_6_5_to_4_6_4_S,0,2392,true,0,0,0,
mv_5_6_5_to_5_4_5_S,1,2,true,0,0,0,
mv_5_6_5_to_5_7_7_S,1,2,true,0,0,0,
mv_5_6_5_to_6_5_5_S,0,2392,true,0,0,0,
mv_5_6_5_to_6_6_7_S,1,2,true,0,0,0,
mv_5_6_5_to_6_8_6_S,1,2,true,0,0,0,
mv_5_6_5_to_7_5_7_S,1,2,true,0,0,0,
mv_5_6_5_to_7_8_4_S,1,2,true,0,0,0,
mv_5_6_6_to_3_4_8_S,1,0,true,0,0,0,
mv_5_6_6_to_4_4_4_S,0,2392,true,0,0,0,
mv_5_6_6_to_4_6_4_S,0,2392,true,0,0,0,
mv_5_6_6_to_5_4_5_S,1,0,true,0,0,0,
mv_5_6_6_to_5_7_6_S,1,0,true,0,0,0,
mv_5_6_6_to_6_5_5_S,0,2393,true,0,0,0,
mv_5_6_6_to_6_7_4_S,1,2379,true,0,0,0,
mv_5_6_6_to_7_5_5_S,0,2392,true,0,0,0,
mv_5_6_6_to_7_6_7_S,1,0,true,0,0,0,
mv_5_6_7_to_3_4_6_S,3,0,true,0,0,0,
mv_5_6_7_to_4_4_6_S,3,0,true,0,0,0,
mv_5_6_7_to_4_7_5_S,2,0,true,0,0,0,
mv_5_6_7_to_5_5_8_S,3,0,true,0,0,0,
mv_5_6_7_to_6_5_5_S,0,2393,true,0,0,0,
mv_5_6_7_to_6_8_6_S,3,0,true,0,0,0,
mv_5_6_7_to_7_5_8_S,3,0,true,0,0,0,
mv_6_1_4_to_4_1_6_R,2,2952,true,0,0,0,
mv_6_1_4_to_6_2_5_R,3,2952,true,0,0,0,
mv_6_1_4_to_7_3_2_R,3,2952,true,0,0,0,
mv_6_1_4_to_8_3_3_R,1,2374,true,0,0,0,
mv_6_3_3_to_5_1_4_H,3,0,true,0,0,0,
mv_6_3_3_to_5_5_3_H,3,0,true,0,0,0,
mv_6_3_3_to_6_4_5_H,3,1,true,0,0,0,
mv_6_3_3_to_7_3_2_H,3,0,true,0,0,0,
mv_6_3_3_to_7_5_5_H,3,1,true,0,0,0,
mv_6_3_3_to_8_4_3_H,0,1200,true,0,0,0,
mv_6_4_4_to_4_5_6_R,0,1193,true,0,0,0,
mv_6_4_4_to_6_2_4_R,1,1787,true,0,0,0,
mv_6_4_4_to_6_6_6_R,0,1193,true,0,0,0,
mv_6_4_4_to_7_6_2_R,0,2968,true,0,0,0,
mv_6_5_4_to_4_3_5_H,0,0,true,0,0,0,
mv_6_5_4_to_4_6_4_H,0,1,true,0,0,0,
mv_6_5_4_to_5_4_4_H,0,0,true,0,0,0,
mv_6_5_4_to_5_7_6_H,0,1,true,0,0,0,
mv_6_5_4_to_6_5_5_H,0,1,true,0,0,0,
mv_6_5_4_to_6_7_4_H,0,1,true,0,0,0,
mv_6_5_4_to_7_4_5_H,0,0,true,0,0,0,
mv_6_5_4_to_7_6_4_H,0,0,true,0,0,0,
mv_6_5_4_to_8_4_4_H,0,0,true,0,0,0,
mv_6_5_4_to_8_7_3_H,0,0,true,0,0,0,
mv_6_5_6_to_4_3_7_H,3,2354,true,0,0,0,
mv_6_5_6_to_4_5_6_H,1,2379,true,0,0,0,
mv_6_5_6_to_4_7_6_H,1,2379,true,0,0,0,
mv_6_5_6_to_5_4_6_H,3,3526,true,0,0,0,
mv_6_5_6_to_5_7_7_H,3,3526,true,0,0,0,
mv_6_5_6_to_6_5_5_H,1,2379,true,0,0,0,
mv_6_5_6_to_6_7_4_H,1,2379,true,0,0,0,
mv_6_5_6_to_7_5_5_H,4,3526,true,0,0,0,
mv_6_5_6_to_7_7_7_H,4,3526,true,0,0,0,
mv_6_5_6_to_8_6_6_H,2,4762,true,0,0,0,
mv_6_7_3_to_4_5_3_R,0,2393,true,0,0,0,
mv_6_7_3_to_7_5_3_R,0,2393,true,0,0,0,
mv_6_7_3_to_8_6_5_R,1,2378,true,0,0,0,
mv_6_7_6_to_5_5_8_R,3,2354,true,0,0,0,
mv_6_7_6_to_6_7_5_R,1,2379,true,0,0,0,
mv_6_7_6_to_7_8_6_R,4,2919,true,0,0,0,
mv_7_0_3_to_6_0_4_R,3,4093,true,0,0,0,
mv_7_0_3_to_8_0_2_R,2,2949,true,0,0,0,
mv_7_0_6_to_5_1_6_R,3,1164,true,0,0,0,
mv_7_0_6_to_7_1_6_R,3,3507,true,0,0,0,
mv_7_0_6_to_9_0_6_R,3,4117,true,0,0,0,
mv_7_1_4_to_5_3_5_H,3,0,true,0,0,0,
mv_7_1_4_to_6_2_3_H,3,0,true,0,0,0,
mv_7_1_4_to_6_3_6_H,3,0,true,0,0,0,
mv_7_1_4_to_7_2_2_H,3,0,true,0,0,0,
mv_7_1_4_to_8_-1_4_H,3,0,true,0,0,0,
mv_7_1_4_to_8_1_5_H,3,0,true,0,0,0,
mv_7_1_4_to_9_0_4_H,1,5366,true,0,0,0,
mv_7_1_4_to_9_2_2_H,3,0,true,0,0,0,
mv_7_1_5_to_5_1_7_H,3,2952,true,0,0,0,
mv_7_1_5_to_6_0_3_H,3,2952,true,0,0,0,
mv_7_1_5_to_6_2_4_H,3,2968,true,0,0,0,
mv_7_1_5_to_7_-1_3_H,3,2952,true,0,0,0,
mv_7_1_5_to_7_3_5_H,3,2952,true,0,0,0,
mv_7_1_5_to_8_0_7_H,3,2952,true,0,0,0,
mv_7_1_5_to_9_0_3_H,1,4770,true,0,0,0,
mv_7_1_5_to_9_1_4_H,1,4770,true,0,0,0,
mv_7_2_3_to_5_3_5_H,3,0,true,0,0,0,
mv_7_2_3_to_6_1_3_H,3,0,true,0,0,0,
mv_7_2_3_to_6_4_5_H,3,1,true,0,0,0,
mv_7_2_3_to_7_4_2_H,3,0,true,0,0,0,
mv_7_2_3_to_8_3_3_H,3,0,true,0,0,0,
mv_7_2_3_to_9_0_4_H,1,5366,true,0,0,0,
mv_7_2_3_to_9_3_2_H,3,0,true,0,0,0,
mv_7_2_4_to_5_3_3_H,3,2952,true,0,0,0,
mv_7_2_4_to_6_0_3_H,3,2952,true,0,0,0,
mv_7_2_4_to_6_2_4_H,3,2968,true,0,0,0,
mv_7_2_4_to_6_4_5_H,3,1777,true,0,0,0,
mv_7_2_4_to_7_2_5_H,3,2968,true,0,0,0,
mv_7_2_4_to_8_0_2_H,3,2952,true,0,0,0,
mv_7_2_4_to_8_3_4_H,0,2976,true,0,0,0,
mv_7_2_4_to_9_0_5_H,1,4770,true,0,0,0,
mv_7_2_4_to_9_3_2_H,3,2952,true,0,0,0,
mv_7_3_3_to_5_3_3_H,3,0,true,0,0,0,
mv_7_3_3_to_6_1_3_H,3,0,true,0,0,0,
mv_7_3_3_to_6_4_5_H,3,1,true,0,0,0,
mv_7_3_3_to_7_3_5_H,3,0,true,0,0,0,
mv_7_3_3_to_8_1_2_H,3,0,true,0,0,0,
mv_7_3_3_to_8_5_4_H,0,1200,true,0,0,0,
mv_7_3_3_to_9_3_3_H,3,0,true,0,0,0,
mv_7_3_4_to_5_3_3_H,2,0,true,0,0,0,
mv_7_3_4_to_5_5_3_H,2,0,true,0,0,0,
mv_7_3_4_to_6_2_6_H,2,1776,true,0,0,0,
mv_7_3_4_to_6_5_3_H,2,0,true,0,0,0,
mv_7_3_4_to_7_3_2_H,2,0,true,0,0,0,
mv_7_3_4_to_7_5_6_H,2,3,true,0,0,0,
mv_7_3_4_to_8_4_3_H,2,0,true,0,0,0,
mv_7_3_4_to_9_2_2_H,2,0,true,0,0,0,
mv_7_3_4_to_9_5_6_H,2,1783,true,0,0,0,
mv_7_4_3_to_5_4_5_H,1,1187,true,0,0,0,
mv_7_4_3_to_6_3_2_H,2,3,true,0,0,0,
mv_7_4_3_to_6_6_4_H,1,1187,true,0,0,0,
mv_7_4_3_to_7_4_5_H,2,3,true,0,0,0,
mv_7_4_3_to_8_3_3_H,2,3,true,0,0,0,
mv_7_4_3_to_8_6_5_H,2,1187,true,0,0,0,
mv_7_4_3_to_9_6_4_H,2,3,true,0,0,0,
mv_7_4_4_to_5_4_5_H,0,1,true,0,0,0,
mv_7_4_4_to_6_2_5_H,0,1787,true,0,0,0,
mv_7_4_4_to_6_4_6_H,0,0,true,0,0,0,
mv_7_4_4_to_6_6_6_H,0,1,true,0,0,0,
mv_7_4_4_to_7_4_2_H,0,0,true,0,0,0,
mv_7_4_4_to_7_6_4_H,0,0,true,0,0,0,
mv_7_4_4_to_8_6_3_H,0,0,true,0,0,0,
mv_7_4_4_to_9_3_3_H,0,0,true,0,0,0,
mv_7_5_4_to_5_3_3_H,0,1765,true,0,0,0,
mv_7_5_4_to_5_5_3_H,0,0,true,0,0,0,
mv_7_5_4_to_6_4_5_H,0,0,true,0,0,0,
mv_7_5_4_to_6_6_4_H,0,1,true,0,0,0,
mv_7_5_4_to_7_3_2_H,0,1765,true,0,0,0,
mv_7_5_4_to_7_5_6_H,0,4,true,0,0,0,
mv_7_5_4_to_8_3_4_H,0,5,true,0,0,0,
mv_7_5_4_to_8_6_6_H,0,2990,true,0,0,0,
mv_7_5_4_to_9_3_2_H,0,1765,true,0,0,0,
mv_7_5_4_to_9_6_4_H,0,0,true,0,0,0,
mv_7_6_3_to_5_5_3_H,3,2920,true,0,0,0,
mv_7_6_3_to_6_6_3_H,1,2379,true,0,0,0,
mv_7_6_3_to_6_8_3_H,4,2920,true,0,0,0,
mv_7_6_3_to_7_6_4_H,3,2944,true,0,0,0,
mv_7_6_3_to_8_4_3_H,0,4168,true,0,0,0,
mv_7_6_3_to_8_7_4_H,4,2920,true,0,0,0,
mv_7_7_3_to_5_5_3_H,3,2353,true,0,0,0,
mv_7_7_3_to_6_6_4_H,1,2379,true,0,0,0,
mv_7_7_3_to_7_5_3_H,3,2353,true,0,0,0,
mv_7_7_3_to_7_8_5_H,3,2353,true,0,0,0,
mv_7_7_3_to_8_7_5_H,3,2353,true,0,0,0,
mv_7_7_4_to_5_7_3_H,3,2353,true,0,0,0,
mv_7_7_4_to_6_6_4_H,1,2379,true,0,0,0,
mv_7_7_4_to_6_8_3_H,3,2353,true,0,0,0,
mv_7_7_4_to_7_6_2_H,3,2353,true,0,0,0,
mv_7_7_4_to_7_8_6_H,3,2353,true,0,0,0,
mv_7_7_4_to_8_7_3_H,3,2353,true,0,0,0,
mv_7_7_4_to_9_6_4_H,3,2353,true,0,0,0,
mv_7_7_5_to_5_7_6_H,1,2379,true,0,0,0,
mv_7_7_5_to_6_6_3_H,1,2379,true,0,0,0,
mv_7_7_5_to_6_7_5_H,1,2379,true,0,0,0,
mv_7_7_5_to_7_5_5_H,2,2369,true,0,0,0,
mv_7_7_5_to_7_7_7_H,2,2369,true,0,0,0,
mv_7_7_5_to_8_6_3_H,2,2369,true,0,0,0,
mv_7_7_5_to_8_7_6_H,2,2369,true,0,0,0,
mv_7_7_5_to_9_7_6_H,2,2369,true,0,0,0,
mv_7_7_6_to_5_7_7_H,3,2354,true,0,0,0,
mv_7_7_6_to_6_6_7_H,1,3564,true,0,0,0,
mv_7_7_6_to_7_5_5_H,3,1773,true,0,0,0,
mv_7_7_6_to_7_6_7_H,2,2964,true,0,0,0,
mv_7_7_6_to_8_6_6_H,3,1776,true,0,0,0,
mv_7_7_6_to_9_5_6_H,3,2944,true,0,0,0,
mv_7_7_6_to_9_7_6_H,3,2355,true,0,0,0,
mv_8_0_3_to_10_2_3_H,3,3525,true,0,0,0,
mv_8_0_3_to_6_2_3_H,3,3505,true,0,0,0,
mv_8_0_3_to_7_2_2_H,3,3505,true,0,0,0,
mv_8_0_3_to_8_1_5_H,3,3505,true,0,0,0,
mv_8_0_3_to_9_2_2_H,3,3505,true,0,0,0,
mv_8_0_4_to_6_0_4_H,2,2948,true,0,0,0,
mv_8_0_4_to_6_2_5_H,2,1788,true,0,0,0,
mv_8_0_4_to_7_1_6_H,2,2969,true,0,0,0,
mv_8_0_4_to_8_-1_6_H,2,2948,true,0,0,0,
mv_8_0_4_to_9_0_3_H,2,2948,true,0,0,0,
mv_8_0_4_to_9_2_2_H,2,2948,true,0,0,0,
mv_8_0_5_to_6_0_6_H,3,4094,true,0,0,0,
mv_8_0_5_to_6_2_6_H,3,4125,true,0,0,0,
mv_8_0_5_to_7_1_6_H,3,4144,true,0,0,0,
mv_8_0_5_to_8_0_7_H,3,4094,true,0,0,0,
mv_8_0_5_to_9_0_6_H,3,4094,true,0,0,0,
mv_8_0_6_to_6_0_6_H,3,4102,true,0,0,0,
mv_8_0_6_to_6_2_8_H,3,4125,true,0,0,0,
mv_8_0_6_to_8_-1_4_H,3,4102,true,0,0,0,
mv_8_0_6_to_9_1_4_H,3,4102,true,0,0,0,
mv_8_1_3_to_6_0_3_H,3,3546,true,0,0,0,
mv_8_1_3_to_6_2_5_H,3,2968,true,0,0,0,
mv_8_1_3_to_7_2_5_H,3,2968,true,0,0,0,
mv_8_1_3_to_8_-1_5_H,3,3546,true,0,0,0,
mv_8_1_3_to_9_0_3_H,3,3546,true,0,0,0,
mv_8_1_3_to_9_3_2_H,3,3546,true,0,0,0,
mv_8_1_4_to_10_3_6_H,1,3566,true,0,0,0,
mv_8_1_4_to_6_2_3_H,1,3566,true,0,0,0,
mv_8_1_4_to_6_3_6_H,1,3566,true,0,0,0,
mv_8_1_4_to_7_2_2_H,1,3566,true,0,0,0,
mv_8_1_4_to_8_-1_4_H,1,3566,true,0,0,0,
mv_8_1_4_to_8_1_5_H,1,3566,true,0,0,0,
mv_8_1_4_to_9_0_4_H,1,3566,true,0,0,0,
mv_8_1_4_to_9_3_2_H,1,3566,true,0,0,0,
mv_8_5_7_to_10_4_7_H,3,3554,true,0,0,0,
mv_8_5_7_to_10_6_5_H,3,2354,true,0,0,0,
mv_8_5_7_to_6_3_8_H,3,2354,true,0,0,0,
mv_8_5_7_to_6_5_7_H,2,2964,true,0,0,0,
mv_8_5_7_to_7_3_5_H,3,2354,true,0,0,0,
mv_8_5_7_to_7_6_7_H,2,2964,true,0,0,0,
mv_8_5_7_to_8_6_8_H,3,2354,true,0,0,0,
mv_8_5_7_to_9_4_9_H,3,2354,true,0,0,0,
mv_8_5_7_to_9_7_5_H,3,2354,true,0,0,0,
mv_8_5_8_to_10_4_10_H,3,2354,true,0,0,0,
mv_8_5_8_to_10_5_9_H,3,2354,true,0,0,0,
mv_8_5_8_to_6_3_8_H,3,2354,true,0,0,0,
mv_8_5_8_to_6_6_7_H,1,3564,true,0,0,0,
mv_8_5_8_to_7_7_7_H,3,2354,true,0,0,0,
mv_8_5_8_to_9_4_7_H,3,3554,true,0,0,0,
mv_8_5_8_to_9_7_6_H,3,2354,true,0,0,0,
mv_8_6_7_to_10_6_5_R,2,3560,true,0,0,0,
mv_8_6_7_to_6_6_7_R,2,4156,true,0,0,0,
mv_8_6_7_to_7_8_5_R,2,3560,true,0,0,0,
mv_8_6_7_to_9_4_9_R,2,3560,true,0,0,0,
mv_9_5_7_to_10_3_6_S,3,2354,true,0,0,0,
mv_9_5_7_to_10_5_6_S,3,2354,true,0,0,0,
mv_9_5_7_to_10_7_7_S,3,2354,true,0,0,0,
mv_9_5_7_to_11_4_5_S,3,1769,true,0,0,0,
mv_9_5_7_to_7_4_5_S,0,2392,true,0,0,0,
mv_9_5_7_to_7_6_7_S,2,2964,true,0,0,0,
mv_9_5_7_to_8_6_8_S,3,2354,true,0,0,0,
mv_9_5_7_to_9_5_5_S,2,1186,true,0,0,0,
mv_9_5_7_to_9_7_6_S,3,2354,true,0,0,0,
mv_9_6_5_to_10_7_7_R,4,2338,true,0,0,0,
mv_9_6_5_to_7_5_7_R,4,2338,true,0,0,0,
mv_9_6_5_to_8_5_4_R,0,4168,true,0,0,0,
mv_9_6_5_to_9_7_6_R,4,2338,true,0,0,0,
mv_9_6_6_to_10_5_6_H,3,2961,true,0,0,0,
mv_9_6_6_to_11_4_5_H,3,2944,true,0,0,0,
mv_9_6_6_to_7_5_5_H,3,2944,true,0,0,0,
mv_9_6_6_to_7_6_7_H,3,1773,true,0,0,0,
mv_9_6_6_to_8_4_4_H,0,4168,true,0,0,0,
mv_9_6_6_to_8_7_4_H,3,3537,true,0,0,0,
mv_9_6_6_to_9_5_5_H,3,2944,true,0,0,0,
mv_9_6_6_to_9_7_5_H,3,3538,true,0,0,0,
mv_9_6_7_to_10_4_7_H,3,2951,true,0,0,0,
mv_9_6_7_to_10_6_5_H,3,1773,true,0,0,0,
mv_9_6_7_to_11_5_7_H,3,2951,true,0,0,0,
mv_9_6_7_to_7_5_7_H,2,2964,true,0,0,0,
mv_9_6_7_to_7_8_6_H,3,2951,true,0,0,0,
mv_9_6_7_to_8_7_5_H,3,1774,true,0,0,0,
mv_9_6_7_to_9_5_5_H,3,2951,true,0,0,0,
mv_9_6_7_to_9_7_8_H,3,2951,true,0,0,0,
mv_9_7_7_to_10_6_5_H,3,1768,true,0,0,0,
mv_9_7_7_to_11_6_9_H,3,1768,true,0,0,0,
mv_9_7_7_to_7_6_7_H,3,1768,true,0,0,0,
mv_9_7_7_to_8_6_5_H,2,4758,true,0,0,0,
mv_9_7_7_to_9_5_5_H,3,1768,true,0,0,0,
mv_9_7_7_to_9_7_6_H,3,2367,true,0,0,0,
del_10_3_2,2,2959,true,0,0,0,
del_11_4_4,2,3541,true,0,0,0,
del_12_4_4,2,3541,true,0,0,0,
del_15_3_1,8,4011,true,0,0,0,
del_4_2_5,2,0,true,0,0,0,
del_5_2_7,2,3,true,0,0,0,
del_5_6_5,1,2,true,0,0,0,
del_7_0_3,2,2949,true,0,0,0,
del_7_5_4,0,0,true,0,0,0,
del_8_1_3,3,3546,true,0,0,0,
mv_10_2_2_to_10_1_2_R,3,4713,true,0,0,0,
mv_10_2_2_to_11_3_1_R,2,2967,true,0,0,0,
mv_10_2_2_to_12_3_0_R,3,2933,true,0,0,0,
mv_10_2_2_to_9_0_3_R,1,5366,true,0,0,0,
mv_10_3_2_to_10_2_3_H,2,4160,true,0,0,0,
mv_10_3_2_to_11_1_3_H,2,2959,true,0,0,0,
mv_10_3_2_to_11_4_0_H,2,2959,true,0,0,0,
mv_10_3_2_to_12_1_2_H,2,2959,true,0,0,0,
mv_10_3_2_to_12_3_0_H,2,2959,true,0,0,0,
mv_10_3_2_to_12_5_2_H,2,2959,true,0,0,0,
mv_10_3_2_to_8_3_4_H,0,4169,true,0,0,0,
mv_10_3_2_to_9_1_4_H,1,5366,true,0,0,0,
mv_10_3_3_to_10_2_3_H,2,4160,true,0,0,0,
mv_10_3_3_to_11_1_1_H,2,2949,true,0,0,0,
mv_10_3_3_to_11_3_1_H,2,2958,true,0,0,0,
mv_10_3_3_to_11_5_1_H,2,2949,true,0,0,0,
mv_10_3_3_to_12_2_3_H,2,2949,true,0,0,0,
mv_10_3_3_to_12_5_1_H,2,2949,true,0,0,0,
mv_10_3_3_to_8_1_5_H,2,2949,true,0,0,0,
mv_10_3_3_to_8_5_4_H,0,4168,true,0,0,0,
mv_10_3_3_to_9_5_5_H,2,2949,true,0,0,0,
mv_10_4_6_to_11_2_5_R,3,1771,true,0,0,0,
mv_10_4_6_to_12_3_4_R,3,2944,true,0,0,0,
mv_10_4_6_to_8_6_5_R,1,2378,true,0,0,0,
mv_10_4_9_to_10_4_8_R,3,3555,true,0,0,0,
mv_10_4_9_to_11_6_9_R,5,5254,true,0,0,0,
mv_11_1_2_to_10_1_2_S,2,4161,true,0,0,0,
mv_11_1_2_to_11_1_4_S,4,5276,true,0,0,0,
mv_11_1_2_to_12_2_2_S,4,5276,true,0,0,0,
mv_11_1_2_to_12_3_4_S,4,5276,true,0,0,0,
mv_11_1_2_to_9_1_3_S,1,5366,true,0,0,0,
mv_11_2_2_to_10_1_2_S,2,4161,true,0,0,0,
mv_11_2_2_to_10_4_4_S,2,4729,true,0,0,0,
mv_11_2_2_to_11_3_1_S,2,3563,true,0,0,0,
mv_11_2_2_to_12_1_2_S,3,4713,true,0,0,0,
mv_11_2_2_to_12_3_3_S,3,4713,true,0,0,0,
mv_11_2_2_to_13_4_1_S,3,4713,true,0,0,0,
mv_11_2_2_to_9_0_4_S,1,5366,true,0,0,0,
mv_11_2_2_to_9_3_3_S,3,4713,true,0,0,0,
mv_11_2_3_to_10_4_1_S,2,2370,true,0,0,0,
mv_11_2_3_to_11_1_3_S,2,2964,true,0,0,0,
mv_11_2_3_to_11_3_4_S,2,2371,true,0,0,0,
mv_11_2_3_to_12_2_1_S,2,2370,true,0,0,0,
mv_11_2_3_to_12_4_5_S,2,4128,true,0,0,0,
mv_11_2_3_to_13_4_3_S,2,3562,true,0,0,0,
mv_11_2_3_to_9_1_3_S,1,5366,true,0,0,0,
mv_11_2_4_to_10_2_3_R,3,4713,true,0,0,0,
mv_11_2_4_to_11_4_5_R,3,2933,true,0,0,0,
mv_11_2_4_to_13_4_2_R,2,5930,true,0,0,0,
mv_11_2_4_to_9_2_2_R,3,3546,true,0,0,0,
mv_11_3_3_to_10_2_4_H,2,4161,true,0,0,0,
mv_11_3_3_to_11_1_3_H,3,5868,true,0,0,0,
mv_11_3_3_to_11_3_4_H,2,2958,true,0,0,0,
mv_11_3_3_to_11_5_4_H,3,4098,true,0,0,0,
mv_11_3_3_to_12_2_4_H,3,4098,true,0,0,0,
mv_11_3_3_to_12_5_2_H,3,4098,true,0,0,0,
mv_11_3_3_to_13_4_1_H,3,4098,true,0,0,0,
mv_11_3_3_to_9_1_4_H,1,5366,true,0,0,0,
mv_11_4_1_to_10_2_1_R,4,5266,true,0,0,0,
mv_11_4_1_to_12_3_3_R,2,4158,true,0,0,0,
mv_11_4_1_to_9_2_2_R,3,3546,true,0,0,0,
mv_11_4_4_to_11_2_5_R,2,3540,true,0,0,0,
mv_11_4_4_to_12_3_3_R,2,4158,true,0,0,0,
mv_11_4_4_to_13_4_2_R,2,5332,true,0,0,0,
mv_11_4_4_to_9_5_6_R,2,4156,true,0,0,0,
mv_11_4_6_to_10_4_7_H,3,3555,true,0,0,0,
mv_11_4_6_to_10_6_6_H,3,3555,true,0,0,0,
mv_11_4_6_to_11_3_8_H,3,2944,true,0,0,0,
mv_11_4_6_to_12_3_4_H,2,4756,true,0,0,0,
mv_11_4_6_to_12_6_8_H,3,2944,true,0,0,0,
mv_11_4_6_to_13_5_6_H,3,2944,true,0,0,0,
mv_11_4_6_to_9_5_5_H,3,2944,true,0,0,0,
mv_11_4_7_to_10_3_6_H,3,2358,true,0,0,0,
mv_11_4_7_to_10_5_6_H,3,3555,true,0,0,0,
mv_11_4_7_to_10_6_7_H,3,3555,true,0,0,0,
mv_11_4_7_to_11_4_5_H,3,2358,true,0,0,0,
mv_11_4_7_to_12_4_6_H,3,2358,true,0,0,0,
mv_11_4_7_to_13_3_7_H,3,2358,true,0,0,0,
mv_11_4_7_to_13_6_7_H,3,2358,true,0,0,0,
mv_11_4_7_to_9_4_9_H,3,2358,true,0,0,0,
mv_11_4_8_to_10_3_6_H,4,3522,true,0,0,0,
mv_11_4_8_to_10_5_6_H,3,3555,true,0,0,0,
mv_11_4_8_to_11_3_6_H,4,3522,true,0,0,0,
mv_11_4_8_to_11_5_6_H,4,3522,true,0,0,0,
mv_11_4_8_to_12_5_6_H,4,3522,true,0,0,0,
mv_11_4_8_to_13_4_6_H,4,3522,true,0,0,0,
mv_11_4_8_to_13_6_8_H,4,3522,true,0,0,0,
mv_11_4_8_to_9_5_6_H,3,3555,true,0,0,0,
mv_11_4_9_to_10_4_7_H,3,3555,true,0,0,0,
mv_11_4_9_to_11_3_7_H,6,4634,true,0,0,0,
mv_11_4_9_to_12_6_7_H,6,1752,true,0,0,0,
mv_11_4_9_to_13_5_10_H,6,4634,true,0,0,0,
mv_11_4_9_to_9_4_9_H,6,4634,true,0,0,0,
mv_11_5_9_to_10_4_7_H,3,3555,true,0,0,0,
mv_11_5_9_to_10_7_7_H,3,3555,true,0,0,0,
mv_11_5_9_to_11_5_7_H,3,3555,true,0,0,0,
mv_11_5_9_to_13_3_8_H,6,1729,true,0,0,0,
mv_11_5_9_to_13_6_9_H,6,15,true,0,0,0,
mv_11_5_9_to_9_7_8_H,3,3555,true,0,0,0,
mv_12_3_1_to_11_1_1_H,5,2915,true,0,0,0,
mv_12_3_1_to_11_4_2_H,2,4159,true,0,0,0,
mv_12_3_1_to_12_2_3_H,2,4159,true,0,0,0,
mv_12_3_1_to_12_5_3_H,5,2915,true,0,0,0,
mv_12_3_1_to_13_4_3_H,4,3514,true,0,0,0,
mv_12_4_1_to_10_4_1_H,5,3491,true,0,0,0,
mv_12_4_1_to_11_4_3_H,2,4159,true,0,0,0,
mv_12_4_1_to_12_3_0_H,5,3491,true,0,0,0,
mv_12_4_1_to_13_3_3_H,4,5862,true,0,0,0,
mv_12_4_2_to_10_2_1_H,3,4121,true,0,0,0,
mv_12_4_2_to_11_2_1_H,3,4121,true,0,0,0,
mv_12_4_2_to_11_4_3_H,2,4159,true,0,0,0,
mv_12_4_2_to_12_2_3_H,2,4159,true,0,0,0,
mv_12_4_2_to_12_4_0_H,3,4121,true,0,0,0,
mv_12_4_2_to_13_3_3_H,3,4121,true,0,0,0,
mv_12_4_2_to_14_2_3_H,3,4121,true,0,0,0,
mv_12_4_3_to_10_4_1_H,2,2953,true,0,0,0,
mv_12_4_3_to_11_2_5_H,2,2953,true,0,0,0,
mv_12_4_3_to_11_4_5_H,2,2953,true,0,0,0,
mv_12_4_3_to_12_2_3_H,2,4159,true,0,0,0,
mv_12_4_3_to_12_5_1_H,2,2953,true,0,0,0,
mv_12_4_3_to_13_4_1_H,2,2953,true,0,0,0,
mv_12_4_3_to_14_3_4_H,2,2953,true,0,0,0,
mv_12_4_4_to_10_4_5_H,2,3541,true,0,0,0,
mv_12_4_4_to_11_3_4_H,2,4159,true,0,0,0,
mv_12_4_4_to_11_5_4_H,2,3541,true,0,0,0,
mv_12_4_4_to_12_3_3_H,2,4159,true,0,0,0,
mv_12_4_4_to_13_3_2_H,2,3541,true,0,0,0,
mv_12_4_4_to_13_5_6_H,2,3542,true,0,0,0,
mv_12_5_7_to_10_4_5_R,3,2949,true,0,0,0,
mv_12_5_7_to_11_3_6_R,5,2925,true,0,0,0,
mv_12_5_7_to_12_4_9_R,3,5325,true,0,0,0,
mv_12_5_7_to_14_4_7_R,5,2925,true,0,0,0,
mv_12_5_8_to_10_5_6_R,2,4746,true,0,0,0,
mv_12_5_8_to_11_4_10_R,3,3554,true,0,0,0,
mv_12_5_8_to_13_3_8_R,3,3554,true,0,0,0,
mv_12_5_8_to_14_5_7_R,3,3554,true,0,0,0,
mv_13_4_7_to_11_3_8_S,3,5325,true,0,0,0,
mv_13_4_7_to_11_6_9_S,3,5325,true,0,0,0,
mv_13_4_7_to_12_6_7_S,6,23,true,0,0,0,
mv_13_4_7_to_13_6_7_S,5,2925,true,0,0,0,
mv_13_4_7_to_14_5_8_S,5,2925,true,0,0,0,
mv_13_4_8_to_11_3_9_S,3,5325,true,0,0,0,
mv_13_4_8_to_11_6_9_S,3,5325,true,0,0,0,
mv_13_4_8_to_12_6_8_S,5,2925,true,0,0,0,
mv_13_4_8_to_13_5_6_S,5,2925,true,0,0,0,
mv_13_4_8_to_14_5_7_S,5,2925,true,0,0,0,
mv_13_5_7_to_11_3_8_S,6,3508,true,0,0,0,
mv_13_5_7_to_11_6_9_S,6,3508,true,0,0,0,
mv_13_5_7_to_12_6_7_S,6,2337,true,0,0,0,
mv_13_5_7_to_13_4_9_S,6,3508,true,0,0,0,
mv_13_5_7_to_14_5_8_S,6,3508,true,0,0,0,
mv_13_5_8_to_11_3_9_S,3,3554,true,0,0,0,
mv_13_5_8_to_11_6_9_S,3,3554,true,0,0,0,
mv_13_5_8_to_12_6_8_S,3,3554,true,0,0,0,
mv_13_5_8_to_13_5_10_S,3,3554,true,0,0,0,
mv_13_5_8_to_14_4_8_S,3,3554,true,0,0,0,
mv_13_5_9_to_11_3_9_S,3,5325,true,0,0,0,
mv_13_5_9_to_12_4_9_S,3,5325,true,0,0,0,
mv_13_5_9_to_13_4_9_S,5,2925,true,0,0,0,
mv_13_5_9_to_14_5_7_S,5,2925,true,0,0,0,
mv_14_3_2_to_12_3_4_R,5,2925,true,0,0,0,
mv_14_3_2_to_13_4_4_R,4,7038,true,0,0,0,
mv_14_3_2_to_15_5_2_R,5,2925,true,0,0,0,
mv_14_3_3_to_12_2_3_R,2,4159,true,0,0,0,
mv_14_3_3_to_13_4_1_R,2,5930,true,0,0,0,
mv_14_3_3_to_15_4_4_R,6,4045,true,0,0,0,
mv_15_3_1_to_13_3_3_H,5,4089,true,0,0,0,
mv_15_3_1_to_14_2_3_H,5,4089,true,0,0,0,
mv_15_3_1_to_15_5_3_H,5,5830,true,0,0,0,
mv_15_3_2_to_13_3_2_H,2,5930,true,0,0,0,
mv_15_3_2_to_13_4_4_H,3,5313,true,0,0,0,
mv_15_3_2_to_15_2_3_H,3,5313,true,0,0,0,
mv_15_3_2_to_15_5_2_H,3,5313,true,0,0,0,
mv_15_3_2_to_16_4_3_H,3,5313,true,0,0,0,
mv_15_3_3_to_13_4_3_H,3,5313,true,0,0,0,
mv_15_3_3_to_15_2_1_H,5,4095,true,0,0,0,
mv_15_3_3_to_15_5_3_H,5,4095,true,0,0,0,
mv_15_4_2_to_13_3_2_H,3,5313,true,0,0,0,
mv_15_4_2_to_13_4_4_H,3,5313,true,0,0,0,
mv_15_4_2_to_15_2_2_H,6,4041,true,0,0,0,
mv_15_4_2_to_15_4_4_H,4,7042,true,0,0,0,
mv_15_4_2_to_16_4_3_H,6,4044,true,0,0,0,
mv_15_4_3_to_13_4_3_H,2,5930,true,0,0,0,
mv_15_4_3_to_15_2_1_H,5,5246,true,0,0,0,
mv_15_4_3_to_15_5_2_H,5,5246,true,0,0,0,
mv_2_5_4_to_2_6_6_H,0,1,true,0,0,0,
mv_2_5_4_to_3_6_4_H,0,0,true,0,0,0,
mv_2_5_4_to_4_4_6_H,0,0,true,0,0,0,
mv_2_5_4_to_4_7_6_H,0,1,true,0,0,0,
mv_3_3_7_to_3_2_8_H,1,0,true,0,0,0,
mv_3_3_7_to_4_1_6_H,1,0,true,0,0,0,
mv_3_3_7_to_4_3_8_H,1,0,true,0,0,0,
mv_3_3_7_to_5_1_6_H,1,0,true,0,0,0,
mv_3_3_7_to_5_3_7_H,1,0,true,0,0,0,
mv_3_3_7_to_5_5_8_H,1,0,true,0,0,0,
mv_3_4_7_to_3_2_6_H,1,0,true,0,0,0,
mv_3_4_7_to_3_6_5_H,1,2379,true,0,0,0,
mv_3_4_7_to_4_4_6_H,1,0,true,0,0,0,
mv_3_4_7_to_5_2_9_H,1,0,true,0,0,0,
mv_3_4_7_to_5_4_6_H,1,0,true,0,0,0,
mv_3_5_4_to_2_4_4_H,0,0,true,0,0,0,
mv_3_5_4_to_3_4_6_H,0,0,true,0,0,0,
mv_3_5_4_to_4_4_6_H,0,0,true,0,0,0,
mv_3_5_4_to_4_7_6_H,0,1,true,0,0,0,
mv_3_5_4_to_5_4_6_H,0,0,true,0,0,0,
mv_3_6_6_to_2_4_4_H,0,0,true,0,0,0,
mv_3_6_6_to_3_4_8_H,1,0,true,0,0,0,
mv_3_6_6_to_4_4_6_H,1,0,true,0,0,0,
mv_3_6_6_to_4_6_7_H,1,2379,true,0,0,0,
mv_3_6_6_to_5_4_6_H,1,0,true,0,0,0,
mv_3_6_6_to_5_7_7_H,1,0,true,0,0,0,
mv_4_2_5_to_3_2_7_H,1,0,true,0,0,0,
mv_4_2_5_to_4_3_7_H,2,1182,true,0,0,0,
mv_4_2_5_to_5_1_7_H,2,0,true,0,0,0,
mv_4_2_5_to_5_4_4_H,2,0,true,0,0,0,
mv_4_2_5_to_6_0_6_H,2,0,true,0,0,0,
mv_4_2_5_to_6_2_6_H,2,0,true,0,0,0,
mv_4_2_5_to_6_4_7_H,2,1182,true,0,0,0,
mv_4_2_6_to_3_4_6_R,3,1,true,0,0,0,
mv_4_2_6_to_5_1_4_R,3,2,true,0,0,0,
mv_4_2_6_to_5_4_8_R,3,580,true,0,0,0,
mv_4_2_6_to_6_4_5_R,3,587,true,0,0,0,
mv_4_2_8_to_4_1_6_R,2,579,true,0,0,0,
mv_4_2_8_to_5_3_9_R,6,2330,true,0,0,0,
mv_4_2_8_to_6_4_7_R,3,2355,true,0,0,0,
mv_4_4_7_to_3_2_5_S,1,0,true,0,0,0,
mv_4_4_7_to_3_4_6_S,1,0,true,0,0,0,
mv_4_4_7_to_4_3_5_S,1,0,true,0,0,0,
mv_4_4_7_to_4_6_7_S,1,2379,true,0,0,0,
mv_4_4_7_to_5_4_5_S,1,0,true,0,0,0,
mv_4_4_7_to_6_2_5_S,1,0,true,0,0,0,
mv_4_4_7_to_6_3_8_S,1,0,true,0,0,0,
mv_4_4_7_to_6_5_7_S,1,0,true,0,0,0,
mv_4_5_4_to_2_5_5_S,0,0,true,0,0,0,
mv_4_5_4_to_3_5_3_S,0,0,true,0,0,0,
mv_4_5_4_to_4_4_6_S,0,1,true,0,0,0,
mv_4_5_4_to_5_3_3_S,0,0,true,0,0,0,
mv_4_5_4_to_5_5_3_S,0,1161,true,0,0,0,
mv_4_5_4_to_6_4_5_S,0,0,true,0,0,0,
mv_4_5_4_to_6_6_4_S,0,1791,true,0,0,0,
mv_4_5_7_to_2_4_7_R,0,2368,true,0,0,0,
mv_4_5_7_to_4_3_7_R,1,2368,true,0,0,0,
mv_4_5_7_to_5_3_9_R,1,2368,true,0,0,0,
mv_4_5_7_to_6_4_5_R,1,2368,true,0,0,0,
mv_4_6_5_to_2_4_7_R,2,1181,true,0,0,0,
mv_4_6_5_to_3_7_6_R,2,2352,true,0,0,0,
mv_4_6_5_to_5_4_6_R,2,1181,true,0,0,0,
mv_4_6_5_to_6_5_7_R,2,1181,true,0,0,0,
mv_4_6_6_to_2_4_4_H,0,0,true,0,0,0,
mv_4_6_6_to_3_4_6_H,1,0,true,0,0,0,
mv_4_6_6_to_3_7_6_H,1,0,true,0,0,0,
mv_4_6_6_to_4_5_8_H,1,0,true,0,0,0,
mv_4_6_6_to_5_4_5_H,1,0,true,0,0,0,
mv_4_6_6_to_5_7_6_H,1,2379,true,0,0,0,
mv_4_6_6_to_6_5_5_H,1,0,true,0,0,0,
mv_4_6_6_to_6_7_4_H,1,2379,true,0,0,0,
mv_5_2_5_to_3_2_6_H,1,0,true,0,0,0,
mv_5_2_5_to_4_1_5_H,2,0,true,0,0,0,
mv_5_2_5_to_4_4_6_H,2,0,true,0,0,0,
mv_5_2_5_to_5_3_5_H,2,0,true,0,0,0,
mv_5_2_5_to_6_0_3_H,2,0,true,0,0,0,
mv_5_2_5_to_6_2_4_H,2,0,true,0,0,0,
mv_5_2_5_to_6_4_6_H,2,0,true,0,0,0,
mv_5_2_5_to_7_3_5_H,2,0,true,0,0,0,
mv_5_2_6_to_3_2_8_H,1,586,true,0,0,0,
mv_5_2_6_to_4_1_5_H,2,586,true,0,0,0,
mv_5_2_6_to_4_3_8_H,2,1784,true,0,0,0,
mv_5_2_6_to_5_1_7_H,2,586,true,0,0,0,
mv_5_2_6_to_5_4_4_H,2,586,true,0,0,0,
mv_5_2_6_to_6_0_6_H,2,586,true,0,0,0,
mv_5_2_6_to_6_3_6_H,2,586,true,0,0,0,
mv_5_2_6_to_7_0_7_H,2,586,true,0,0,0,
mv_5_2_7_to_3_2_5_H,1,3,true,0,0,0,
mv_5_2_7_to_3_4_6_H,1,3,true,0,0,0,
mv_5_2_7_to_4_2_9_H,2,3,true,0,0,0,
mv_5_2_7_to_4_4_8_H,2,3,true,0,0,0,
mv_5_2_7_to_5_3_7_H,2,590,true,0,0,0,
mv_5_2_7_to_6_0_6_H,2,3,true,0,0,0,
mv_5_2_7_to_6_3_8_H,2,590,true,0,0,0,
mv_5_2_7_to_7_1_6_H,2,3,true,0,0,0,
mv_5_2_8_to_3_2_7_H,1,579,true,0,0,0,
mv_5_2_8_to_4_1_6_H,2,579,true,0,0,0,
mv_5_2_8_to_4_4_6_H,2,579,true,0,0,0,
mv_5_2_8_to_5_3_9_H,2,579,true,0,0,0,
mv_5_2_8_to_6_2_7_H,2,579,true,0,0,0,
mv_5_2_8_to_7_0_7_H,2,579,true,0,0,0,
mv_5_3_6_to_3_2_8_H,1,3,true,0,0,0,
mv_5_3_6_to_3_5_7_H,1,3,true,0,0,0,
mv_5_3_6_to_4_3_7_H,2,1784,true,0,0,0,
mv_5_3_6_to_4_5_6_H,1,1194,true,0,0,0,
mv_5_3_6_to_5_1_8_H,3,3,true,0,0,0,
mv_5_3_6_to_5_4_5_H,1,1194,true,0,0,0,
mv_5_3_6_to_6_2_5_H,3,2370,true,0,0,0,
mv_5_3_6_to_6_4_5_H,3,589,true,0,0,0,
mv_5_3_6_to_7_1_6_H,3,3,true,0,0,0,
mv_5_3_6_to_7_5_6_H,3,10,true,0,0,0,
mv_5_3_8_to_3_2_8_H,1,4,true,0,0,0,
mv_5_3_8_to_4_1_6_H,2,4,true,0,0,0,
mv_5_3_8_to_4_4_6_H,2,4,true,0,0,0,
mv_5_3_8_to_5_1_7_H,3,4,true,0,0,0,
mv_5_3_8_to_5_4_8_H,3,4,true,0,0,0,
mv_5_3_8_to_6_3_6_H,6,4,true,0,0,0,
mv_5_3_8_to_7_5_6_H,3,1183,true,0,0,0,
mv_5_4_7_to_3_2_7_H,1,0,true,0,0,0,
mv_5_4_7_to_3_5_7_H,1,0,true,0,0,0,
mv_5_4_7_to_4_3_8_H,1,0,true,0,0,0,
mv_5_4_7_to_4_6_7_H,1,2379,true,0,0,0,
mv_5_4_7_to_5_4_5_H,1,2379,true,0,0,0,
mv_5_4_7_to_6_2_5_H,1,598,true,0,0,0,
mv_5_4_7_to_6_3_8_H,1,0,true,0,0,0,
mv_5_4_7_to_6_6_6_H,1,2379,true,0,0,0,
mv_5_4_7_to_7_5_5_H,1,1174,true,0,0,0,
mv_5_5_4_to_3_3_6_H,0,0,true,0,0,0,
mv_5_5_4_to_3_6_5_H,0,1,true,0,0,0,
mv_5_5_4_to_4_5_3_H,0,0,true,0,0,0,
mv_5_5_4_to_5_3_3_H,0,1765,true,0,0,0,
mv_5_5_4_to_5_7_3_H,0,0,true,0,0,0,
mv_5_5_4_to_6_4_6_H,0,0,true,0,0,0,
mv_5_5_4_to_6_6_6_H,0,1,true,0,0,0,
mv_5_5_4_to_7_3_5_H,0,0,true,0,0,0,
mv_5_5_4_to_7_5_6_H,0,4,true,0,0,0,
mv_5_5_5_to_3_4_4_H,1,2352,true,0,0,0,
mv_5_5_5_to_3_6_5_H,3,2352,true,0,0,0,
mv_5_5_5_to_4_4_6_H,2,2352,true,0,0,0,
mv_5_5_5_to_4_7_5_H,2,2352,true,0,0,0,
mv_5_5_5_to_5_4_4_H,3,2352,true,0,0,0,
mv_5_5_5_to_5_7_7_H,3,2352,true,0,0,0,
mv_5_5_5_to_6_5_3_H,3,2352,true,0,0,0,
mv_5_5_5_to_6_6_6_H,1,1783,true,0,0,0,
mv_5_5_5_to_7_3_5_H,3,2352,true,0,0,0,
mv_5_5_5_to_7_5_7_H,3,2963,true,0,0,0,
mv_5_5_6_to_3_4_4_H,1,2933,true,0,0,0,
mv_5_5_6_to_3_6_5_H,1,2379,true,0,0,0,
mv_5_5_6_to_4_4_4_H,2,2933,true,0,0,0,
mv_5_5_6_to_4_6_4_H,1,1791,true,0,0,0,
mv_5_5_6_to_5_3_7_H,2,2956,true,0,0,0,
mv_5_5_6_to_5_5_8_H,3,2933,true,0,0,0,
mv_5_5_6_to_6_3_8_H,3,2933,true,0,0,0,
mv_5_5_6_to_6_5_7_H,3,2933,true,0,0,0,
mv_5_5_6_to_6_7_5_H,1,2379,true,0,0,0,
mv_5_5_6_to_7_5_6_H,2,2956,true,0,0,0,
mv_5_5_6_to_7_7_7_H,3,2933,true,0,0,0,
mv_5_5_7_to_3_6_5_H,1,2379,true,0,0,0,
mv_5_5_7_to_4_4_6_H,1,0,true,0,0,0,
mv_5_5_7_to_4_7_5_H,1,0,true,0,0,0,
mv_5_5_7_to_5_4_5_H,1,2379,true,0,0,0,
mv_5_5_7_to_5_7_7_H,1,0,true,0,0,0,
mv_5_5_7_to_6_4_7_H,1,0,true,0,0,0,
mv_5_5_7_to_6_7_5_H,1,2379,true,0,0,0,
mv_5_5_7_to_7_5_6_H,1,0,true,0,0,0,
mv_5_6_4_to_3_4_4_H,1,1181,true,0,0,0,
mv_5_6_4_to_3_7_6_H,3,1181,true,0,0,0,
mv_5_6_4_to_4_6_4_H,1,1791,true,0,0,0,
mv_5_6_4_to_5_4_6_H,3,1181,true,0,0,0,
mv_5_6_4_to_6_4_6_H,3,1181,true,0,0,0,
mv_5_6_4_to_6_6_6_H,1,1783,true,0,0,0,
mv_5_6_4_to_6_8_6_H,3,1181,true,0,0,0,
mv_5_6_4_to_7_5_6_H,3,6,true,0,0,0,
mv_5_6_4_to_7_8_4_H,3,1181,true,0,0,0,
mv_5_6_5_to_3_5_3_H,1,2,true,0,0,0,
mv_5_6_5_to_4_4_4_H,1,2,true,0,0,0,
mv_5_6_5_to_4_6_7_H,1,2,true,0,0,0,
mv_5_6_5_to_5_4_6_H,1,2,true,0,0,0,
mv_5_6_5_to_6_4_5_H,1,2,true,0,0,0,
mv_5_6_5_to_6_5_7_H,1,2,true,0,0,0,
mv_5_6_5_to_6_7_4_H,1,1782,true,0,0,0,
mv_5_6_5_to_7_4_5_H,1,2,true,0,0,0,
mv_5_6_5_to_7_6_4_H,1,2,true,0,0,0,
mv_5_6_5_to_7_8_5_H,1,2,true,0,0,0,
mv_5_6_6_to_3_5_7_H,1,0,true,0,0,0,
mv_5_6_6_to_4_4_6_H,1,0,true,0,0,0,
mv_5_6_6_to_4_6_7_H,1,0,true,0,0,0,
mv_5_6_6_to_5_4_6_H,1,0,true,0,0,0,
mv_5_6_6_to_5_7_7_H,1,0,true,0,0,0,
mv_5_6_6_to_6_5_7_H,1,0,true,0,0,0,
mv_5_6_6_to_6_7_5_H,1,2379,true,0,0,0,
mv_5_6_6_to_7_5_6_H,1,0,true,0,0,0,
mv_5_6_6_to_7_7_7_H,1,0,true,0,0,0,
mv_5_6_7_to_3_4_8_H,1,0,true,0,0,0,
mv_5_6_7_to_4_4_8_H,2,0,true,0,0,0,
mv_5_6_7_to_4_7_6_H,1,2379,true,0,0,0,
mv_5_6_7_to_5_7_6_H,1,2379,true,0,0,0,
mv_5_6_7_to_6_5_7_H,3,0,true,0,0,0,
mv_5_6_7_to_7_4_5_H,3,0,true,0,0,0,
mv_5_6_7_to_7_6_7_H,3,0,true,0,0,0,
mv_6_1_4_to_4_3_5_R,3,2952,true,0,0,0,
mv_6_1_4_to_6_2_6_R,3,2952,true,0,0,0,
mv_6_1_4_to_7_3_5_R,0,2976,true,0,0,0,
mv_6_1_4_to_8_3_4_R,0,2976,true,0,0,0,
mv_6_3_3_to_5_1_4_S,3,0,true,0,0,0,
mv_6_3_3_to_5_5_3_S,0,1200,true,0,0,0,
mv_6_3_3_to_6_4_5_S,3,0,true,0,0,0,
mv_6_3_3_to_7_3_2_S,3,0,true,0,0,0,
mv_6_3_3_to_7_5_5_S,0,1796,true,0,0,0,
mv_6_3_3_to_8_4_3_S,0,1200,true,0,0,0,
mv_6_4_4_to_4_6_4_R,0,1193,true,0,0,0,
mv_6_4_4_to_6_2_5_R,0,2968,true,0,0,0,
mv_6_4_4_to_7_2_2_R,0,2968,true,0,0,0,
mv_6_4_4_to_7_6_4_R,0,1192,true,0,0,0,
mv_6_5_4_to_4_3_5_S,0,1776,true,0,0,0,
mv_6_5_4_to_4_6_4_S,0,0,true,0,0,0,
mv_6_5_4_to_5_4_4_S,0,0,true,0,0,0,
mv_6_5_4_to_5_7_6_S,0,0,true,0,0,0,
mv_6_5_4_to_6_5_5_S,0,1,true,0,0,0,
mv_6_5_4_to_6_7_4_S,0,1,true,0,0,0,
mv_6_5_4_to_7_4_5_S,0,0,true,0,0,0,
mv_6_5_4_to_7_6_4_S,0,4187,true,0,0,0,
mv_6_5_4_to_8_4_4_S,0,0,true,0,0,0,
mv_6_5_4_to_8_7_3_S,0,0,true,0,0,0,
mv_6_5_6_to_4_3_7_S,3,2354,true,0,0,0,
mv_6_5_6_to_4_5_6_S,1,2379,true,0,0,0,
mv_6_5_6_to_4_7_6_S,2,3526,true,0,0,0,
mv_6_5_6_to_5_4_6_S,1,3584,true,0,0,0,
mv_6_5_6_to_5_7_7_S,3,2354,true,0,0,0,
mv_6_5_6_to_6_5_5_S,0,2393,true,0,0,0,
mv_6_5_6_to_6_7_4_S,1,2379,true,0,0,0,
mv_6_5_6_to_7_5_5_S,0,2392,true,0,0,0,
mv_6_5_6_to_7_7_7_S,2,4162,true,0,0,0,
mv_6_5_6_to_8_6_6_S,4,5299,true,0,0,0,
mv_6_7_3_to_4_6_4_R,0,2393,true,0,0,0,
mv_6_7_3_to_7_5_5_R,0,2392,true,0,0,0,
mv_6_7_3_to_8_7_3_R,3,2353,true,0,0,0,
mv_6_7_6_to_5_6_8_R,3,2354,true,0,0,0,
mv_6_7_6_to_7_5_5_R,0,2392,true,0,0,0,
mv_6_7_6_to_8_5_4_R,0,4168,true,0,0,0,
mv_7_0_3_to_6_1_3_R,3,4093,true,0,0,0,
mv_7_0_3_to_8_1_2_R,1,4166,true,0,0,0,
mv_7_0_6_to_5_1_7_R,3,4125,true,0,0,0,
mv_7_0_6_to_7_2_5_R,3,3511,true,0,0,0,
mv_7_0_6_to_9_1_4_R,3,4117,true,0,0,0,
mv_7_1_4_to_5_3_5_S,3,2952,true,0,0,0,
mv_7_1_4_to_6_2_3_S,3,0,true,0,0,0,
mv_7_1_4_to_6_3_6_S,3,0,true,0,0,0,
mv_7_1_4_to_7_2_2_S,3,0,true,0,0,0,
mv_7_1_4_to_8_-1_4_S,1,5366,true,0,0,0,
mv_7_1_4_to_8_1_5_S,1,5366,true,0,0,0,
mv_7_1_4_to_9_0_4_S,1,5366,true,0,0,0,
mv_7_1_4_to_9_2_2_S,3,0,true,0,0,0,
mv_7_1_5_to_5_1_7_S,3,2952,true,0,0,0,
mv_7_1_5_to_6_0_3_S,3,2952,true,0,0,0,
mv_7_1_5_to_6_2_4_S,3,2968,true,0,0,0,
mv_7_1_5_to_7_-1_3_S,3,2952,true,0,0,0,
mv_7_1_5_to_7_3_5_S,0,3572,true,0,0,0,
mv_7_1_5_to_8_0_7_S,1,4770,true,0,0,0,
mv_7_1_5_to_9_0_3_S,1,4770,true,0,0,0,
mv_7_1_5_to_9_1_4_S,1,4770,true,0,0,0,
mv_7_2_3_to_5_3_5_S,3,2952,true,0,0,0,
mv_7_2_3_to_6_1_3_S,3,0,true,0,0,0,
mv_7_2_3_to_6_4_5_S,3,0,true,0,0,0,
mv_7_2_3_to_7_4_2_S,0,1200,true,0,0,0,
mv_7_2_3_to_8_3_3_S,1,3566,true,0,0,0,
mv_7_2_3_to_9_0_4_S,1,5366,true,0,0,0,
mv_7_2_3_to_9_3_2_S,2,4159,true,0,0,0,
mv_7_2_4_to_5_3_3_S,3,2952,true,0,0,0,
mv_7_2_4_to_6_0_3_S,3,2952,true,0,0,0,
mv_7_2_4_to_6_2_4_S,3,2968,true,0,0,0,
mv_7_2_4_to_6_4_5_S,3,2952,true,0,0,0,
mv_7_2_4_to_7_2_5_S,3,2952,true,0,0,0,
mv_7_2_4_to_8_0_2_S,1,4770,true,0,0,0,
mv_7_2_4_to_8_3_4_S,0,2976,true,0,0,0,
mv_7_2_4_to_9_0_5_S,1,4770,true,0,0,0,
mv_7_2_4_to_9_3_2_S,2,3565,true,0,0,0,
mv_7_3_3_to_5_3_3_S,3,0,true,0,0,0,
mv_7_3_3_to_6_1_3_S,3,0,true,0,0,0,
mv_7_3_3_to_6_4_5_S,3,0,true,0,0,0,
mv_7_3_3_to_7_3_5_S,0,2976,true,0,0,0,
mv_7_3_3_to_8_1_2_S,1,5366,true,0,0,0,
mv_7_3_3_to_8_5_4_S,0,1200,true,0,0,0,
mv_7_3_3_to_9_3_3_S,2,4159,true,0,0,0,
mv_7_3_4_to_5_3_3_S,2,0,true,0,0,0,
mv_7_3_4_to_5_5_3_S,2,0,true,0,0,0,
mv_7_3_4_to_6_2_6_S,2,1776,true,0,0,0,
mv_7_3_4_to_6_5_3_S,1,2983,true,0,0,0,
mv_7_3_4_to_7_3_2_S,2,0,true,0,0,0,
mv_7_3_4_to_7_5_6_S,2,4,true,0,0,0,
mv_7_3_4_to_8_4_3_S,2,0,true,0,0,0,
mv_7_3_4_to_9_2_2_S,2,0,true,0,0,0,
mv_7_3_4_to_9_5_6_S,2,1783,true,0,0,0,
mv_7_4_3_to_5_4_5_S,2,3,true,0,0,0,
mv_7_4_3_to_6_3_2_S,2,3,true,0,0,0,
mv_7_4_3_to_6_6_4_S,1,1189,true,0,0,0,
mv_7_4_3_to_7_4_5_S,2,3,true,0,0,0,
mv_7_4_3_to_8_3_3_S,1,2968,true,0,0,0,
mv_7_4_3_to_8_6_5_S,2,3,true,0,0,0,
mv_7_4_3_to_9_6_4_S,2,3,true,0,0,0,
mv_7_4_4_to_5_4_5_S,0,0,true,0,0,0,
mv_7_4_4_to_6_2_5_S,0,1776,true,0,0,0,
mv_7_4_4_to_6_4_6_S,0,1794,true,0,0,0,
mv_7_4_4_to_6_6_6_S,0,1,true,0,0,0,
mv_7_4_4_to_7_4_2_S,0,0,true,0,0,0,
mv_7_4_4_to_7_6_4_S,0,1795,true,0,0,0,
mv_7_4_4_to_8_6_3_S,0,0,true,0,0,0,
mv_7_4_4_to_9_3_3_S,0,4159,true,0,0,0,
mv_7_5_4_to_5_3_3_S,0,0,true,0,0,0,
mv_7_5_4_to_5_5_3_S,0,0,true,0,0,0,
mv_7_5_4_to_6_4_5_S,0,0,true,0,0,0,
mv_7_5_4_to_6_6_4_S,0,1,true,0,0,0,
mv_7_5_4_to_7_3_2_S,0,0,true,0,0,0,
mv_7_5_4_to_7_5_6_S,0,5,true,0,0,0,
mv_7_5_4_to_8_3_4_S,0,3,true,0,0,0,
mv_7_5_4_to_8_6_6_S,0,594,true,0,0,0,
mv_7_5_4_to_9_3_2_S,0,4159,true,0,0,0,
mv_7_5_4_to_9_6_4_S,0,0,true,0,0,0,
mv_7_6_3_to_5_5_3_S,0,4168,true,0,0,0,
mv_7_6_3_to_6_6_3_S,1,2379,true,0,0,0,
mv_7_6_3_to_6_8_3_S,4,2920,true,0,0,0,
mv_7_6_3_to_7_6_4_S,0,3589,true,0,0,0,
mv_7_6_3_to_8_4_3_S,0,4168,true,0,0,0,
mv_7_6_3_to_8_7_4_S,4,2920,true,0,0,0,
mv_7_7_3_to_5_5_3_S,0,2393,true,0,0,0,
mv_7_7_3_to_6_6_4_S,0,2393,true,0,0,0,
mv_7_7_3_to_7_5_3_S,0,2991,true,0,0,0,
mv_7_7_3_to_7_8_5_S,3,2353,true,0,0,0,
mv_7_7_3_to_8_7_5_S,3,2353,true,0,0,0,
mv_7_7_4_to_5_7_3_S,3,2353,true,0,0,0,
mv_7_7_4_to_6_6_4_S,0,2393,true,0,0,0,
mv_7_7_4_to_6_8_3_S,3,2353,true,0,0,0,
mv_7_7_4_to_7_6_2_S,3,2353,true,0,0,0,
mv_7_7_4_to_7_8_6_S,3,2353,true,0,0,0,
mv_7_7_4_to_8_7_3_S,3,2353,true,0,0,0,
mv_7_7_4_to_9_6_4_S,2,1187,true,0,0,0,
mv_7_7_5_to_5_7_6_S,2,2369,true,0,0,0,
mv_7_7_5_to_6_6_3_S,1,2379,true,0,0,0,
mv_7_7_5_to_6_7_5_S,1,2379,true,0,0,0,
mv_7_7_5_to_7_5_5_S,0,2988,true,0,0,0,
mv_7_7_5_to_7_7_7_S,2,2369,true,0,0,0,
mv_7_7_5_to_8_6_3_S,2,2369,true,0,0,0,
mv_7_7_5_to_8_7_6_S,2,2369,true,0,0,0,
mv_7_7_5_to_9_7_6_S,2,2369,true,0,0,0,
mv_7_7_6_to_5_7_7_S,2,2964,true,0,0,0,
mv_7_7_6_to_6_6_7_S,2,2964,true,0,0,0,
mv_7_7_6_to_7_5_5_S,0,2988,true,0,0,0,
mv_7_7_6_to_7_6_7_S,2,2964,true,0,0,0,
mv_7_7_6_to_8_6_6_S,2,2964,true,0,0,0,
mv_7_7_6_to_9_5_6_S,3,2944,true,0,0,0,
mv_7_7_6_to_9_7_6_S,3,2354,true,0,0,0,
mv_8_0_3_to_10_2_3_S,2,2969,true,0,0,0,
mv_8_0_3_to_6_2_3_S,3,4093,true,0,0,0,
mv_8_0_3_to_7_2_2_S,3,4093,true,0,0,0,
mv_8_0_3_to_8_1_5_S,3,4093,true,0,0,0,
mv_8_0_3_to_9_2_2_S,3,4093,true,0,0,0,
mv_8_0_4_to_6_0_4_S,2,2948,true,0,0,0,
mv_8_0_4_to_6_2_5_S,2,2960,true,0,0,0,
mv_8_0_4_to_7_1_6_S,2,2960,true,0,0,0,
mv_8_0_4_to_8_-1_6_S,2,2948,true,0,0,0,
mv_8_0_4_to_9_0_3_S,2,2948,true,0,0,0,
mv_8_0_4_to_9_2_2_S,2,2948,true,0,0,0,
mv_8_0_5_to_6_0_6_S,3,4094,true,0,0,0,
mv_8_0_5_to_6_2_6_S,3,4125,true,0,0,0,
mv_8_0_5_to_7_1_6_S,3,4125,true,0,0,0,
mv_8_0_5_to_8_0_7_S,3,4094,true,0,0,0,
mv_8_0_5_to_9_0_6_S,3,4094,true,0,0,0,
mv_8_0_6_to_6_0_6_S,3,4102,true,0,0,0,
mv_8_0_6_to_6_2_8_S,3,4125,true,0,0,0,
mv_8_0_6_to_8_-1_4_S,3,4102,true,0,0,0,
mv_8_0_6_to_9_1_4_S,3,4102,true,0,0,0,
mv_8_1_3_to_6_0_3_S,3,3546,true,0,0,0,
mv_8_1_3_to_6_2_5_S,3,3546,true,0,0,0,
mv_8_1_3_to_7_2_5_S,3,3546,true,0,0,0,
mv_8_1_3_to_8_-1_5_S,3,3546,true,0,0,0,
mv_8_1_3_to_9_0_3_S,3,3546,true,0,0,0,
mv_8_1_3_to_9_3_2_S,2,2371,true,0,0,0,
mv_8_1_4_to_10_3_6_S,1,3566,true,0,0,0,
mv_8_1_4_to_6_2_3_S,1,3566,true,0,0,0,
mv_8_1_4_to_6_3_6_S,1,3566,true,0,0,0,
mv_8_1_4_to_7_2_2_S,1,3566,true,0,0,0,
mv_8_1_4_to_8_-1_4_S,1,3566,true,0,0,0,
mv_8_1_4_to_8_1_5_S,1,3566,true,0,0,0,
mv_8_1_4_to_9_0_4_S,1,3566,true,0,0,0,
mv_8_1_4_to_9_3_2_S,1,5355,true,0,0,0,
mv_8_5_7_to_10_4_7_S,3,2354,true,0,0,0,
mv_8_5_7_to_10_6_5_S,3,2354,true,0,0,0,
mv_8_5_7_to_6_3_8_S,3,2354,true,0,0,0,
mv_8_5_7_to_6_5_7_S,2,2964,true,0,0,0,
mv_8_5_7_to_7_3_5_S,0,2392,true,0,0,0,
mv_8_5_7_to_7_6_7_S,2,2964,true,0,0,0,
mv_8_5_7_to_8_6_8_S,3,2354,true,0,0,0,
mv_8_5_7_to_9_4_9_S,3,2354,true,0,0,0,
mv_8_5_7_to_9_7_5_S,3,2354,true,0,0,0,
mv_8_5_8_to_10_4_10_S,3,2354,true,0,0,0,
mv_8_5_8_to_10_5_9_S,3,2354,true,0,0,0,
mv_8_5_8_to_6_3_8_S,3,2354,true,0,0,0,
mv_8_5_8_to_6_6_7_S,3,2354,true,0,0,0,
mv_8_5_8_to_7_7_7_S,3,1786,true,0,0,0,
mv_8_5_8_to_9_4_7_S,3,3554,true,0,0,0,
mv_8_5_8_to_9_7_6_S,3,2354,true,0,0,0,
mv_8_6_7_to_10_6_6_R,2,3560,true,0,0,0,
mv_8_6_7_to_6_7_5_R,1,2379,true,0,0,0,
mv_8_6_7_to_7_8_6_R,2,3560,true,0,0,0,
mv_8_6_7_to_9_5_5_R,2,2972,true,0,0,0,
mv_9_5_7_to_10_3_9_H,3,2354,true,0,0,0,
mv_9_5_7_to_10_5_9_H,3,2354,true,0,0,0,
mv_9_5_7_to_11_3_6_H,3,2354,true,0,0,0,
mv_9_5_7_to_11_5_6_H,3,2354,true,0,0,0,
mv_9_5_7_to_7_5_5_H,3,2354,true,0,0,0,
mv_9_5_7_to_7_7_7_H,3,2354,true,0,0,0,
mv_9_5_7_to_8_7_5_H,3,2354,true,0,0,0,
mv_9_5_7_to_9_5_6_H,3,3554,true,0,0,0,
mv_9_5_7_to_9_7_8_H,3,2354,true,0,0,0,
mv_9_6_5_to_11_4_3_R,2,4159,true,0,0,0,
mv_9_6_5_to_7_6_4_R,0,2392,true,0,0,0,
mv_9_6_5_to_8_6_3_R,4,2338,true,0,0,0,
mv_9_6_5_to_9_8_7_R,4,2338,true,0,0,0,
mv_9_6_6_to_10_5_6_S,3,2961,true,0,0,0,
mv_9_6_6_to_11_4_5_S,3,2944,true,0,0,0,
mv_9_6_6_to_7_5_5_S,0,2988,true,0,0,0,
mv_9_6_6_to_7_6_7_S,3,1773,true,0,0,0,
mv_9_6_6_to_8_4_4_S,0,4168,true,0,0,0,
mv_9_6_6_to_8_7_4_S,3,3537,true,0,0,0,
mv_9_6_6_to_9_5_5_S,2,2950,true,0,0,0,
mv_9_6_6_to_9_7_5_S,3,3538,true,0,0,0,
mv_9_6_7_to_10_4_7_S,3,2951,true,0,0,0,
mv_9_6_7_to_10_6_5_S,3,1773,true,0,0,0,
mv_9_6_7_to_11_5_7_S,3,2951,true,0,0,0,
mv_9_6_7_to_7_5_7_S,2,2964,true,0,0,0,
mv_9_6_7_to_7_8_6_S,3,1773,true,0,0,0,
mv_9_6_7_to_8_7_5_S,3,1774,true,0,0,0,
mv_9_6_7_to_9_5_5_S,2,1186,true,0,0,0,
mv_9_6_7_to_9_7_8_S,3,2951,true,0,0,0,
mv_9_7_7_to_10_6_5_S,3,1768,true,0,0,0,
mv_9_7_7_to_11_6_9_S,3,1768,true,0,0,0,
mv_9_7_7_to_7_6_7_S,3,1768,true,0,0,0,
mv_9_7_7_to_8_6_5_S,2,4758,true,0,0,0,
mv_9_7_7_to_9_5_5_S,2,1187,true,0,0,0,
mv_9_7_7_to_9_7_6_S,3,1768,true,0,0,0,
del_10_3_3,2,2949,true,0,0,0,
del_11_4_6,3,2944,true,0,0,0,
del_12_5_7,5,2925,true,0,0,0,
del_15_3_2,3,5313,true,0,0,0,
del_4_2_6,3,580,true,0,0,0,
del_5_2_8,2,579,true,0,0,0,
del_5_6_6,1,0,true,0,0,0,
del_7_0_6,3,4102,true,0,0,0,
del_7_6_3,4,2920,true,0,0,0,
del_8_1_4,1,3566,true,0,0,0,
mv_10_2_2_to_10_2_3_R,3,4713,true,0,0,0,
mv_10_2_2_to_11_3_4_R,2,2358,true,0,0,0,
mv_10_2_2_to_12_3_3_R,2,2966,true,0,0,0,
mv_10_2_2_to_9_0_4_R,1,5366,true,0,0,0,
mv_10_3_2_to_10_2_3_S,2,4160,true,0,0,0,
mv_10_3_2_to_11_1_3_S,2,4158,true,0,0,0,
mv_10_3_2_to_11_4_0_S,2,2959,true,0,0,0,
mv_10_3_2_to_12_1_2_S,2,2959,true,0,0,0,
mv_10_3_2_to_12_3_0_S,2,2959,true,0,0,0,
mv_10_3_2_to_12_5_2_S,2,2959,true,0,0,0,
mv_10_3_2_to_8_3_4_S,0,4169,true,0,0,0,
mv_10_3_2_to_9_1_4_S,1,5366,true,0,0,0,
mv_10_3_3_to_10_2_3_S,2,4728,true,0,0,0,
mv_10_3_3_to_11_1_1_S,2,2949,true,0,0,0,
mv_10_3_3_to_11_3_1_S,2,2958,true,0,0,0,
mv_10_3_3_to_11_5_1_S,2,2949,true,0,0,0,
mv_10_3_3_to_12_2_3_S,2,2949,true,0,0,0,
mv_10_3_3_to_12_5_1_S,2,2949,true,0,0,0,
mv_10_3_3_to_8_1_5_S,1,5366,true,0,0,0,
mv_10_3_3_to_8_5_4_S,0,4168,true,0,0,0,
mv_10_3_3_to_9_5_5_S,2,2949,true,0,0,0,
mv_10_4_6_to_11_3_4_R,2,1185,true,0,0,0,
mv_10_4_6_to_12_4_5_R,3,2944,true,0,0,0,
mv_10_4_6_to_8_6_6_R,2,4157,true,0,0,0,
mv_10_4_9_to_10_5_7_R,3,3554,true,0,0,0,
mv_10_4_9_to_12_4_9_R,3,4133,true,0,0,0,
mv_11_1_2_to_10_2_1_H,4,5276,true,0,0,0,
mv_11_1_2_to_11_2_1_H,4,5276,true,0,0,0,
mv_11_1_2_to_12_2_3_H,4,5276,true,0,0,0,
mv_11_1_2_to_13_3_2_H,4,5870,true,0,0,0,
mv_11_1_2_to_9_1_4_H,1,5366,true,0,0,0,
mv_11_2_2_to_10_2_1_H,3,4713,true,0,0,0,
mv_11_2_2_to_11_0_2_H,3,4713,true,0,0,0,
mv_11_2_2_to_11_3_4_H,2,3563,true,0,0,0,
mv_11_2_2_to_12_2_1_H,3,4713,true,0,0,0,
mv_11_2_2_to_12_3_4_H,2,6522,true,0,0,0,
mv_11_2_2_to_13_4_2_H,2,6522,true,0,0,0,
mv_11_2_2_to_9_1_3_H,1,5366,true,0,0,0,
mv_11_2_3_to_10_1_2_H,2,4160,true,0,0,0,
mv_11_2_3_to_10_4_4_H,2,2370,true,0,0,0,
mv_11_2_3_to_11_1_4_H,3,2944,true,0,0,0,
mv_11_2_3_to_11_4_2_H,2,2371,true,0,0,0,
mv_11_2_3_to_12_2_2_H,2,2370,true,0,0,0,
mv_11_2_3_to_13_3_2_H,2,2964,true,0,0,0,
mv_11_2_3_to_13_4_4_H,2,2370,true,0,0,0,
mv_11_2_3_to_9_1_4_H,1,5366,true,0,0,0,
mv_11_2_4_to_10_3_6_R,3,2933,true,0,0,0,
mv_11_2_4_to_12_1_2_R,3,2933,true,0,0,0,
mv_11_2_4_to_13_4_3_R,3,5313,true,0,0,0,
mv_11_2_4_to_9_3_2_R,3,2933,true,0,0,0,
mv_11_3_3_to_10_2_4_S,2,4161,true,0,0,0,
mv_11_3_3_to_11_1_3_S,3,4121,true,0,0,0,
mv_11_3_3_to_11_3_4_S,2,2958,true,0,0,0,
mv_11_3_3_to_11_5_4_S,3,4098,true,0,0,0,
mv_11_3_3_to_12_2_4_S,3,4098,true,0,0,0,
mv_11_3_3_to_12_5_2_S,3,4098,true,0,0,0,
mv_11_3_3_to_13_4_1_S,3,4098,true,0,0,0,
mv_11_3_3_to_9_1_4_S,1,5366,true,0,0,0,
mv_11_4_1_to_10_2_3_R,2,4161,true,0,0,0,
mv_11_4_1_to_12_4_0_R,4,5266,true,0,0,0,
mv_11_4_1_to_9_3_2_R,2,4159,true,0,0,0,
mv_11_4_4_to_11_3_4_R,2,2951,true,0,0,0,
mv_11_4_4_to_12_3_4_R,4,5862,true,0,0,0,
mv_11_4_4_to_13_4_3_R,2,4732,true,0,0,0,
mv_11_4_4_to_9_6_4_R,2,3541,true,0,0,0,
mv_11_4_6_to_10_4_7_S,3,3555,true,0,0,0,
mv_11_4_6_to_10_6_6_S,3,3555,true,0,0,0,
mv_11_4_6_to_11_3_8_S,3,2944,true,0,0,0,
mv_11_4_6_to_12_3_4_S,3,4702,true,0,0,0,
mv_11_4_6_to_12_6_8_S,3,2944,true,0,0,0,
mv_11_4_6_to_13_5_6_S,3,2944,true,0,0,0,
mv_11_4_6_to_9_5_5_S,2,1776,true,0,0,0,
mv_11_4_7_to_10_3_6_S,3,2358,true,0,0,0,
mv_11_4_7_to_10_5_6_S,3,3555,true,0,0,0,
mv_11_4_7_to_10_6_7_S,3,3555,true,0,0,0,
mv_11_4_7_to_11_4_5_S,3,1773,true,0,0,0,
mv_11_4_7_to_12_4_6_S,3,2358,true,0,0,0,
mv_11_4_7_to_13_3_7_S,3,2358,true,0,0,0,
mv_11_4_7_to_13_6_7_S,3,2358,true,0,0,0,
mv_11_4_7_to_9_4_9_S,3,2358,true,0,0,0,
mv_11_4_8_to_10_3_6_S,4,3522,true,0,0,0,
mv_11_4_8_to_10_5_6_S,3,3555,true,0,0,0,
mv_11_4_8_to_11_3_6_S,4,3522,true,0,0,0,
mv_11_4_8_to_11_5_6_S,4,3522,true,0,0,0,
mv_11_4_8_to_12_5_6_S,4,3522,true,0,0,0,
mv_11_4_8_to_13_4_6_S,4,3522,true,0,0,0,
mv_11_4_8_to_13_6_8_S,4,3522,true,0,0,0,
mv_11_4_8_to_9_5_6_S,3,3555,true,0,0,0,
mv_11_4_9_to_10_4_7_S,3,3555,true,0,0,0,
mv_11_4_9_to_11_3_7_S,6,4634,true,0,0,0,
mv_11_4_9_to_12_6_7_S,6,1752,true,0,0,0,
mv_11_4_9_to_13_5_10_S,6,4634,true,0,0,0,
mv_11_4_9_to_9_4_9_S,6,4634,true,0,0,0,
mv_11_5_9_to_10_4_7_S,3,3555,true,0,0,0,
mv_11_5_9_to_10_7_7_S,3,3555,true,0,0,0,
mv_11_5_9_to_11_5_7_S,3,3555,true,0,0,0,
mv_11_5_9_to_13_3_8_S,6,15,true,0,0,0,
mv_11_5_9_to_13_6_9_S,6,15,true,0,0,0,
mv_11_5_9_to_9_7_8_S,6,15,true,0,0,0,
mv_12_3_1_to_11_1_1_S,2,4159,true,0,0,0,
mv_12_3_1_to_11_4_2_S,2,4159,true,0,0,0,
mv_12_3_1_to_12_2_3_S,2,4159,true,0,0,0,
mv_12_3_1_to_12_5_3_S,5,3499,true,0,0,0,
mv_12_3_1_to_13_4_3_S,4,3514,true,0,0,0,
mv_12_4_1_to_10_4_1_S,5,3491,true,0,0,0,
mv_12_4_1_to_11_4_3_S,2,4159,true,0,0,0,
mv_12_4_1_to_12_3_0_S,5,3491,true,0,0,0,
mv_12_4_1_to_13_3_3_S,5,4090,true,0,0,0,
mv_12_4_2_to_10_2_1_S,3,4121,true,0,0,0,
mv_12_4_2_to_11_2_1_S,2,4159,true,0,0,0,
mv_12_4_2_to_11_4_3_S,2,4159,true,0,0,0,
mv_12_4_2_to_12_2_3_S,2,4159,true,0,0,0,
mv_12_4_2_to_12_4_0_S,3,4121,true,0,0,0,
mv_12_4_2_to_13_3_3_S,3,4121,true,0,0,0,
mv_12_4_2_to_14_2_3_S,3,4121,true,0,0,0,
mv_12_4_3_to_10_4_1_S,2,2953,true,0,0,0,
mv_12_4_3_to_11_2_5_S,2,2953,true,0,0,0,
mv_12_4_3_to_11_4_5_S,2,4161,true,0,0,0,
mv_12_4_3_to_12_2_3_S,2,4159,true,0,0,0,
mv_12_4_3_to_12_5_1_S,2,2953,true,0,0,0,
mv_12_4_3_to_13_4_1_S,2,2953,true,0,0,0,
mv_12_4_3_to_14_3_4_S,2,2953,true,0,0,0,
mv_12_4_4_to_10_4_5_S,2,3541,true,0,0,0,
mv_12_4_4_to_11_3_4_S,2,4159,true,0,0,0,
mv_12_4_4_to_11_5_4_S,2,3541,true,0,0,0,
mv_12_4_4_to_12_3_3_S,2,4159,true,0,0,0,
mv_12_4_4_to_13_3_2_S,2,3541,true,0,0,0,
mv_12_4_4_to_13_5_6_S,2,3541,true,0,0,0,
mv_12_5_7_to_10_4_7_R,3,3555,true,0,0,0,
mv_12_5_7_to_11_3_7_R,5,2925,true,0,0,0,
mv_12_5_7_to_12_6_8_R,4,3526,true,0,0,0,
mv_12_5_7_to_14_4_8_R,5,2925,true,0,0,0,
mv_12_5_8_to_10_5_7_R,3,3554,true,0,0,0,
mv_12_5_8_to_11_5_10_R,3,3554,true,0,0,0,
mv_12_5_8_to_13_4_6_R,3,3554,true,0,0,0,
mv_12_5_8_to_14_5_8_R,3,3554,true,0,0,0,
mv_13_4_7_to_11_3_9_H,5,2925,true,0,0,0,
mv_13_4_7_to_12_4_5_H,5,2925,true,0,0,0,
mv_13_4_7_to_12_6_8_H,6,23,true,0,0,0,
mv_13_4_7_to_13_6_8_H,5,2925,true,0,0,0,
mv_13_4_7_to_14_5_9_H,5,2925,true,0,0,0,
mv_13_4_8_to_11_4_10_H,5,2925,true,0,0,0,
mv_13_4_8_to_12_4_6_H,3,5325,true,0,0,0,
mv_13_4_8_to_13_3_7_H,5,2925,true,0,0,0,
mv_13_4_8_to_13_6_7_H,6,23,true,0,0,0,
mv_13_4_8_to_14_5_8_H,5,2925,true,0,0,0,
mv_13_5_7_to_11_3_9_H,6,3508,true,0,0,0,
mv_13_5_7_to_12_4_5_H,6,3508,true,0,0,0,
mv_13_5_7_to_12_6_8_H,5,4685,true,0,0,0,
mv_13_5_7_to_13_6_8_H,6,3508,true,0,0,0,
mv_13_5_7_to_14_5_9_H,6,3508,true,0,0,0,
mv_13_5_8_to_11_4_10_H,3,3554,true,0,0,0,
mv_13_5_8_to_12_4_6_H,3,3554,true,0,0,0,
mv_13_5_8_to_13_3_7_H,3,3554,true,0,0,0,
mv_13_5_8_to_13_5_6_H,3,3554,true,0,0,0,
mv_13_5_8_to_14_5_7_H,3,3554,true,0,0,0,
mv_13_5_9_to_11_4_10_H,5,2925,true,0,0,0,
mv_13_5_9_to_12_6_7_H,6,23,true,0,0,0,
mv_13_5_9_to_13_6_7_H,6,23,true,0,0,0,
mv_13_5_9_to_14_5_8_H,5,2925,true,0,0,0,
mv_14_3_2_to_12_4_0_R,5,2925,true,0,0,0,
mv_14_3_2_to_14_2_3_R,5,2925,true,0,0,0,
mv_14_3_2_to_15_5_3_R,5,2925,true,0,0,0,
mv_14_3_3_to_12_2_4_R,2,4159,true,0,0,0,
mv_14_3_3_to_13_4_2_R,2,5930,true,0,0,0,
mv_14_3_3_to_15_5_2_R,6,4045,true,0,0,0,
mv_15_3_1_to_13_3_3_S,5,4089,true,0,0,0,
mv_15_3_1_to_14_2_3_S,5,4089,true,0,0,0,
mv_15_3_1_to_15_5_3_S,8,4011,true,0,0,0,
mv_15_3_2_to_13_3_2_S,2,5930,true,0,0,0,
mv_15_3_2_to_13_4_4_S,3,5313,true,0,0,0,
mv_15_3_2_to_15_2_3_S,3,5313,true,0,0,0,
mv_15_3_2_to_15_5_2_S,3,5313,true,0,0,0,
mv_15_3_2_to_16_4_3_S,3,5313,true,0,0,0,
mv_15_3_3_to_13_4_3_S,3,5313,true,0,0,0,
mv_15_3_3_to_15_2_1_S,5,4095,true,0,0,0,
mv_15_3_3_to_15_5_3_S,5,4095,true,0,0,0,
mv_15_4_2_to_13_3_2_S,3,5313,true,0,0,0,
mv_15_4_2_to_13_4_4_S,3,5313,true,0,0,0,
mv_15_4_2_to_15_2_2_S,6,4044,true,0,0,0,
mv_15_4_2_to_15_4_4_S,6,4044,true,0,0,0,
mv_15_4_2_to_16_4_3_S,6,4044,true,0,0,0,
mv_15_4_3_to_13_4_3_S,2,5930,true,0,0,0,
mv_15_4_3_to_15_2_1_S,6,4044,true,0,0,0,
mv_15_4_3_to_15_5_2_S,6,4044,true,0,0,0,
mv_2_5_4_to_2_6_6_S,0,0,true,0,0,0,
mv_2_5_4_to_3_6_4_S,1,2950,true,0,0,0,
mv_2_5_4_to_4_4_6_S,0,1,true,0,0,0,
mv_2_5_4_to_4_7_6_S,0,0,true,0,0,0,
mv_3_3_7_to_3_2_8_S,1,0,true,0,0,0,
mv_3_3_7_to_4_1_6_S,1,0,true,0,0,0,
mv_3_3_7_to_4_3_8_S,1,1200,true,0,0,0,
mv_3_3_7_to_5_1_6_S,1,0,true,0,0,0,
mv_3_3_7_to_5_3_7_S,1,3584,true,0,0,0,
mv_3_3_7_to_5_5_8_S,1,0,true,0,0,0,
mv_3_4_7_to_3_2_6_S,1,0,true,0,0,0,
mv_3_4_7_to_3_6_5_S,1,0,true,0,0,0,
mv_3_4_7_to_4_4_6_S,1,2344,true,0,0,0,
mv_3_4_7_to_5_2_9_S,1,0,true,0,0,0,
mv_3_4_7_to_5_4_6_S,1,3584,true,0,0,0,
mv_3_5_4_to_2_4_4_S,0,0,true,0,0,0,
mv_3_5_4_to_3_4_6_S,0,1,true,0,0,0,
mv_3_5_4_to_4_4_6_S,0,1,true,0,0,0,
mv_3_5_4_to_4_7_6_S,0,0,true,0,0,0,
mv_3_5_4_to_5_4_6_S,0,2396,true,0,0,0,
mv_3_6_6_to_2_4_4_S,0,2392,true,0,0,0,
mv_3_6_6_to_3_4_8_S,1,0,true,0,0,0,
mv_3_6_6_to_4_4_6_S,1,0,true,0,0,0,
mv_3_6_6_to_4_6_7_S,1,0,true,0,0,0,
mv_3_6_6_to_5_4_6_S,1,1200,true,0,0,0,
mv_3_6_6_to_5_7_7_S,1,0,true,0,0,0,
mv_4_2_5_to_3_2_7_S,1,2384,true,0,0,0,
mv_4_2_5_to_4_3_7_S,2,1182,true,0,0,0,
mv_4_2_5_to_5_1_7_S,2,0,true,0,0,0,
mv_4_2_5_to_5_4_4_S,0,1200,true,0,0,0,
mv_4_2_5_to_6_0_6_S,2,0,true,0,0,0,
mv_4_2_5_to_6_2_6_S,2,0,true,0,0,0,
mv_4_2_5_to_6_4_7_S,2,1182,true,0,0,0,
mv_4_2_6_to_3_4_8_R,1,1176,true,0,0,0,
mv_4_2_6_to_5_1_6_R,3,2370,true,0,0,0,
mv_4_2_6_to_6_0_4_R,3,579,true,0,0,0,
mv_4_2_6_to_6_4_6_R,3,580,true,0,0,0,
mv_4_2_8_to_4_3_7_R,2,1162,true,0,0,0,
mv_4_2_8_to_5_4_6_R,3,2355,true,0,0,0,
mv_4_4_7_to_2_3_7_H,0,0,true,0,0,0,
mv_4_4_7_to_3_2_6_H,1,0,true,0,0,0,
mv_4_4_7_to_3_4_8_H,1,0,true,0,0,0,
mv_4_4_7_to_4_3_7_H,1,0,true,0,0,0,
mv_4_4_7_to_5_2_9_H,1,0,true,0,0,0,
mv_4_4_7_to_5_4_6_H,1,0,true,0,0,0,
mv_4_4_7_to_6_2_6_H,1,0,true,0,0,0,
mv_4_4_7_to_6_4_5_H,1,1174,true,0,0,0,
mv_4_4_7_to_6_6_6_H,1,2379,true,0,0,0,
mv_4_5_4_to_2_6_6_H,0,1,true,0,0,0,
mv_4_5_4_to_3_6_4_H,0,0,true,0,0,0,
mv_4_5_4_to_4_5_6_H,0,1,true,0,0,0,
mv_4_5_4_to_5_3_5_H,0,0,true,0,0,0,
mv_4_5_4_to_5_7_3_H,0,0,true,0,0,0,
mv_4_5_4_to_6_4_6_H,0,0,true,0,0,0,
mv_4_5_4_to_6_6_6_H,0,1,true,0,0,0,
mv_4_5_7_to_2_5_5_R,0,2392,true,0,0,0,
mv_4_5_7_to_4_3_8_R,1,2368,true,0,0,0,
mv_4_5_7_to_5_4_5_R,1,2379,true,0,0,0,
mv_4_5_7_to_6_4_6_R,1,2368,true,0,0,0,
mv_4_6_5_to_2_5_3_R,0,4168,true,0,0,0,
mv_4_6_5_to_4_4_4_R,0,4168,true,0,0,0,
mv_4_6_5_to_5_5_3_R,0,4168,true,0,0,0,
mv_4_6_5_to_6_6_3_R,1,1187,true,0,0,0,
mv_4_6_6_to_2_4_4_S,0,2392,true,0,0,0,
mv_4_6_6_to_3_4_6_S,1,0,true,0,0,0,
mv_4_6_6_to_3_7_6_S,1,0,true,0,0,0,
mv_4_6_6_to_4_5_8_S,1,0,true,0,0,0,
mv_4_6_6_to_5_4_5_S,1,0,true,0,0,0,
mv_4_6_6_to_5_7_6_S,1,0,true,0,0,0,
mv_4_6_6_to_6_5_5_S,0,2393,true,0,0,0,
mv_4_6_6_to_6_7_4_S,1,2379,true,0,0,0,
mv_5_2_5_to_3_2_6_S,1,0,true,0,0,0,
mv_5_2_5_to_4_1_5_S,2,0,true,0,0,0,
mv_5_2_5_to_4_4_6_S,2,1182,true,0,0,0,
mv_5_2_5_to_5_3_5_S,2,1160,true,0,0,0,
mv_5_2_5_to_6_0_3_S,2,0,true,0,0,0,
mv_5_2_5_to_6_2_4_S,2,0,true,0,0,0,
mv_5_2_5_to_6_4_6_S,1,2982,true,0,0,0,
mv_5_2_5_to_7_3_5_S,0,2976,true,0,0,0,
mv_5_2_6_to_3_2_8_S,1,586,true,0,0,0,
mv_5_2_6_to_4_1_5_S,2,586,true,0,0,0,
mv_5_2_6_to_4_3_8_S,2,1784,true,0,0,0,
mv_5_2_6_to_5_1_7_S,2,586,true,0,0,0,
mv_5_2_6_to_5_4_4_S,0,1200,true,0,0,0,
mv_5_2_6_to_6_0_6_S,2,586,true,0,0,0,
mv_5_2_6_to_6_3_6_S,2,586,true,0,0,0,
mv_5_2_6_to_7_0_7_S,2,586,true,0,0,0,
mv_5_2_7_to_3_2_5_S,2,3,true,0,0,0,
mv_5_2_7_to_3_4_6_S,2,2,true,0,0,0,
mv_5_2_7_to_4_2_9_S,2,3,true,0,0,0,
mv_5_2_7_to_4_4_8_S,2,2380,true,0,0,0,
mv_5_2_7_to_5_3_7_S,1,2984,true,0,0,0,
mv_5_2_7_to_6_0_6_S,2,3,true,0,0,0,
mv_5_2_7_to_6_3_8_S,2,590,true,0,0,0,
mv_5_2_7_to_7_1_6_S,2,3,true,0,0,0,
mv_5_2_8_to_3_2_7_S,1,3564,true,0,0,0,
mv_5_2_8_to_4_1_6_S,2,579,true,0,0,0,
mv_5_2_8_to_4_4_6_S,2,2936,true,0,0,0,
mv_5_2_8_to_5_3_9_S,2,2344,true,0,0,0,
mv_5_2_8_to_6_2_7_S,2,579,true,0,0,0,
mv_5_2_8_to_7_0_7_S,2,579,true,0,0,0,
mv_5_3_6_to_3_2_8_S,1,3,true,0,0,0,
mv_5_3_6_to_3_5_7_S,2,1784,true,0,0,0,
mv_5_3_6_to_4_3_7_S,2,1784,true,0,0,0,
mv_5_3_6_to_4_5_6_S,1,1194,true,0,0,0,
mv_5_3_6_to_5_1_8_S,3,3,true,0,0,0,
mv_5_3_6_to_5_4_5_S,3,3,true,0,0,0,
mv_5_3_6_to_6_2_5_S,3,3,true,0,0,0,
mv_5_3_6_to_6_4_5_S,3,3,true,0,0,0,
mv_5_3_6_to_7_1_6_S,3,3,true,0,0,0,
mv_5_3_6_to_7_5_6_S,2,1786,true,0,0,0,
mv_5_3_8_to_3_2_8_S,1,4,true,0,0,0,
mv_5_3_8_to_4_1_6_S,2,4,true,0,0,0,
mv_5_3_8_to_4_4_6_S,3,2355,true,0,0,0,
mv_5_3_8_to_5_1_7_S,6,4,true,0,0,0,
mv_5_3_8_to_5_4_8_S,3,2355,true,0,0,0,
mv_5_3_8_to_6_3_6_S,6,4,true,0,0,0,
mv_5_3_8_to_7_5_6_S,3,1184,true,0,0,0,
mv_5_4_7_to_3_2_7_S,1,0,true,0,0,0,
mv_5_4_7_to_3_5_7_S,1,0,true,0,0,0,
mv_5_4_7_to_4_3_8_S,1,1200,true,0,0,0,
mv_5_4_7_to_4_6_7_S,1,2379,true,0,0,0,
mv_5_4_7_to_5_4_5_S,1,0,true,0,0,0,
mv_5_4_7_to_6_2_5_S,1,0,true,0,0,0,
mv_5_4_7_to_6_3_8_S,1,0,true,0,0,0,
mv_5_4_7_to_6_6_6_S,1,2379,true,0,0,0,
mv_5_4_7_to_7_5_5_S,0,2988,true,0,0,0,
mv_5_5_4_to_3_3_6_S,0,596,true,0,0,0,
mv_5_5_4_to_3_6_5_S,0,0,true,0,0,0,
mv_5_5_4_to_4_5_3_S,0,0,true,0,0,0,
mv_5_5_4_to_5_3_3_S,0,0,true,0,0,0,
mv_5_5_4_to_5_7_3_S,0,0,true,0,0,0,
mv_5_5_4_to_6_4_6_S,0,1794,true,0,0,0,
mv_5_5_4_to_6_6_6_S,0,1,true,0,0,0,
mv_5_5_4_to_7_3_5_S,0,0,true,0,0,0,
mv_5_5_4_to_7_5_6_S,0,5,true,0,0,0,
mv_5_5_5_to_3_4_4_S,0,4168,true,0,0,0,
mv_5_5_5_to_3_6_5_S,1,2352,true,0,0,0,
mv_5_5_5_to_4_4_6_S,3,1181,true,0,0,0,
mv_5_5_5_to_4_7_5_S,2,2352,true,0,0,0,
mv_5_5_5_to_5_4_4_S,0,4168,true,0,0,0,
mv_5_5_5_to_5_7_7_S,3,1181,true,0,0,0,
mv_5_5_5_to_6_5_3_S,0,4168,true,0,0,0,
mv_5_5_5_to_6_6_6_S,1,1783,true,0,0,0,
mv_5_5_5_to_7_3_5_S,0,4168,true,0,0,0,
mv_5_5_5_to_7_5_7_S,3,1181,true,0,0,0,
mv_5_5_6_to_3_4_4_S,0,2392,true,0,0,0,
mv_5_5_6_to_3_6_5_S,1,2933,true,0,0,0,
mv_5_5_6_to_4_4_4_S,0,2392,true,0,0,0,
mv_5_5_6_to_4_6_4_S,0,2392,true,0,0,0,
mv_5_5_6_to_5_3_7_S,1,2986,true,0,0,0,
mv_5_5_6_to_5_5_8_S,3,2933,true,0,0,0,
mv_5_5_6_to_6_3_8_S,3,2933,true,0,0,0,
mv_5_5_6_to_6_5_7_S,3,1,true,0,0,0,
mv_5_5_6_to_6_7_5_S,1,2379,true,0,0,0,
mv_5_5_6_to_7_5_6_S,3,2933,true,0,0,0,
mv_5_5_6_to_7_7_7_S,2,4162,true,0,0,0,
mv_5_5_7_to_3_6_5_S,1,0,true,0,0,0,
mv_5_5_7_to_4_4_6_S,1,0,true,0,0,0,
mv_5_5_7_to_4_7_5_S,1,0,true,0,0,0,
mv_5_5_7_to_5_4_5_S,1,0,true,0,0,0,
mv_5_5_7_to_5_7_7_S,1,0,true,0,0,0,
mv_5_5_7_to_6_4_7_S,1,0,true,0,0,0,
mv_5_5_7_to_6_7_5_S,1,2379,true,0,0,0,
mv_5_5_7_to_7_5_6_S,1,0,true,0,0,0,
mv_5_6_4_to_3_4_4_S,0,2393,true,0,0,0,
mv_5_6_4_to_3_7_6_S,1,1181,true,0,0,0,
mv_5_6_4_to_4_6_4_S,0,2393,true,0,0,0,
mv_5_6_4_to_5_4_6_S,1,2990,true,0,0,0,
mv_5_6_4_to_6_4_6_S,1,2388,true,0,0,0,
mv_5_6_4_to_6_6_6_S,1,1783,true,0,0,0,
mv_5_6_4_to_6_8_6_S,3,1181,true,0,0,0,
mv_5_6_4_to_7_5_6_S,2,2372,true,0,0,0,
mv_5_6_4_to_7_8_4_S,3,1181,true,0,0,0,
mv_5_6_5_to_3_5_3_S,0,2392,true,0,0,0,
mv_5_6_5_to_4_4_4_S,0,2392,true,0,0,0,
mv_5_6_5_to_4_6_7_S,1,2,true,0,0,0,
mv_5_6_5_to_5_4_6_S,1,1201,true,0,0,0,
mv_5_6_5_to_6_4_5_S,1,2,true,0,0,0,
mv_5_6_5_to_6_5_7_S,1,2,true,0,0,0,
mv_5_6_5_to_6_7_4_S,1,1782,true,0,0,0,
mv_5_6_5_to_7_4_5_S,0,2392,true,0,0,0,
mv_5_6_5_to_7_6_4_S,0,2392,true,0,0,0,
mv_5_6_5_to_7_8_5_S,1,2,true,0,0,0,
mv_5_6_6_to_3_5_7_S,1,0,true,0,0,0,
mv_5_6_6_to_4_4_6_S,1,0,true,0,0,0,
mv_5_6_6_to_4_6_7_S,1,0,true,0,0,0,
mv_5_6_6_to_5_4_6_S,1,1200,true,0,0,0,
mv_5_6_6_to_5_7_7_S,1,0,true,0,0,0,
mv_5_6_6_to_6_5_7_S,1,0,true,0,0,0,
mv_5_6_6_to_6_7_5_S,1,2379,true,0,0,0,
mv_5_6_6_to_7_5_6_S,1,0,true,0,0,0,
mv_5_6_6_to_7_7_7_S,1,4162,true,0,0,0,
mv_5_6_7_to_3_4_8_S,3,0,true,0,0,0,
mv_5_6_7_to_4_4_8_S,3,0,true,0,0,0,
mv_5_6_7_to_4_7_6_S,2,0,true,0,0,0,
mv_5_6_7_to_5_7_6_S,3,0,true,0,0,0,
mv_5_6_7_to_6_5_7_S,3,0,true,0,0,0,
mv_5_6_7_to_7_4_5_S,0,2392,true,0,0,0,
mv_5_6_7_to_7_6_7_S,3,2933,true,0,0,0,
mv_6_1_4_to_5_1_6_R,3,2952,true,0,0,0,
mv_6_1_4_to_6_3_2_R,3,2952,true,0,0,0,
mv_6_1_4_to_8_-1_3_R,1,4174,true,0,0,0,
mv_6_3_3_to_4_1_5_H,2,0,true,0,0,0,
mv_6_3_3_to_5_2_4_H,3,2968,true,0,0,0,
mv_6_3_3_to_6_1_3_H,3,0,true,0,0,0,
mv_6_3_3_to_6_5_3_H,3,0,true,0,0,0,
mv_6_3_3_to_7_3_5_H,3,0,true,0,0,0,
mv_6_3_3_to_8_1_2_H,3,0,true,0,0,0,
mv_6_3_3_to_8_4_4_H,0,1200,true,0,0,0,
mv_6_4_4_to_5_2_4_R,1,1787,true,0,0,0,
mv_6_4_4_to_6_2_6_R,0,2968,true,0,0,0,
mv_6_4_4_to_7_2_5_R,0,2968,true,0,0,0,
mv_6_4_4_to_8_3_3_R,0,2968,true,0,0,0,
mv_6_5_4_to_4_4_4_H,0,0,true,0,0,0,
mv_6_5_4_to_4_7_5_H,0,0,true,0,0,0,
mv_6_5_4_to_5_4_5_H,0,1,true,0,0,0,
mv_6_5_4_to_6_3_2_H,0,1765,true,0,0,0,
mv_6_5_4_to_6_6_3_H,0,1,true,0,0,0,
mv_6_5_4_to_6_7_5_H,0,1,true,0,0,0,
mv_6_5_4_to_7_5_3_H,0,0,true,0,0,0,
mv_6_5_4_to_7_7_2_H,0,0,true,0,0,0,
mv_6_5_4_to_8_5_4_H,0,0,true,0,0,0,
mv_6_5_4_to_8_7_4_H,0,0,true,0,0,0,
mv_6_5_6_to_4_3_8_H,3,2354,true,0,0,0,
mv_6_5_6_to_4_5_8_H,2,3526,true,0,0,0,
mv_6_5_6_to_5_3_5_H,3,3526,true,0,0,0,
mv_6_5_6_to_5_4_8_H,3,3526,true,0,0,0,
mv_6_5_6_to_6_3_6_H,4,3526,true,0,0,0,
mv_6_5_6_to_6_5_7_H,3,2354,true,0,0,0,
mv_6_5_6_to_6_7_5_H,1,2379,true,0,0,0,
mv_6_5_6_to_7_5_7_H,3,3555,true,0,0,0,
mv_6_5_6_to_8_3_4_H,0,2392,true,0,0,0,
mv_6_5_6_to_8_6_8_H,3,3555,true,0,0,0,
mv_6_7_3_to_4_7_5_R,2,2353,true,0,0,0,
mv_6_7_3_to_7_6_2_R,3,2353,true,0,0,0,
mv_6_7_3_to_8_7_4_R,3,2353,true,0,0,0,
mv_6_7_6_to_5_7_6_R,1,2379,true,0,0,0,
mv_6_7_6_to_7_5_6_R,3,1767,true,0,0,0,
mv_6_7_6_to_8_6_5_R,1,2378,true,0,0,0,
mv_7_0_3_to_6_2_3_R,2,2949,true,0,0,0,
mv_7_0_3_to_8_1_5_R,2,2965,true,0,0,0,
mv_7_0_6_to_5_1_8_R,3,4125,true,0,0,0,
mv_7_0_6_to_8_-1_4_R,3,4117,true,0,0,0,
mv_7_1_4_to_5_1_4_H,3,0,true,0,0,0,
mv_7_1_4_to_6_0_3_H,3,0,true,0,0,0,
mv_7_1_4_to_6_2_4_H,3,2968,true,0,0,0,
mv_7_1_4_to_7_-1_3_H,3,0,true,0,0,0,
mv_7_1_4_to_7_2_5_H,3,2968,true,0,0,0,
mv_7_1_4_to_8_-1_5_H,3,0,true,0,0,0,
mv_7_1_4_to_8_1_6_H,3,0,true,0,0,0,
mv_7_1_4_to_9_0_5_H,1,5366,true,0,0,0,
mv_7_1_4_to_9_3_2_H,3,0,true,0,0,0,
mv_7_1_5_to_5_2_4_H,3,2968,true,0,0,0,
mv_7_1_5_to_6_0_4_H,3,2952,true,0,0,0,
mv_7_1_5_to_6_2_5_H,3,2968,true,0,0,0,
mv_7_1_5_to_7_-1_6_H,3,2952,true,0,0,0,
mv_7_1_5_to_8_-1_3_H,3,2952,true,0,0,0,
mv_7_1_5_to_8_1_5_H,3,2952,true,0,0,0,
mv_7_1_5_to_9_0_4_H,1,4770,true,0,0,0,
mv_7_1_5_to_9_3_3_H,3,2952,true,0,0,0,
mv_7_2_3_to_5_4_4_H,3,0,true,0,0,0,
mv_7_2_3_to_6_2_3_H,3,0,true,0,0,0,
mv_7_2_3_to_7_0_2_H,3,0,true,0,0,0,
mv_7_2_3_to_7_4_5_H,3,1,true,0,0,0,
mv_7_2_3_to_8_3_4_H,0,1200,true,0,0,0,
mv_7_2_3_to_9_0_5_H,1,5366,true,0,0,0,
mv_7_2_3_to_9_3_3_H,3,0,true,0,0,0,
mv_7_2_4_to_5_3_5_H,3,2952,true,0,0,0,
mv_7_2_4_to_6_0_4_H,3,2952,true,0,0,0,
mv_7_2_4_to_6_2_5_H,3,2968,true,0,0,0,
mv_7_2_4_to_6_4_6_H,3,2952,true,0,0,0,
mv_7_2_4_to_7_3_2_H,3,2952,true,0,0,0,
mv_7_2_4_to_8_1_2_H,3,2952,true,0,0,0,
mv_7_2_4_to_8_4_3_H,0,2976,true,0,0,0,
mv_7_2_4_to_9_0_6_H,1,4770,true,0,0,0,
mv_7_2_4_to_9_3_3_H,3,2952,true,0,0,0,
mv_7_3_3_to_5_3_5_H,3,0,true,0,0,0,
mv_7_3_3_to_6_2_3_H,180,0,true,12,600,900,7:100 8:100 9:100 10:150 11:900 12:600
mv_7_3_3_to_6_5_3_H,3,0,true,0,0,0,
mv_7_3_3_to_7_4_2_H,3,0,true,0,0,0,
mv_7_3_3_to_8_1_5_H,3,0,true,0,0,0,
mv_7_3_3_to_9_1_3_H,1,5366,true,0,0,0,
mv_7_3_3_to_9_5_5_H,3,1,true,0,0,0,
mv_7_3_4_to_5_3_5_H,2,0,true,0,0,0,
mv_7_3_4_to_6_1_3_H,2,0,true,0,0,0,
mv_7_3_4_to_6_3_2_H,2,0,true,0,0,0,
mv_7_3_4_to_6_5_5_H,1,1187,true,0,0,0,
mv_7_3_4_to_7_4_2_H,2,0,true,0,0,0,
mv_7_3_4_to_8_1_2_H,2,0,true,0,0,0,
mv_7_3_4_to_8_4_4_H,2,0,true,0,0,0,
mv_7_3_4_to_9_3_2_H,2,0,true,0,0,0,
mv_7_4_3_to_5_2_4_H,1,1787,true,0,0,0,
mv_7_4_3_to_5_5_3_H,2,3,true,0,0,0,
mv_7_4_3_to_6_4_5_H,2,3,true,0,0,0,
mv_7_4_3_to_7_2_2_H,2,3,true,0,0,0,
mv_7_4_3_to_7_5_3_H,2,3,true,0,0,0,
mv_7_4_3_to_8_3_4_H,2,3,true,0,0,0,
mv_7_4_3_to_9_2_2_H,2,3,true,0,0,0,
mv_7_4_4_to_5_2_4_H,0,1787,true,0,0,0,
mv_7_4_4_to_5_4_6_H,0,0,true,0,0,0,
mv_7_4_4_to_6_2_6_H,0,1776,true,0,0,0,
mv_7_4_4_to_6_5_3_H,0,0,true,0,0,0,
mv_7_4_4_to_7_2_2_H,0,0,true,0,0,0,
mv_7_4_4_to_7_5_3_H,0,0,true,0,0,0,
mv_7_4_4_to_8_3_3_H,0,0,true,0,0,0,
mv_7_4_4_to_8_6_5_H,0,1184,true,0,0,0,
mv_7_4_4_to_9_4_6_H,0,0,true,0,0,0,
mv_7_5_4_to_5_3_5_H,0,0,true,0,0,0,
mv_7_5_4_to_5_7_3_H,0,0,true,0,0,0,
mv_7_5_4_to_6_4_6_H,0,0,true,0,0,0,
mv_7_5_4_to_6_6_6_H,0,1,true,0,0,0,
mv_7_5_4_to_7_3_5_H,0,0,true,0,0,0,
mv_7_5_4_to_7_6_2_H,0,0,true,0,0,0,
mv_7_5_4_to_8_4_3_H,0,0,true,0,0,0,
mv_7_5_4_to_8_7_3_H,0,0,true,0,0,0,
mv_7_5_4_to_9_3_3_H,0,1765,true,0,0,0,
mv_7_5_4_to_9_7_5_H,0,0,true,0,0,0,
mv_7_6_3_to_5_7_3_H,3,2920,true,0,0,0,
mv_7_6_3_to_6_6_4_H,1,2379,true,0,0,0,
mv_7_6_3_to_7_4_2_H,4,2920,true,0,0,0,
mv_7_6_3_to_7_7_2_H,4,2920,true,0,0,0,
mv_7_6_3_to_8_4_4_H,0,4168,true,0,0,0,
mv_7_6_3_to_8_7_5_H,4,2920,true,0,0,0,
mv_7_7_3_to_5_7_3_H,3,2353,true,0,0,0,
mv_7_7_3_to_6_7_2_H,3,2353,true,0,0,0,
mv_7_7_3_to_7_5_5_H,3,2353,true,0,0,0,
mv_7_7_3_to_8_5_4_H,0,2393,true,0,0,0,
mv_7_7_3_to_9_5_5_H,3,2353,true,0,0,0,
mv_7_7_4_to_5_7_6_H,1,2379,true,0,0,0,
mv_7_7_4_to_6_6_6_H,1,2379,true,0,0,0,
mv_7_7_4_to_6_8_6_H,3,2353,true,0,0,0,
mv_7_7_4_to_7_6_4_H,2,2369,true,0,0,0,
mv_7_7_4_to_8_5_4_H,0,2393,true,0,0,0,
mv_7_7_4_to_8_7_5_H,3,2353,true,0,0,0,
mv_7_7_4_to_9_7_5_H,3,2353,true,0,0,0,
mv_7_7_5_to_5_7_7_H,2,2369,true,0,0,0,
mv_7_7_5_to_6_6_4_H,1,2379,true,0,0,0,
mv_7_7_5_to_6_7_7_H,2,2369,true,0,0,0,
mv_7_7_5_to_7_5_6_H,1,3564,true,0,0,0,
mv_7_7_5_to_7_8_3_H,2,2369,true,0,0,0,
mv_7_7_5_to_8_6_5_H,2,2369,true,0,0,0,
mv_7_7_5_to_9_5_5_H,2,2369,true,0,0,0,
mv_7_7_5_to_9_8_7_H,2,2369,true,0,0,0,
mv_7_7_6_to_6_5_5_H,1,2379,true,0,0,0,
mv_7_7_6_to_6_7_4_H,1,2379,true,0,0,0,
mv_7_7_6_to_7_5_6_H,1,3564,true,0,0,0,
mv_7_7_6_to_7_8_4_H,3,2354,true,0,0,0,
mv_7_7_6_to_8_6_8_H,3,2355,true,0,0,0,
mv_7_7_6_to_9_5_8_H,3,1777,true,0,0,0,
mv_7_7_6_to_9_7_8_H,3,2355,true,0,0,0,
mv_8_0_3_to_10_2_4_H,3,3525,true,0,0,0,
mv_8_0_3_to_6_2_4_H,3,2968,true,0,0,0,
mv_8_0_3_to_7_2_5_H,3,2968,true,0,0,0,
mv_8_0_3_to_9_0_4_H,3,4093,true,0,0,0,
mv_8_0_4_to_10_1_2_H,2,2948,true,0,0,0,
mv_8_0_4_to_6_0_6_H,2,2948,true,0,0,0,
mv_8_0_4_to_6_2_6_H,2,2960,true,0,0,0,
mv_8_0_4_to_7_2_2_H,2,2969,true,0,0,0,
mv_8_0_4_to_8_0_2_H,2,2948,true,0,0,0,
mv_8_0_4_to_9_0_5_H,2,2948,true,0,0,0,
mv_8_0_5_to_10_2_3_H,3,4117,true,0,0,0,
mv_8_0_5_to_6_1_3_H,3,4094,true,0,0,0,
mv_8_0_5_to_6_2_7_H,3,4125,true,0,0,0,
mv_8_0_5_to_7_2_5_H,3,2968,true,0,0,0,
mv_8_0_5_to_8_1_5_H,3,2924,true,0,0,0,
mv_8_0_5_to_9_1_3_H,3,3506,true,0,0,0,
mv_8_0_6_to_6_2_4_H,3,2968,true,0,0,0,
mv_8_0_6_to_7_-1_6_H,3,4102,true,0,0,0,
mv_8_0_6_to_8_-1_5_H,3,4102,true,0,0,0,
mv_8_1_3_to_10_1_2_H,3,3546,true,0,0,0,
mv_8_1_3_to_6_0_4_H,3,3546,true,0,0,0,
mv_8_1_3_to_6_3_2_H,3,4144,true,0,0,0,
mv_8_1_3_to_7_3_2_H,3,4144,true,0,0,0,
mv_8_1_3_to_8_0_2_H,3,3546,true,0,0,0,
mv_8_1_3_to_9_0_4_H,3,3546,true,0,0,0,
mv_8_1_3_to_9_3_3_H,3,3546,true,0,0,0,
mv_8_1_4_to_6_0_3_H,1,3566,true,0,0,0,
mv_8_1_4_to_6_2_4_H,1,2385,true,0,0,0,
mv_8_1_4_to_7_-1_3_H,1,3566,true,0,0,0,
mv_8_1_4_to_7_2_5_H,1,2385,true,0,0,0,
mv_8_1_4_to_8_-1_5_H,1,3566,true,0,0,0,
mv_8_1_4_to_8_1_6_H,1,3566,true,0,0,0,
mv_8_1_4_to_9_0_5_H,1,3566,true,0,0,0,
mv_8_1_4_to_9_3_3_H,1,3566,true,0,0,0,
mv_8_5_7_to_10_4_8_H,3,2354,true,0,0,0,
mv_8_5_7_to_10_6_6_H,3,2354,true,0,0,0,
mv_8_5_7_to_6_4_5_H,3,2354,true,0,0,0,
mv_8_5_7_to_6_6_6_H,1,2379,true,0,0,0,
mv_8_5_7_to_7_4_5_H,3,2354,true,0,0,0,
mv_8_5_7_to_7_7_7_H,3,2354,true,0,0,0,
mv_8_5_7_to_8_7_5_H,3,2354,true,0,0,0,
mv_8_5_7_to_9_5_5_H,3,2354,true,0,0,0,
mv_8_5_7_to_9_7_6_H,3,2354,true,0,0,0,
mv_8_5_8_to_10_4_7_H,3,3554,true,0,0,0,
mv_8_5_8_to_10_6_6_H,3,2354,true,0,0,0,
mv_8_5_8_to_6_4_6_H,3,2354,true,0,0,0,
mv_8_5_8_to_6_7_7_H,3,2354,true,0,0,0,
mv_8_5_8_to_8_6_6_H,3,3556,true,0,0,0,
mv_8_5_8_to_9_4_9_H,3,2354,true,0,0,0,
mv_8_5_8_to_9_7_8_H,3,2354,true,0,0,0,
mv_8_6_7_to_10_6_7_R,2,3560,true,0,0,0,
mv_8_6_7_to_6_7_7_R,2,4156,true,0,0,0,
mv_8_6_7_to_8_5_9_R,2,3560,true,0,0,0,
mv_8_6_7_to_9_5_6_R,1,4756,true,0,0,0,
mv_9_5_7_to_10_3_9_S,3,2354,true,0,0,0,
mv_9_5_7_to_10_5_9_S,3,2354,true,0,0,0,
mv_9_5_7_to_11_3_6_S,3,2354,true,0,0,0,
mv_9_5_7_to_11_5_6_S,3,2354,true,0,0,0,
mv_9_5_7_to_7_5_5_S,0,2988,true,0,0,0,
mv_9_5_7_to_7_7_7_S,2,4758,true,0,0,0,
mv_9_5_7_to_8_7_5_S,3,2354,true,0,0,0,
mv_9_5_7_to_9_5_6_S,2,2964,true,0,0,0,
mv_9_5_7_to_9_7_8_S,3,2354,true,0,0,0,
mv_9_6_5_to_11_4_5_R,4,2338,true,0,0,0,
mv_9_6_5_to_7_6_7_R,3,1774,true,0,0,0,
mv_9_6_5_to_8_6_6_R,3,4127,true,0,0,0,
mv_9_6_6_to_10_4_4_H,2,2950,true,0,0,0,
mv_9_6_6_to_10_5_7_H,3,2944,true,0,0,0,
mv_9_6_6_to_11_5_4_H,3,2944,true,0,0,0,
mv_9_6_6_to_7_5_6_H,3,1778,true,0,0,0,
mv_9_6_6_to_7_7_7_H,3,2944,true,0,0,0,
mv_9_6_6_to_8_5_4_H,0,4168,true,0,0,0,
mv_9_6_6_to_8_7_5_H,3,3538,true,0,0,0,
mv_9_6_6_to_9_5_6_H,3,2961,true,0,0,0,
mv_9_6_6_to_9_7_6_H,3,2944,true,0,0,0,
mv_9_6_7_to_10_4_8_H,3,2951,true,0,0,0,
mv_9_6_7_to_10_6_6_H,3,1773,true,0,0,0,
mv_9_6_7_to_11_6_9_H,3,2951,true,0,0,0,
mv_9_6_7_to_7_5_8_H,3,2951,true,0,0,0,
mv_9_6_7_to_8_5_9_H,3,2951,true,0,0,0,
mv_9_6_7_to_8_7_6_H,3,1774,true,0,0,0,
mv_9_6_7_to_9_5_6_H,3,2942,true,0,0,0,
mv_9_6_7_to_9_8_7_H,3,2951,true,0,0,0,
mv_9_7_7_to_10_6_6_H,3,1769,true,0,0,0,
mv_9_7_7_to_7_5_5_H,3,1773,true,0,0,0,
mv_9_7_7_to_7_7_7_H,3,1768,true,0,0,0,
mv_9_7_7_to_8_6_6_H,2,4758,true,0,0,0,
mv_9_7_7_to_9_5_6_H,3,2942,true,0,0,0,
del_10_4_6,3,2944,true,0,0,0,
del_11_4_7,3,2358,true,0,0,0,
del_12_5_8,3,3554,true,0,0,0,
del_15_3_3,5,4095,true,0,0,0,
del_4_2_8,6,579,true,0,0,0,
del_5_3_6,3,3,true,0,0,0,
del_5_6_7,3,0,true,0,0,0,
del_7_1_4,3,0,true,0,0,0,
del_7_7_3,3,2353,true,0,0,0,
del_8_5_7,3,2354,true,0,0,0,
mv_10_2_2_to_10_2_4_R,2,597,true,0,0,0,
mv_10_2_2_to_11_4_0_R,3,2933,true,0,0,0,
mv_10_2_2_to_12_3_4_R,3,2933,true,0,0,0,
mv_10_2_2_to_9_1_3_R,1,5366,true,0,0,0,
mv_10_3_2_to_10_2_4_H,2,4160,true,0,0,0,
mv_10_3_2_to_11_1_4_H,2,2959,true,0,0,0,
mv_10_3_2_to_11_4_2_H,2,2959,true,0,0,0,
mv_10_3_2_to_12_2_1_H,2,2959,true,0,0,0,
mv_10_3_2_to_12_3_3_H,2,4158,true,0,0,0,
mv_10_3_2_to_12_5_3_H,2,2959,true,0,0,0,
mv_10_3_2_to_8_4_3_H,0,4169,true,0,0,0,
mv_10_3_2_to_9_2_2_H,2,2959,true,0,0,0,
mv_10_3_3_to_10_2_4_H,2,4160,true,0,0,0,
mv_10_3_3_to_11_1_3_H,2,2949,true,0,0,0,
mv_10_3_3_to_11_3_4_H,2,2949,true,0,0,0,
mv_10_3_3_to_11_5_4_H,2,2949,true,0,0,0,
mv_10_3_3_to_12_2_4_H,2,2949,true,0,0,0,
mv_10_3_3_to_12_5_2_H,2,2949,true,0,0,0,
mv_10_3_3_to_8_3_3_H,2,2949,true,0,0,0,
mv_10_3_3_to_9_1_3_H,1,5366,true,0,0,0,
mv_10_4_6_to_10_2_4_R,2,1187,true,0,0,0,
mv_10_4_6_to_11_3_6_R,3,2944,true,0,0,0,
mv_10_4_6_to_12_4_6_R,3,2944,true,0,0,0,
mv_10_4_6_to_8_6_8_R,3,3555,true,0,0,0,
mv_10_4_9_to_10_5_9_R,3,3555,true,0,0,0,
mv_10_4_9_to_12_6_7_R,5,5254,true,0,0,0,
mv_11_1_2_to_10_2_1_S,4,5276,true,0,0,0,
mv_11_1_2_to_11_2_1_S,4,5276,true,0,0,0,
mv_11_1_2_to_12_2_3_S,4,5276,true,0,0,0,
mv_11_1_2_to_13_3_2_S,4,5870,true,0,0,0,
mv_11_1_2_to_9_1_4_S,1,5366,true,0,0,0,
mv_11_2_2_to_10_2_1_S,3,4713,true,0,0,0,
mv_11_2_2_to_11_0_2_S,3,4713,true,0,0,0,
mv_11_2_2_to_11_3_4_S,2,3563,true,0,0,0,
mv_11_2_2_to_12_2_1_S,3,4713,true,0,0,0,
mv_11_2_2_to_12_3_4_S,3,4713,true,0,0,0,
mv_11_2_2_to_13_4_2_S,2,6522,true,0,0,0,
mv_11_2_2_to_9_1_3_S,1,5366,true,0,0,0,
mv_11_2_3_to_10_1_2_S,2,2966,true,0,0,0,
mv_11_2_3_to_10_4_4_S,2,2370,true,0,0,0,
mv_11_2_3_to_11_1_4_S,3,2944,true,0,0,0,
mv_11_2_3_to_11_4_2_S,2,2371,true,0,0,0,
mv_11_2_3_to_12_2_2_S,2,2370,true,0,0,0,
mv_11_2_3_to_13_3_2_S,2,2964,true,0,0,0,
mv_11_2_3_to_13_4_4_S,2,2370,true,0,0,0,
mv_11_2_3_to_9_1_4_S,1,5366,true,0,0,0,
mv_11_2_4_to_10_4_4_R,1,3566,true,0,0,0,
mv_11_2_4_to_12_2_2_R,2,5920,true,0,0,0,
mv_11_2_4_to_13_4_4_R,3,4707,true,0,0,0,
mv_11_2_4_to_9_3_3_R,3,2933,true,0,0,0,
mv_11_3_3_to_10_4_1_H,3,4098,true,0,0,0,
mv_11_3_3_to_11_1_4_H,3,5868,true,0,0,0,
mv_11_3_3_to_11_4_2_H,2,2958,true,0,0,0,
mv_11_3_3_to_12_1_2_H,3,4098,true,0,0,0,
mv_11_3_3_to_12_3_3_H,3,4098,true,0,0,0,
mv_11_3_3_to_12_5_3_H,3,4098,true,0,0,0,
mv_11_3_3_to_13_4_2_H,3,1775,true,0,0,0,
mv_11_3_3_to_9_2_2_H,3,2934,true,0,0,0,
mv_11_4_1_to_11_2_1_R,2,4159,true,0,0,0,
mv_11_4_1_to_12_5_1_R,4,5266,true,0,0,0,
mv_11_4_1_to_9_3_3_R,2,3563,true,0,0,0,
mv_11_4_4_to_11_3_6_R,2,3541,true,0,0,0,
mv_11_4_4_to_12_4_5_R,2,3541,true,0,0,0,
mv_11_4_4_to_13_4_4_R,2,3541,true,0,0,0,
mv_11_4_6_to_10_2_4_H,2,2975,true,0,0,0,
mv_11_4_6_to_10_4_8_H,3,3555,true,0,0,0,
mv_11_4_6_to_10_6_7_H,3,3555,true,0,0,0,
mv_11_4_6_to_11_4_5_H,3,2944,true,0,0,0,
mv_11_4_6_to_12_4_5_H,3,2944,true,0,0,0,
mv_11_4_6_to_13_3_7_H,3,2944,true,0,0,0,
mv_11_4_6_to_13_6_7_H,3,2944,true,0,0,0,
mv_11_4_6_to_9_5_6_H,3,3555,true,0,0,0,
mv_11_4_7_to_10_3_9_H,3,2358,true,0,0,0,
mv_11_4_7_to_10_5_7_H,3,3555,true,0,0,0,
mv_11_4_7_to_11_2_5_H,3,2358,true,0,0,0,
mv_11_4_7_to_11_5_6_H,3,2358,true,0,0,0,
mv_11_4_7_to_12_4_9_H,3,2358,true,0,0,0,
mv_11_4_7_to_13_3_8_H,3,2358,true,0,0,0,
mv_11_4_7_to_13_6_8_H,3,2358,true,0,0,0,
mv_11_4_7_to_9_5_5_H,3,2358,true,0,0,0,
mv_11_4_8_to_10_3_9_H,4,3522,true,0,0,0,
mv_11_4_8_to_10_5_7_H,3,3555,true,0,0,0,
mv_11_4_8_to_11_3_7_H,4,3522,true,0,0,0,
mv_11_4_8_to_11_5_7_H,3,3555,true,0,0,0,
mv_11_4_8_to_12_6_7_H,4,3522,true,0,0,0,
mv_11_4_8_to_13_4_9_H,4,3522,true,0,0,0,
mv_11_4_8_to_13_6_9_H,4,3522,true,0,0,0,
mv_11_4_8_to_9_5_8_H,2,4757,true,0,0,0,
mv_11_4_9_to_10_4_8_H,3,3555,true,0,0,0,
mv_11_4_9_to_11_3_8_H,6,3484,true,0,0,0,
mv_11_4_9_to_12_6_8_H,6,1752,true,0,0,0,
mv_11_4_9_to_13_6_7_H,6,1752,true,0,0,0,
mv_11_4_9_to_9_5_8_H,2,4757,true,0,0,0,
mv_11_5_9_to_10_4_8_H,3,3555,true,0,0,0,
mv_11_5_9_to_11_3_7_H,6,16,true,0,0,0,
mv_11_5_9_to_12_4_9_H,6,1736,true,0,0,0,
mv_11_5_9_to_13_4_9_H,6,1736,true,0,0,0,
mv_11_5_9_to_9_4_7_H,3,3555,true,0,0,0,
mv_12_3_1_to_10_1_2_H,2,4161,true,0,0,0,
mv_12_3_1_to_11_1_3_H,4,5281,true,0,0,0,
mv_12_3_1_to_11_4_3_H,2,4159,true,0,0,0,
mv_12_3_1_to_12_3_3_H,2,4159,true,0,0,0,
mv_12_3_1_to_13_3_2_H,4,6444,true,0,0,0,
mv_12_3_1_to_14_2_2_H,4,5862,true,0,0,0,
mv_12_4_1_to_11_2_1_H,5,3491,true,0,0,0,
mv_12_4_1_to_11_5_1_H,5,3491,true,0,0,0,
mv_12_4_1_to_12_3_3_H,2,4159,true,0,0,0,
mv_12_4_1_to_13_4_2_H,3,4713,true,0,0,0,
mv_12_4_2_to_10_2_3_H,2,4161,true,0,0,0,
mv_12_4_2_to_11_3_1_H,2,4159,true,0,0,0,
mv_12_4_2_to_11_5_1_H,3,4121,true,0,0,0,
mv_12_4_2_to_12_2_4_H,2,4159,true,0,0,0,
mv_12_4_2_to_12_5_1_H,3,4121,true,0,0,0,
mv_12_4_2_to_13_4_1_H,3,4121,true,0,0,0,
mv_12_4_2_to_14_3_4_H,3,4121,true,0,0,0,
mv_12_4_3_to_10_4_4_H,2,2953,true,0,0,0,
mv_12_4_3_to_11_3_1_H,2,4159,true,0,0,0,
mv_12_4_3_to_11_5_1_H,2,2953,true,0,0,0,
mv_12_4_3_to_12_2_4_H,2,4159,true,0,0,0,
mv_12_4_3_to_12_5_2_H,2,2953,true,0,0,0,
mv_12_4_3_to_13_4_2_H,2,2953,true,0,0,0,
mv_12_4_4_to_10_2_3_H,2,4160,true,0,0,0,
mv_12_4_4_to_10_5_6_H,2,3560,true,0,0,0,
mv_12_4_4_to_11_3_6_H,2,3541,true,0,0,0,
mv_12_4_4_to_11_5_6_H,2,3542,true,0,0,0,
mv_12_4_4_to_12_4_6_H,2,3541,true,0,0,0,
mv_12_4_4_to_13_3_3_H,2,3541,true,0,0,0,
mv_12_4_4_to_14_2_2_H,2,3541,true,0,0,0,
mv_12_5_7_to_10_4_8_R,3,3555,true,0,0,0,
mv_12_5_7_to_11_3_8_R,5,2925,true,0,0,0,
mv_12_5_7_to_13_3_7_R,5,2925,true,0,0,0,
mv_12_5_7_to_14_5_7_R,5,2925,true,0,0,0,
mv_12_5_8_to_10_5_9_R,3,3554,true,0,0,0,
mv_12_5_8_to_11_5_6_R,3,3554,true,0,0,0,
mv_12_5_8_to_13_4_9_R,3,3554,true,0,0,0,
mv_12_5_8_to_14_5_9_R,3,3554,true,0,0,0,
mv_13_4_7_to_11_3_9_S,3,5325,true,0,0,0,
mv_13_4_7_to_12_4_5_S,4,4710,true,0,0,0,
mv_13_4_7_to_12_6_8_S,5,2925,true,0,0,0,
mv_13_4_7_to_13_6_8_S,5,2925,true,0,0,0,
mv_13_4_7_to_14_5_9_S,5,2925,true,0,0,0,
mv_13_4_8_to_11_4_10_S,3,5325,true,0,0,0,
mv_13_4_8_to_12_4_6_S,3,5325,true,0,0,0,
mv_13_4_8_to_13_3_7_S,5,2925,true,0,0,0,
mv_13_4_8_to_13_6_7_S,5,2925,true,0,0,0,
mv_13_4_8_to_14_5_8_S,5,2925,true,0,0,0,
mv_13_5_7_to_11_3_9_S,6,3508,true,0,0,0,
mv_13_5_7_to_12_4_5_S,6,3508,true,0,0,0,
mv_13_5_7_to_12_6_8_S,6,3508,true,0,0,0,
mv_13_5_7_to_13_6_8_S,6,3508,true,0,0,0,
mv_13_5_7_to_14_5_9_S,6,3508,true,0,0,0,
mv_13_5_8_to_11_4_10_S,3,3554,true,0,0,0,
mv_13_5_8_to_12_4_6_S,3,3554,true,0,0,0,
mv_13_5_8_to_13_3_7_S,3,3554,true,0,0,0,
mv_13_5_8_to_13_5_6_S,3,3554,true,0,0,0,
mv_13_5_8_to_14_5_7_S,3,3554,true,0,0,0,
mv_13_5_9_to_11_4_10_S,3,5325,true,0,0,0,
mv_13_5_9_to_12_6_7_S,6,23,true,0,0,0,
mv_13_5_9_to_13_6_7_S,5,2925,true,0,0,0,
mv_13_5_9_to_14_5_8_S,5,2925,true,0,0,0,
mv_14_3_2_to_12_5_1_R,5,2925,true,0,0,0,
mv_14_3_2_to_14_3_4_R,5,2925,true,0,0,0,
mv_14_3_2_to_16_3_1_R,5,2925,true,0,0,0,
mv_14_3_3_to_12_3_3_R,2,4158,true,0,0,0,
mv_14_3_3_to_13_4_3_R,3,5313,true,0,0,0,
mv_14_3_3_to_15_5_3_R,6,4045,true,0,0,0,
mv_15_3_1_to_13_4_1_H,5,5830,true,0,0,0,
mv_15_3_1_to_15_2_2_H,5,4089,true,0,0,0,
mv_15_3_1_to_16_3_2_H,8,4011,true,0,0,0,
mv_15_3_2_to_13_3_3_H,3,5313,true,0,0,0,
mv_15_3_2_to_14_2_2_H,3,5313,true,0,0,0,
mv_15_3_2_to_15_3_0_H,3,5313,true,0,0,0,
mv_15_3_2_to_15_5_3_H,3,5313,true,0,0,0,
mv_15_3_3_to_13_3_2_H,3,5313,true,0,0,0,
mv_15_3_3_to_13_4_4_H,5,4095,true,0,0,0,
mv_15_3_3_to_15_2_2_H,5,4095,true,0,0,0,
mv_15_3_3_to_16_3_1_H,5,4095,true,0,0,0,
mv_15_4_2_to_13_3_3_H,3,5313,true,0,0,0,
mv_15_4_2_to_14_2_2_H,6,2903,true,0,0,0,
mv_15_4_2_to_15_2_3_H,6,4044,true,0,0,0,
mv_15_4_2_to_15_5_3_H,5,5246,true,0,0,0,
mv_15_4_3_to_13_3_2_H,3,5313,true,0,0,0,
mv_15_4_3_to_13_4_4_H,3,5313,true,0,0,0,
mv_15_4_3_to_15_2_2_H,6,4041,true,0,0,0,
mv_15_4_3_to_16_3_1_H,6,4044,true,0,0,0,
mv_2_5_4_to_3_3_6_H,0,0,true,0,0,0,
mv_2_5_4_to_3_6_5_H,0,1,true,0,0,0,
mv_2_5_4_to_4_5_3_H,0,0,true,0,0,0,
mv_3_3_7_to_2_4_7_H,0,0,true,0,0,0,
mv_3_3_7_to_3_4_6_H,1,0,true,0,0,0,
mv_3_3_7_to_4_1_8_H,1,0,true,0,0,0,
mv_3_3_7_to_4_4_6_H,1,0,true,0,0,0,
mv_3_3_7_to_5_1_7_H,1,0,true,0,0,0,
mv_3_3_7_to_5_3_9_H,1,0,true,0,0,0,
mv_3_4_7_to_2_3_7_H,0,0,true,0,0,0,
mv_3_4_7_to_3_2_7_H,1,0,true,0,0,0,
mv_3_4_7_to_4_2_9_H,1,0,true,0,0,0,
mv_3_4_7_to_4_4_8_H,1,0,true,0,0,0,
mv_3_4_7_to_5_3_5_H,1,0,true,0,0,0,
mv_3_4_7_to_5_4_8_H,1,0,true,0,0,0,
mv_3_5_4_to_2_5_3_H,0,0,true,0,0,0,
mv_3_5_4_to_3_6_5_H,0,1,true,0,0,0,
mv_3_5_4_to_4_5_3_H,0,0,true,0,0,0,
mv_3_5_4_to_5_3_3_H,0,1765,true,0,0,0,
mv_3_5_4_to_5_5_3_H,0,0,true,0,0,0,
mv_3_6_6_to_2_4_7_H,0,0,true,0,0,0,
mv_3_6_6_to_3_5_7_H,1,0,true,0,0,0,
mv_3_6_6_to_4_4_8_H,1,0,true,0,0,0,
mv_3_6_6_to_4_7_5_H,1,0,true,0,0,0,
mv_3_6_6_to_5_4_8_H,1,0,true,0,0,0,
mv_4_2_5_to_2_3_7_H,0,0,true,0,0,0,
mv_4_2_5_to_3_3_6_H,1,0,true,0,0,0,
mv_4_2_5_to_4_4_4_H,2,0,true,0,0,0,
mv_4_2_5_to_5_2_4_H,2,0,true,0,0,0,
mv_4_2_5_to_5_4_5_H,1,1194,true,0,0,0,
mv_4_2_5_to_6_1_3_H,2,0,true,0,0,0,
mv_4_2_5_to_6_2_7_H,2,0,true,0,0,0,
mv_4_2_6_to_2_3_7_R,3,580,true,0,0,0,
mv_4_2_6_to_4_1_5_R,2,2980,true,0,0,0,
mv_4_2_6_to_5_1_7_R,3,2370,true,0,0,0,
mv_4_2_6_to_6_0_6_R,3,580,true,0,0,0,
mv_4_2_6_to_6_4_7_R,3,580,true,0,0,0,
mv_4_2_8_to_4_3_8_R,3,2355,true,0,0,0,
mv_4_2_8_to_5_4_8_R,3,2355,true,0,0,0,
mv_4_4_7_to_2_3_7_S,0,0,true,0,0,0,
mv_4_4_7_to_3_2_6_S,1,0,true,0,0,0,
mv_4_4_7_to_3_4_8_S,1,0,true,0,0,0,
mv_4_4_7_to_4_3_7_S,1,0,true,0,0,0,
mv_4_4_7_to_5_2_9_S,1,0,true,0,0,0,
mv_4_4_7_to_5_4_6_S,1,3584,true,0,0,0,
mv_4_4_7_to_6_2_6_S,1,0,true,0,0,0,
mv_4_4_7_to_6_4_5_S,1,0,true,0,0,0,
mv_4_4_7_to_6_6_6_S,1,2379,true,0,0,0,
mv_4_5_4_to_2_6_6_S,0,0,true,0,0,0,
mv_4_5_4_to_3_6_4_S,0,0,true,0,0,0,
mv_4_5_4_to_4_5_6_S,0,1,true,0,0,0,
mv_4_5_4_to_5_3_5_S,0,1776,true,0,0,0,
mv_4_5_4_to_5_7_3_S,0,0,true,0,0,0,
mv_4_5_4_to_6_4_6_S,0,1794,true,0,0,0,
mv_4_5_4_to_6_6_6_S,0,1,true,0,0,0,
mv_4_5_7_to_2_6_6_R,0,2379,true,0,0,0,
mv_4_5_7_to_4_4_6_R,2,2368,true,0,0,0,
mv_4_5_7_to_5_4_6_R,1,2368,true,0,0,0,
mv_4_5_7_to_6_4_7_R,1,2368,true,0,0,0,
mv_4_6_5_to_2_5_5_R,0,4168,true,0,0,0,
mv_4_6_5_to_4_4_6_R,2,1181,true,0,0,0,
mv_4_6_5_to_5_7_3_R,2,2352,true,0,0,0,
mv_4_6_5_to_6_6_4_R,2,2352,true,0,0,0,
mv_4_6_6_to_2_4_7_H,0,0,true,0,0,0,
mv_4_6_6_to_3_4_8_H,1,0,true,0,0,0,
mv_4_6_6_to_4_4_4_H,1,0,true,0,0,0,
mv_4_6_6_to_4_6_4_H,1,1186,true,0,0,0,
mv_4_6_6_to_5_4_6_H,1,0,true,0,0,0,
mv_4_6_6_to_5_7_7_H,1,0,true,0,0,0,
mv_4_6_6_to_6_5_7_H,1,0,true,0,0,0,
mv_4_6_6_to_6_7_5_H,1,2379,true,0,0,0,
mv_5_2_5_to_3_2_7_H,1,0,true,0,0,0,
mv_5_2_5_to_4_1_6_H,2,0,true,0,0,0,
mv_5_2_5_to_5_1_4_H,2,0,true,0,0,0,
mv_5_2_5_to_5_3_7_H,2,1182,true,0,0,0,
mv_5_2_5_to_6_0_4_H,2,0,true,0,0,0,
mv_5_2_5_to_6_2_6_H,2,0,true,0,0,0,
mv_5_2_5_to_6_4_7_H,2,1182,true,0,0,0,
mv_5_2_5_to_7_4_5_H,2,1,true,0,0,0,
mv_5_2_6_to_3_3_6_H,1,586,true,0,0,0,
mv_5_2_6_to_4_1_6_H,2,586,true,0,0,0,
mv_5_2_6_to_4_4_4_H,2,586,true,0,0,0,
mv_5_2_6_to_5_1_8_H,2,586,true,0,0,0,
mv_5_2_6_to_5_4_5_H,1,1194,true,0,0,0,
mv_5_2_6_to_6_2_4_H,2,586,true,0,0,0,
mv_5_2_6_to_6_3_8_H,2,586,true,0,0,0,
mv_5_2_6_to_7_1_6_H,2,586,true,0,0,0,
mv_5_2_7_to_3_2_6_H,1,3,true,0,0,0,
mv_5_2_7_to_3_4_8_H,1,3,true,0,0,0,
mv_5_2_7_to_4_3_5_H,2,3,true,0,0,0,
mv_5_2_7_to_5_1_6_H,2,3,true,0,0,0,
mv_5_2_7_to_5_3_9_H,2,3,true,0,0,0,
mv_5_2_7_to_6_2_5_H,2,1776,true,0,0,0,
mv_5_2_7_to_6_4_5_H,2,3,true,0,0,0,
mv_5_2_7_to_7_2_5_H,2,1776,true,0,0,0,
mv_5_2_8_to_3_2_8_H,1,579,true,0,0,0,
mv_5_2_8_to_4_1_8_H,2,579,true,0,0,0,
mv_5_2_8_to_4_4_8_H,2,579,true,0,0,0,
mv_5_2_8_to_5_4_6_H,2,579,true,0,0,0,
mv_5_2_8_to_6_3_6_H,2,579,true,0,0,0,
mv_5_2_8_to_7_1_6_H,2,1169,true,0,0,0,
mv_5_3_6_to_3_3_6_H,1,3,true,0,0,0,
mv_5_3_6_to_4_1_5_H,2,3,true,0,0,0,
mv_5_3_6_to_4_3_8_H,2,1784,true,0,0,0,
mv_5_3_6_to_4_5_8_H,2,3,true,0,0,0,
mv_5_3_6_to_5_2_4_H,3,2370,true,0,0,0,
mv_5_3_6_to_5_4_6_H,3,3,true,0,0,0,
mv_5_3_6_to_6_2_6_H,3,3,true,0,0,0,
mv_5_3_6_to_6_4_6_H,3,3,true,0,0,0,
mv_5_3_6_to_7_2_5_H,3,2370,true,0,0,0,
mv_5_3_6_to_7_5_7_H,3,2964,true,0,0,0,
mv_5_3_8_to_3_3_6_H,1,4,true,0,0,0,
mv_5_3_8_to_4_1_8_H,2,4,true,0,0,0,
mv_5_3_8_to_4_4_8_H,2,4,true,0,0,0,
mv_5_3_8_to_5_1_8_H,3,4,true,0,0,0,
mv_5_3_8_to_5_5_8_H,3,4,true,0,0,0,
mv_5_3_8_to_6_4_6_H,4,4,true,0,0,0,
mv_5_3_8_to_7_5_7_H,3,3555,true,0,0,0,
mv_5_4_7_to_3_2_8_H,1,0,true,0,0,0,
mv_5_4_7_to_3_6_5_H,1,2379,true,0,0,0,
mv_5_4_7_to_4_4_6_H,1,0,true,0,0,0,
mv_5_4_7_to_5_2_9_H,1,0,true,0,0,0,
mv_5_4_7_to_5_4_6_H,1,0,true,0,0,0,
mv_5_4_7_to_6_2_6_H,1,0,true,0,0,0,
mv_5_4_7_to_6_4_5_H,1,1174,true,0,0,0,
mv_5_4_7_to_6_6_7_H,1,3564,true,0,0,0,
mv_5_4_7_to_7_5_6_H,1,7,true,0,0,0,
mv_5_5_4_to_3_4_4_H,0,0,true,0,0,0,
mv_5_5_4_to_3_7_6_H,0,1,true,0,0,0,
mv_5_5_4_to_4_5_6_H,0,1,true,0,0,0,
mv_5_5_4_to_5_3_5_H,0,0,true,0,0,0,
mv_5_5_4_to_5_7_6_H,0,1,true,0,0,0,
mv_5_5_4_to_6_5_3_H,0,0,true,0,0,0,
mv_5_5_4_to_6_7_2_H,0,0,true,0,0,0,
mv_5_5_4_to_7_4_2_H,0,0,true,0,0,0,
mv_5_5_4_to_7_6_2_H,0,0,true,0,0,0,
mv_5_5_5_to_3_4_6_H,1,2352,true,0,0,0,
mv_5_5_5_to_3_7_6_H,3,2352,true,0,0,0,
mv_5_5_5_to_4_5_3_H,2,2352,true,0,0,0,
mv_5_5_5_to_4_7_6_H,3,2352,true,0,0,0,
mv_5_5_5_to_5_4_6_H,3,2352,true,0,0,0,
mv_5_5_5_to_6_3_6_H,3,2956,true,0,0,0,
mv_5_5_5_to_6_5_5_H,180,0,true,12,600,900,7:100 8:100 9:100 10:150 11:900 12:600
mv_5_5_5_to_6_6_7_H,1,2970,true,0,0,0,
mv_5_5_5_to_7_4_5_H,3,2352,true,0,0,0,
mv_5_5_5_to_7_6_4_H,3,2352,true,0,0,0,
mv_5_5_6_to_3_4_6_H,1,2933,true,0,0,0,
mv_5_5_6_to_3_7_6_H,1,2379,true,0,0,0,
mv_5_5_6_to_4_4_6_H,2,2933,true,0,0,0,
mv_5_5_6_to_4_6_7_H,1,2379,true,0,0,0,
mv_5_5_6_to_5_4_4_H,3,2933,true,0,0,0,
mv_5_5_6_to_5_6_8_H,3,2933,true,0,0,0,
mv_5_5_6_to_6_4_5_H,3,2938,true,0,0,0,
mv_5_5_6_to_6_6_4_H,1,2379,true,0,0,0,
mv_5_5_6_to_6_7_7_H,3,2933,true,0,0,0,
mv_5_5_6_to_7_5_7_H,3,4145,true,0,0,0,
mv_5_5_7_to_3_3_6_H,1,0,true,0,0,0,
mv_5_5_7_to_3_7_6_H,1,2379,true,0,0,0,
mv_5_5_7_to_4_4_8_H,1,0,true,0,0,0,
mv_5_5_7_to_4_7_6_H,1,2379,true,0,0,0,
mv_5_5_7_to_5_4_6_H,1,0,true,0,0,0,
mv_5_5_7_to_6_3_6_H,1,0,true,0,0,0,
mv_5_5_7_to_6_5_5_H,1,2379,true,0,0,0,
mv_5_5_7_to_6_7_7_H,1,0,true,0,0,0,
mv_5_5_7_to_7_5_7_H,1,3555,true,0,0,0,
mv_5_6_4_to_3_4_6_H,1,1181,true,0,0,0,
mv_5_6_4_to_4_4_4_H,2,1181,true,0,0,0,
mv_5_6_4_to_4_7_5_H,2,1181,true,0,0,0,
mv_5_6_4_to_5_5_3_H,3,1181,true,0,0,0,
mv_5_6_4_to_6_5_3_H,3,1181,true,0,0,0,
mv_5_6_4_to_6_7_2_H,3,1181,true,0,0,0,
mv_5_6_4_to_7_4_2_H,3,1181,true,0,0,0,
mv_5_6_4_to_7_6_2_H,3,1181,true,0,0,0,
mv_5_6_4_to_7_8_5_H,3,1181,true,0,0,0,
mv_5_6_5_to_3_5_7_H,1,2,true,0,0,0,
mv_5_6_5_to_4_4_6_H,1,2,true,0,0,0,
mv_5_6_5_to_4_7_5_H,1,2,true,0,0,0,
mv_5_6_5_to_5_5_3_H,1,2,true,0,0,0,
mv_5_6_5_to_6_4_6_H,1,2,true,0,0,0,
mv_5_6_5_to_6_6_3_H,1,1782,true,0,0,0,
mv_5_6_5_to_6_7_5_H,1,2,true,0,0,0,
mv_5_6_5_to_7_5_3_H,1,2,true,0,0,0,
mv_5_6_5_to_7_6_7_H,1,2,true,0,0,0,
mv_5_6_5_to_7_8_6_H,1,2,true,0,0,0,
mv_5_6_6_to_3_6_4_H,0,2392,true,0,0,0,
mv_5_6_6_to_4_4_8_H,1,0,true,0,0,0,
mv_5_6_6_to_4_7_5_H,1,0,true,0,0,0,
mv_5_6_6_to_5_4_8_H,1,0,true,0,0,0,
mv_5_6_6_to_6_4_5_H,1,0,true,0,0,0,
mv_5_6_6_to_6_6_4_H,1,0,true,0,0,0,
mv_5_6_6_to_6_7_7_H,1,0,true,0,0,0,
mv_5_6_6_to_7_5_7_H,1,3555,true,0,0,0,
mv_5_6_6_to_7_8_4_H,1,0,true,0,0,0,
mv_5_6_7_to_3_5_7_H,1,0,true,0,0,0,
mv_5_6_7_to_4_5_6_H,1,2379,true,0,0,0,
mv_5_6_7_to_5_4_5_H,1,2379,true,0,0,0,
mv_5_6_7_to_6_4_5_H,3,0,true,0,0,0,
mv_5_6_7_to_6_6_6_H,1,2379,true,0,0,0,
mv_5_6_7_to_7_5_5_H,3,0,true,0,0,0,
mv_5_6_7_to_7_7_7_H,3,0,true,0,0,0,
mv_6_1_4_to_5_2_4_R,3,2968,true,0,0,0,
mv_6_1_4_to_6_3_6_R,3,2952,true,0,0,0,
mv_6_1_4_to_8_-1_4_R,1,4174,true,0,0,0,
mv_6_3_3_to_4_1_5_S,2,3580,true,0,0,0,
mv_6_3_3_to_5_2_4_S,3,2968,true,0,0,0,
mv_6_3_3_to_6_1_3_S,3,0,true,0,0,0,
mv_6_3_3_to_6_5_3_S,0,1200,true,0,0,0,
mv_6_3_3_to_7_3_5_S,0,2976,true,0,0,0,
mv_6_3_3_to_8_1_2_S,1,5366,true,0,0,0,
mv_6_3_3_to_8_4_4_S,0,1200,true,0,0,0,
mv_6_4_4_to_5_3_3_R,0,2968,true,0,0,0,
mv_6_4_4_to_6_3_2_R,0,2968,true,0,0,0,
mv_6_4_4_to_7_3_2_R,0,2968,true,0,0,0,
mv_6_4_4_to_8_3_4_R,0,2968,true,0,0,0,
mv_6_5_4_to_4_4_4_S,0,0,true,0,0,0,
mv_6_5_4_to_4_7_5_S,0,0,true,0,0,0,
mv_6_5_4_to_5_4_5_S,0,0,true,0,0,0,
mv_6_5_4_to_6_3_2_S,0,0,true,0,0,0,
mv_6_5_4_to_6_6_3_S,0,1,true,0,0,0,
mv_6_5_4_to_6_7_5_S,0,1,true,0,0,0,
mv_6_5_4_to_7_5_3_S,0,4187,true,0,0,0,
mv_6_5_4_to_7_7_2_S,0,0,true,0,0,0,
mv_6_5_4_to_8_5_4_S,0,0,true,0,0,0,
mv_6_5_4_to_8_7_4_S,0,0,true,0,0,0,
mv_6_5_6_to_4_3_8_S,1,3584,true,0,0,0,
mv_6_5_6_to_4_5_8_S,2,3526,true,0,0,0,
mv_6_5_6_to_5_3_5_S,4,3526,true,0,0,0,
mv_6_5_6_to_5_4_8_S,1,3584,true,0,0,0,
mv_6_5_6_to_6_3_6_S,4,3526,true,0,0,0,
mv_6_5_6_to_6_5_7_S,3,2354,true,0,0,0,
mv_6_5_6_to_6_7_5_S,1,2379,true,0,0,0,
mv_6_5_6_to_7_5_7_S,3,2354,true,0,0,0,
mv_6_5_6_to_8_3_4_S,0,2392,true,0,0,0,
mv_6_5_6_to_8_6_8_S,4,3526,true,0,0,0,
mv_6_7_3_to_5_5_3_R,0,2393,true,0,0,0,
mv_6_7_3_to_7_6_4_R,0,2392,true,0,0,0,
mv_6_7_3_to_8_7_5_R,3,2353,true,0,0,0,
mv_6_7_6_to_5_7_7_R,3,2354,true,0,0,0,
mv_6_7_6_to_7_5_7_R,3,2961,true,0,0,0,
mv_6_7_6_to_8_6_6_R,2,3561,true,0,0,0,
mv_7_0_3_to_6_2_4_R,2,1788,true,0,0,0,
mv_7_0_3_to_9_0_3_R,2,2965,true,0,0,0,
mv_7_0_6_to_5_2_4_R,3,2968,true,0,0,0,
mv_7_0_6_to_8_-1_5_R,3,4117,true,0,0,0,
mv_7_1_4_to_5_1_4_S,3,0,true,0,0,0,
mv_7_1_4_to_6_0_3_S,3,0,true,0,0,0,
mv_7_1_4_to_6_2_4_S,3,2968,true,0,0,0,
mv_7_1_4_to_7_-1_3_S,3,0,true,0,0,0,
mv_7_1_4_to_7_2_5_S,3,1746,true,0,0,0,
mv_7_1_4_to_8_-1_5_S,1,5366,true,0,0,0,
mv_7_1_4_to_8_1_6_S,1,5366,true,0,0,0,
mv_7_1_4_to_9_0_5_S,1,5366,true,0,0,0,
mv_7_1_4_to_9_3_2_S,2,1789,true,0,0,0,
mv_7_1_5_to_5_2_4_S,3,2968,true,0,0,0,
mv_7_1_5_to_6_0_4_S,3,2952,true,0,0,0,
mv_7_1_5_to_6_2_5_S,3,2952,true,0,0,0,
mv_7_1_5_to_7_-1_6_S,3,2952,true,0,0,0,
mv_7_1_5_to_8_-1_3_S,1,4770,true,0,0,0,
mv_7_1_5_to_8_1_5_S,1,4770,true,0,0,0,
mv_7_1_5_to_9_0_4_S,1,4770,true,0,0,0,
mv_7_1_5_to_9_3_3_S,2,3565,true,0,0,0,
mv_7_2_3_to_5_4_4_S,0,1200,true,0,0,0,
mv_7_2_3_to_6_2_3_S,3,0,true,0,0,0,
mv_7_2_3_to_7_0_2_S,3,0,true,0,0,0,
mv_7_2_3_to_7_4_5_S,0,1200,true,0,0,0,
mv_7_2_3_to_8_3_4_S,0,1200,true,0,0,0,
mv_7_2_3_to_9_0_5_S,1,5366,true,0,0,0,
mv_7_2_3_to_9_3_3_S,2,4159,true,0,0,0,
mv_7_2_4_to_5_3_5_S,3,2952,true,0,0,0,
mv_7_2_4_to_6_0_4_S,3,2952,true,0,0,0,
mv_7_2_4_to_6_2_5_S,3,2952,true,0,0,0,
mv_7_2_4_to_6_4_6_S,1,2982,true,0,0,0,
mv_7_2_4_to_7_3_2_S,3,2952,true,0,0,0,
mv_7_2_4_to_8_1_2_S,1,4770,true,0,0,0,
mv_7_2_4_to_8_4_3_S,0,2976,true,0,0,0,
mv_7_2_4_to_9_0_6_S,1,4770,true,0,0,0,
mv_7_2_4_to_9_3_3_S,2,3565,true,0,0,0,
mv_7_3_3_to_5_3_5_S,3,2952,true,0,0,0,
mv_7_3_3_to_6_2_3_S,3,0,true,0,0,0,
mv_7_3_3_to_6_5_3_S,0,1200,true,0,0,0,
mv_7_3_3_to_7_4_2_S,0,1200,true,0,0,0,
mv_7_3_3_to_8_1_5_S,1,5366,true,0,0,0,
mv_7_3_3_to_9_1_3_S,1,5366,true,0,0,0,
mv_7_3_3_to_9_5_5_S,2,1,true,0,0,0,
mv_7_3_4_to_5_3_5_S,2,1776,true,0,0,0,
mv_7_3_4_to_6_1_3_S,2,0,true,0,0,0,
mv_7_3_4_to_6_3_2_S,2,0,true,0,0,0,
mv_7_3_4_to_6_5_5_S,0,1793,true,0,0,0,
mv_7_3_4_to_7_4_2_S,2,0,true,0,0,0,
mv_7_3_4_to_8_1_2_S,1,4768,true,0,0,0,
mv_7_3_4_to_8_4_4_S,2,0,true,0,0,0,
mv_7_3_4_to_9_3_2_S,2,4159,true,0,0,0,
mv_7_4_3_to_5_2_4_S,1,1787,true,0,0,0,
mv_7_4_3_to_5_5_3_S,2,3,true,0,0,0,
mv_7_4_3_to_6_4_5_S,2,3,true,0,0,0,
mv_7_4_3_to_7_2_2_S,2,3,true,0,0,0,
mv_7_4_3_to_7_5_3_S,0,3587,true,0,0,0,
mv_7_4_3_to_8_3_4_S,3,0,true,0,0,0,
mv_7_4_3_to_9_2_2_S,2,3,true,0,0,0,
mv_7_4_4_to_5_2_4_S,0,1787,true,0,0,0,
mv_7_4_4_to_5_4_6_S,0,2396,true,0,0,0,
mv_7_4_4_to_6_2_6_S,0,1776,true,0,0,0,
mv_7_4_4_to_6_5_3_S,0,0,true,0,0,0,
mv_7_4_4_to_7_2_2_S,0,0,true,0,0,0,
mv_7_4_4_to_7_5_3_S,0,3587,true,0,0,0,
mv_7_4_4_to_8_3_3_S,0,1766,true,0,0,0,
mv_7_4_4_to_8_6_5_S,0,0,true,0,0,0,
mv_7_4_4_to_9_4_6_S,0,588,true,0,0,0,
mv_7_5_4_to_5_3_5_S,0,1776,true,0,0,0,
mv_7_5_4_to_5_7_3_S,0,0,true,0,0,0,
mv_7_5_4_to_6_4_6_S,0,1794,true,0,0,0,
mv_7_5_4_to_6_6_6_S,0,1,true,0,0,0,
mv_7_5_4_to_7_3_5_S,0,0,true,0,0,0,
mv_7_5_4_to_7_6_2_S,0,0,true,0,0,0,
mv_7_5_4_to_8_4_3_S,0,2952,true,0,0,0,
mv_7_5_4_to_8_7_3_S,0,0,true,0,0,0,
mv_7_5_4_to_9_3_3_S,0,4159,true,0,0,0,
mv_7_5_4_to_9_7_5_S,0,0,true,0,0,0,
mv_7_6_3_to_5_7_3_S,3,2920,true,0,0,0,
mv_7_6_3_to_6_6_4_S,0,2393,true,0,0,0,
mv_7_6_3_to_7_4_2_S,0,4168,true,0,0,0,
mv_7_6_3_to_7_7_2_S,4,2920,true,0,0,0,
mv_7_6_3_to_8_4_4_S,0,4168,true,0,0,0,
mv_7_6_3_to_8_7_5_S,4,2920,true,0,0,0,
mv_7_7_3_to_5_7_3_S,3,2353,true,0,0,0,
mv_7_7_3_to_6_7_2_S,3,2353,true,0,0,0,
mv_7_7_3_to_7_5_5_S,0,2988,true,0,0,0,
mv_7_7_3_to_8_5_4_S,0,2393,true,0,0,0,
mv_7_7_3_to_9_5_5_S,2,1187,true,0,0,0,
mv_7_7_4_to_5_7_6_S,3,2353,true,0,0,0,
mv_7_7_4_to_6_6_6_S,1,2379,true,0,0,0,
mv_7_7_4_to_6_8_6_S,3,2353,true,0,0,0,
mv_7_7_4_to_7_6_4_S,0,2991,true,0,0,0,
mv_7_7_4_to_8_5_4_S,0,2393,true,0,0,0,
mv_7_7_4_to_8_7_5_S,3,2353,true,0,0,0,
mv_7_7_4_to_9_7_5_S,3,2353,true,0,0,0,
mv_7_7_5_to_5_7_7_S,2,2964,true,0,0,0,
mv_7_7_5_to_6_6_4_S,0,2393,true,0,0,0,
mv_7_7_5_to_6_7_7_S,2,2964,true,0,0,0,
mv_7_7_5_to_7_5_6_S,1,3564,true,0,0,0,
mv_7_7_5_to_7_8_3_S,2,2369,true,0,0,0,
mv_7_7_5_to_8_6_5_S,2,2369,true,0,0,0,
mv_7_7_5_to_9_5_5_S,2,1187,true,0,0,0,
mv_7_7_5_to_9_8_7_S,2,2369,true,0,0,0,
mv_7_7_6_to_6_5_5_S,0,2393,true,0,0,0,
mv_7_7_6_to_6_7_4_S,1,2379,true,0,0,0,
mv_7_7_6_to_7_5_6_S,1,3564,true,0,0,0,
mv_7_7_6_to_7_8_4_S,3,2354,true,0,0,0,
mv_7_7_6_to_8_6_8_S,3,2354,true,0,0,0,
mv_7_7_6_to_9_5_8_S,3,1775,true,0,0,0,
mv_7_7_6_to_9_7_8_S,3,2354,true,0,0,0,
mv_8_0_3_to_10_2_4_S,3,3525,true,0,0,0,
mv_8_0_3_to_6_2_4_S,3,2968,true,0,0,0,
mv_8_0_3_to_7_2_5_S,3,4124,true,0,0,0,
mv_8_0_3_to_9_0_4_S,3,4093,true,0,0,0,
mv_8_0_4_to_10_1_2_S,2,2965,true,0,0,0,
mv_8_0_4_to_6_0_6_S,2,2948,true,0,0,0,
mv_8_0_4_to_6_2_6_S,2,2960,true,0,0,0,
mv_8_0_4_to_7_2_2_S,2,2948,true,0,0,0,
mv_8_0_4_to_8_0_2_S,2,2948,true,0,0,0,
mv_8_0_4_to_9_0_5_S,2,2948,true,0,0,0,
mv_8_0_5_to_10_2_3_S,2,3563,true,0,0,0,
mv_8_0_5_to_6_1_3_S,3,4094,true,0,0,0,
mv_8_0_5_to_6_2_7_S,3,4125,true,0,0,0,
mv_8_0_5_to_7_2_5_S,3,4125,true,0,0,0,
mv_8_0_5_to_8_1_5_S,3,4094,true,0,0,0,
mv_8_0_5_to_9_1_3_S,3,3506,true,0,0,0,
mv_8_0_6_to_6_2_4_S,3,2968,true,0,0,0,
mv_8_0_6_to_7_-1_6_S,3,4102,true,0,0,0,
mv_8_0_6_to_8_-1_5_S,3,4102,true,0,0,0,
mv_8_1_3_to_10_1_2_S,2,2371,true,0,0,0,
mv_8_1_3_to_6_0_4_S,3,3546,true,0,0,0,
mv_8_1_3_to_6_3_2_S,3,3546,true,0,0,0,
mv_8_1_3_to_7_3_2_S,3,3546,true,0,0,0,
mv_8_1_3_to_8_0_2_S,3,3546,true,0,0,0,
mv_8_1_3_to_9_0_4_S,3,3546,true,0,0,0,
mv_8_1_3_to_9_3_3_S,2,2371,true,0,0,0,
mv_8_1_4_to_6_0_3_S,1,3566,true,0,0,0,
mv_8_1_4_to_6_2_4_S,1,2385,true,0,0,0,
mv_8_1_4_to_7_-1_3_S,1,3566,true,0,0,0,
mv_8_1_4_to_7_2_5_S,1,3566,true,0,0,0,
mv_8_1_4_to_8_-1_5_S,1,3566,true,0,0,0,
mv_8_1_4_to_8_1_6_S,1,3566,true,0,0,0,
mv_8_1_4_to_9_0_5_S,1,3566,true,0,0,0,
mv_8_1_4_to_9_3_3_S,1,5355,true,0,0,0,
mv_8_5_7_to_10_4_8_S,3,2354,true,0,0,0,
mv_8_5_7_to_10_6_6_S,3,2354,true,0,0,0,
mv_8_5_7_to_6_4_5_S,3,2354,true,0,0,0,
mv_8_5_7_to_6_6_6_S,1,2379,true,0,0,0,
mv_8_5_7_to_7_4_5_S,0,2392,true,0,0,0,
mv_8_5_7_to_7_7_7_S,2,4758,true,0,0,0,
mv_8_5_7_to_8_7_5_S,3,2354,true,0,0,0,
mv_8_5_7_to_9_5_5_S,2,1186,true,0,0,0,
mv_8_5_7_to_9_7_6_S,3,2354,true,0,0,0,
mv_8_5_8_to_10_4_7_S,3,3554,true,0,0,0,
mv_8_5_8_to_10_6_6_S,3,2354,true,0,0,0,
mv_8_5_8_to_6_4_6_S,1,2982,true,0,0,0,
mv_8_5_8_to_6_7_7_S,3,2354,true,0,0,0,
mv_8_5_8_to_8_6_6_S,3,3556,true,0,0,0,
mv_8_5_8_to_9_4_9_S,3,2354,true,0,0,0,
mv_8_5_8_to_9_7_8_S,3,2354,true,0,0,0,
mv_8_6_7_to_10_7_7_R,2,3560,true,0,0,0,
mv_8_6_7_to_6_8_6_R,2,3560,true,0,0,0,
mv_8_6_7_to_8_6_5_R,1,2378,true,0,0,0,
mv_8_6_7_to_9_5_8_R,2,3560,true,0,0,0,
mv_9_5_7_to_10_4_5_H,3,2354,true,0,0,0,
mv_9_5_7_to_10_6_5_H,3,2354,true,0,0,0,
mv_9_5_7_to_11_3_7_H,3,2354,true,0,0,0,
mv_9_5_7_to_11_5_7_H,3,2354,true,0,0,0,
mv_9_5_7_to_7_5_6_H,1,3564,true,0,0,0,
mv_9_5_7_to_8_5_9_H,3,2354,true,0,0,0,
mv_9_5_7_to_8_7_6_H,3,2354,true,0,0,0,
mv_9_5_7_to_9_5_8_H,3,2354,true,0,0,0,
mv_9_6_5_to_10_4_4_R,1,3566,true,0,0,0,
mv_9_6_5_to_11_5_4_R,3,2352,true,0,0,0,
mv_9_6_5_to_7_7_7_R,2,4163,true,0,0,0,
mv_9_6_5_to_8_7_3_R,4,2338,true,0,0,0,
mv_9_6_6_to_10_4_4_S,2,2950,true,0,0,0,
mv_9_6_6_to_10_5_7_S,3,2961,true,0,0,0,
mv_9_6_6_to_11_5_4_S,3,2944,true,0,0,0,
mv_9_6_6_to_7_5_6_S,3,1779,true,0,0,0,
mv_9_6_6_to_7_7_7_S,3,3562,true,0,0,0,
mv_9_6_6_to_8_5_4_S,0,4168,true,0,0,0,
mv_9_6_6_to_8_7_5_S,3,3538,true,0,0,0,
mv_9_6_6_to_9_5_6_S,3,2961,true,0,0,0,
mv_9_6_6_to_9_7_6_S,3,3537,true,0,0,0,
mv_9_6_7_to_10_4_8_S,3,2951,true,0,0,0,
mv_9_6_7_to_10_6_6_S,3,1773,true,0,0,0,
mv_9_6_7_to_11_6_9_S,3,2951,true,0,0,0,
mv_9_6_7_to_7_5_8_S,3,2951,true,0,0,0,
mv_9_6_7_to_8_5_9_S,3,2951,true,0,0,0,
mv_9_6_7_to_8_7_6_S,3,1773,true,0,0,0,
mv_9_6_7_to_9_5_6_S,2,2964,true,0,0,0,
mv_9_6_7_to_9_8_7_S,3,2951,true,0,0,0,
mv_9_7_7_to_10_6_6_S,3,1769,true,0,0,0,
mv_9_7_7_to_7_5_5_S,0,2989,true,0,0,0,
mv_9_7_7_to_7_7_7_S,2,4758,true,0,0,0,
mv_9_7_7_to_8_6_6_S,2,4758,true,0,0,0,
mv_9_7_7_to_9_5_6_S,3,2942,true,0,0,0,
del_10_4_9,5,5254,true,0,0,0,
del_11_4_8,4,3522,true,0,0,0,
del_13_4_7,5,2925,true,0,0,0,
del_15_4_2,6,4044,true,0,0,0,
del_4_4_7,1,0,true,0,0,0,
del_5_3_8,6,4,true,0,0,0,
del_6_1_4,3,2952,true,0,0,0,
del_7_1_5,3,2952,true,0,0,0,
del_7_7_4,3,2353,true,0,0,0,
del_8_5_8,3,2354,true,0,0,0,
mv_10_2_2_to_10_4_1_R,3,2933,true,0,0,0,
mv_10_2_2_to_11_4_2_R,2,2967,true,0,0,0,
mv_10_2_2_to_12_4_0_R,3,2933,true,0,0,0,
mv_10_2_2_to_9_1_4_R,1,5366,true,0,0,0,
mv_10_3_2_to_10_2_4_S,2,4160,true,0,0,0,
mv_10_3_2_to_11_1_4_S,2,2959,true,0,0,0,
mv_10_3_2_to_11_4_2_S,2,2959,true,0,0,0,
mv_10_3_2_to_12_2_1_S,2,2959,true,0,0,0,
mv_10_3_2_to_12_3_3_S,2,2959,true,0,0,0,
mv_10_3_2_to_12_5_3_S,2,2959,true,0,0,0,
mv_10_3_2_to_8_4_3_S,0,4169,true,0,0,0,
mv_10_3_2_to_9_2_2_S,2,2959,true,0,0,0,
mv_10_3_3_to_10_2_4_S,2,4160,true,0,0,0,
mv_10_3_3_to_11_1_3_S,2,4136,true,0,0,0,
mv_10_3_3_to_11_3_4_S,2,4159,true,0,0,0,
mv_10_3_3_to_11_5_4_S,2,2949,true,0,0,0,
mv_10_3_3_to_12_2_4_S,2,2949,true,0,0,0,
mv_10_3_3_to_12_5_2_S,2,2949,true,0,0,0,
mv_10_3_3_to_8_3_3_S,1,3566,true,0,0,0,
mv_10_3_3_to_9_1_3_S,1,5366,true,0,0,0,
mv_10_4_6_to_10_4_4_R,1,2380,true,0,0,0,
mv_10_4_6_to_11_3_7_R,3,2944,true,0,0,0,
mv_10_4_6_to_12_5_4_R,3,2944,true,0,0,0,
mv_10_4_6_to_9_4_7_R,3,3555,true,0,0,0,
mv_10_4_9_to_10_6_7_R,3,3555,true,0,0,0,
mv_10_4_9_to_12_6_8_R,4,3522,true,0,0,0,
mv_11_1_2_to_10_2_3_H,2,4161,true,0,0,0,
mv_11_1_2_to_11_3_1_H,2,3563,true,0,0,0,
mv_11_1_2_to_12_2_4_H,4,5276,true,0,0,0,
mv_11_1_2_to_13_3_3_H,4,5276,true,0,0,0,
mv_11_1_2_to_9_2_2_H,3,2934,true,0,0,0,
mv_11_2_2_to_10_2_3_H,2,4161,true,0,0,0,
mv_11_2_2_to_11_1_1_H,3,4713,true,0,0,0,
mv_11_2_2_to_11_4_0_H,3,4713,true,0,0,0,
mv_11_2_2_to_12_2_3_H,3,4713,true,0,0,0,
mv_11_2_2_to_12_4_0_H,3,4713,true,0,0,0,
mv_11_2_2_to_13_4_3_H,3,5905,true,0,0,0,
mv_11_2_2_to_9_1_4_H,1,5366,true,0,0,0,
mv_11_2_3_to_10_2_1_H,2,2370,true,0,0,0,
mv_11_2_3_to_10_4_5_H,2,2370,true,0,0,0,
mv_11_2_3_to_11_2_1_H,2,2370,true,0,0,0,
mv_11_2_3_to_11_4_3_H,2,2371,true,0,0,0,
mv_11_2_3_to_12_2_4_H,2,2370,true,0,0,0,
mv_11_2_3_to_13_3_3_H,2,2370,true,0,0,0,
mv_11_2_3_to_9_0_3_H,1,5366,true,0,0,0,
mv_11_2_3_to_9_2_2_H,2,2370,true,0,0,0,
mv_11_2_4_to_10_4_5_R,3,2933,true,0,0,0,
mv_11_2_4_to_12_2_3_R,3,2933,true,0,0,0,
mv_11_2_4_to_13_4_6_R,3,2933,true,0,0,0,
mv_11_2_4_to_9_4_6_R,3,2933,true,0,0,0,
mv_11_3_3_to_10_4_1_S,3,4098,true,0,0,0,
mv_11_3_3_to_11_1_4_S,3,5868,true,0,0,0,
mv_11_3_3_to_11_4_2_S,2,2958,true,0,0,0,
mv_11_3_3_to_12_1_2_S,3,4098,true,0,0,0,
mv_11_3_3_to_12_3_3_S,180,0,true,12,600,900,7:100 8:100 9:100 10:150 11:900 12:600
mv_11_3_3_to_12_5_3_S,3,4098,true,0,0,0,
mv_11_3_3_to_13_4_2_S,3,1775,true,0,0,0,
mv_11_3_3_to_9_2_2_S,3,4098,true,0,0,0,
mv_11_4_1_to_11_3_1_R,2,4159,true,0,0,0,
mv_11_4_1_to_12_5_2_R,4,5266,true,0,0,0,
mv_11_4_4_to_10_2_3_R,2,4161,true,0,0,0,
mv_11_4_4_to_11_4_2_R,2,4159,true,0,0,0,
mv_11_4_4_to_12_4_6_R,2,5309,true,0,0,0,
mv_11_4_4_to_13_4_6_R,2,3541,true,0,0,0,
mv_11_4_6_to_10_2_4_S,2,2975,true,0,0,0,
mv_11_4_6_to_10_4_8_S,3,3555,true,0,0,0,
mv_11_4_6_to_10_6_7_S,3,3555,true,0,0,0,
mv_11_4_6_to_11_4_5_S,3,2359,true,0,0,0,
mv_11_4_6_to_12_4_5_S,3,2944,true,0,0,0,
mv_11_4_6_to_13_3_7_S,3,2944,true,0,0,0,
mv_11_4_6_to_13_6_7_S,3,2944,true,0,0,0,
mv_11_4_6_to_9_5_6_S,3,3555,true,0,0,0,
mv_11_4_7_to_10_3_9_S,3,2358,true,0,0,0,
mv_11_4_7_to_10_5_7_S,3,3555,true,0,0,0,
mv_11_4_7_to_11_2_5_S,3,2358,true,0,0,0,
mv_11_4_7_to_11_5_6_S,3,2358,true,0,0,0,
mv_11_4_7_to_12_4_9_S,3,2358,true,0,0,0,
mv_11_4_7_to_13_3_8_S,3,2358,true,0,0,0,
mv_11_4_7_to_13_6_8_S,3,2358,true,0,0,0,
mv_11_4_7_to_9_5_5_S,2,1190,true,0,0,0,
mv_11_4_8_to_10_3_9_S,4,3522,true,0,0,0,
mv_11_4_8_to_10_5_7_S,3,3555,true,0,0,0,
mv_11_4_8_to_11_3_7_S,4,3522,true,0,0,0,
mv_11_4_8_to_11_5_7_S,3,3555,true,0,0,0,
mv_11_4_8_to_12_6_7_S,4,3522,true,0,0,0,
mv_11_4_8_to_13_4_9_S,4,3522,true,0,0,0,
mv_11_4_8_to_13_6_9_S,4,3522,true,0,0,0,
mv_11_4_8_to_9_5_8_S,4,2943,true,0,0,0,
mv_11_4_9_to_10_4_8_S,3,3555,true,0,0,0,
mv_11_4_9_to_11_3_8_S,6,4634,true,0,0,0,
mv_11_4_9_to_12_6_8_S,6,4634,true,0,0,0,
mv_11_4_9_to_13_6_7_S,6,4634,true,0,0,0,
mv_11_4_9_to_9_5_8_S,4,2943,true,0,0,0,
mv_11_5_9_to_10_4_8_S,3,3555,true,0,0,0,
mv_11_5_9_to_11_3_7_S,6,15,true,0,0,0,
mv_11_5_9_to_12_4_9_S,6,1736,true,0,0,0,
mv_11_5_9_to_13_4_9_S,6,15,true,0,0,0,
mv_11_5_9_to_9_4_7_S,3,3555,true,0,0,0,
mv_12_3_1_to_10_1_2_S,2,4161,true,0,0,0,
mv_12_3_1_to_11_1_3_S,2,4159,true,0,0,0,
mv_12_3_1_to_11_4_3_S,2,4159,true,0,0,0,
mv_12_3_1_to_12_3_3_S,2,4159,true,0,0,0,
mv_12_3_1_to_13_3_2_S,4,6444,true,0,0,0,
mv_12_3_1_to_14_2_2_S,4,5862,true,0,0,0,
mv_12_4_1_to_11_2_1_S,2,4159,true,0,0,0,
mv_12_4_1_to_11_5_1_S,5,3491,true,0,0,0,
mv_12_4_1_to_12_3_3_S,2,4159,true,0,0,0,
mv_12_4_1_to_13_4_2_S,3,4713,true,0,0,0,
mv_12_4_2_to_10_2_3_S,2,4161,true,0,0,0,
mv_12_4_2_to_11_3_1_S,2,4159,true,0,0,0,
mv_12_4_2_to_11_5_1_S,3,4121,true,0,0,0,
mv_12_4_2_to_12_2_4_S,2,4159,true,0,0,0,
mv_12_4_2_to_12_5_1_S,3,4121,true,0,0,0,
mv_12_4_2_to_13_4_1_S,3,4121,true,0,0,0,
mv_12_4_2_to_14_3_4_S,3,4121,true,0,0,0,
mv_12_4_3_to_10_4_4_S,2,2953,true,0,0,0,
mv_12_4_3_to_11_3_1_S,2,4159,true,0,0,0,
mv_12_4_3_to_11_5_1_S,2,2953,true,0,0,0,
mv_12_4_3_to_12_2_4_S,2,4159,true,0,0,0,
mv_12_4_3_to_12_5_2_S,2,2953,true,0,0,0,
mv_12_4_3_to_13_4_2_S,2,2953,true,0,0,0,
mv_12_4_4_to_10_2_3_S,2,4161,true,0,0,0,
mv_12_4_4_to_10_5_6_S,2,3560,true,0,0,0,
mv_12_4_4_to_11_3_6_S,2,3541,true,0,0,0,
mv_12_4_4_to_11_5_6_S,2,3544,true,0,0,0,
mv_12_4_4_to_12_4_6_S,2,3541,true,0,0,0,
mv_12_4_4_to_13_3_3_S,2,4136,true,0,0,0,
mv_12_4_4_to_14_2_2_S,2,3541,true,0,0,0,
mv_12_5_7_to_10_5_6_R,2,4747,true,0,0,0,
mv_12_5_7_to_11_3_9_R,5,2925,true,0,0,0,
mv_12_5_7_to_13_3_8_R,5,2925,true,0,0,0,
mv_12_5_7_to_14_5_8_R,5,2925,true,0,0,0,
mv_12_5_8_to_10_6_6_R,3,3554,true,0,0,0,
mv_12_5_8_to_11_5_7_R,3,3554,true,0,0,0,
mv_12_5_8_to_13_5_10_R,3,3554,true,0,0,0,
mv_13_4_7_to_11_2_5_H,5,1766,true,0,0,0,
mv_13_4_7_to_11_4_5_H,5,2925,true,0,0,0,
mv_13_4_7_to_12_4_6_H,3,5325,true,0,0,0,
mv_13_4_7_to_13_3_8_H,5,2925,true,0,0,0,
mv_13_4_7_to_13_6_9_H,5,2925,true,0,0,0,
mv_13_4_8_to_11_3_6_H,5,2925,true,0,0,0,
mv_13_4_8_to_11_5_10_H,5,2925,true,0,0,0,
mv_13_4_8_to_12_4_9_H,3,5325,true,0,0,0,
mv_13_4_8_to_13_4_6_H,4,4710,true,0,0,0,
mv_13_4_8_to_13_6_8_H,5,2925,true,0,0,0,
mv_13_4_8_to_14_5_9_H,5,2925,true,0,0,0,
mv_13_5_7_to_11_4_5_H,6,3508,true,0,0,0,
mv_13_5_7_to_12_4_6_H,6,3508,true,0,0,0,
mv_13_5_7_to_13_3_7_H,6,3508,true,0,0,0,
mv_13_5_7_to_13_6_9_H,6,3508,true,0,0,0,
mv_13_5_8_to_11_3_6_H,3,3554,true,0,0,0,
mv_13_5_8_to_11_5_10_H,3,3554,true,0,0,0,
mv_13_5_8_to_12_4_9_H,3,3554,true,0,0,0,
mv_13_5_8_to_13_3_8_H,3,3554,true,0,0,0,
mv_13_5_8_to_13_6_7_H,3,3554,true,0,0,0,
mv_13_5_8_to_14_5_9_H,3,3554,true,0,0,0,
mv_13_5_9_to_11_5_10_H,5,2925,true,0,0,0,
mv_13_5_9_to_12_6_8_H,6,23,true,0,0,0,
mv_13_5_9_to_13_6_8_H,5,2925,true,0,0,0,
mv_14_3_2_to_12_1_2_R,2,4159,true,0,0,0,
mv_14_3_2_to_12_5_2_R,5,2925,true,0,0,0,
mv_14_3_2_to_15_2_1_R,5,2925,true,0,0,0,
mv_14_3_2_to_16_3_2_R,5,2925,true,0,0,0,
mv_14_3_3_to_12_3_4_R,6,4045,true,0,0,0,
mv_14_3_3_to_13_4_4_R,4,7043,true,0,0,0,
mv_14_3_3_to_16_3_1_R,6,4045,true,0,0,0,
mv_15_3_1_to_13_4_1_S,5,5830,true,0,0,0,
mv_15_3_1_to_15_2_2_S,8,4011,true,0,0,0,
mv_15_3_1_to_16_3_2_S,8,4011,true,0,0,0,
mv_15_3_2_to_13_3_3_S,3,5313,true,0,0,0,
mv_15_3_2_to_14_2_2_S,3,5313,true,0,0,0,
mv_15_3_2_to_15_3_0_S,3,5313,true,0,0,0,
mv_15_3_2_to_15_5_3_S,3,5313,true,0,0,0,
mv_15_3_3_to_13_3_2_S,3,5313,true,0,0,0,
mv_15_3_3_to_13_4_4_S,5,4095,true,0,0,0,
mv_15_3_3_to_15_2_2_S,5,4095,true,0,0,0,
mv_15_3_3_to_16_3_1_S,5,4095,true,0,0,0,
mv_15_4_2_to_13_3_3_S,6,2903,true,0,0,0,
mv_15_4_2_to_14_2_2_S,6,2903,true,0,0,0,
mv_15_4_2_to_15_2_3_S,6,4044,true,0,0,0,
mv_15_4_2_to_15_5_3_S,6,4044,true,0,0,0,
mv_15_4_3_to_13_3_2_S,3,5313,true,0,0,0,
mv_15_4_3_to_13_4_4_S,3,5313,true,0,0,0,
mv_15_4_3_to_15_2_2_S,6,4044,true,0,0,0,
mv_15_4_3_to_16_3_1_S,6,4044,true,0,0,0,
mv_2_5_4_to_3_3_6_S,0,596,true,0,0,0,
mv_2_5_4_to_3_6_5_S,0,0,true,0,0,0,
mv_2_5_4_to_4_5_3_S,0,578,true,0,0,0,
mv_3_3_7_to_2_4_7_S,1,0,true,0,0,0,
mv_3_3_7_to_3_4_6_S,1,579,true,0,0,0,
mv_3_3_7_to_4_1_8_S,1,0,true,0,0,0,
mv_3_3_7_to_4_4_6_S,1,2344,true,0,0,0,
mv_3_3_7_to_5_1_7_S,1,0,true,0,0,0,
mv_3_3_7_to_5_3_9_S,1,0,true,0,0,0,
mv_3_4_7_to_2_3_7_S,0,0,true,0,0,0,
mv_3_4_7_to_3_2_7_S,1,0,true,0,0,0,
mv_3_4_7_to_4_2_9_S,1,0,true,0,0,0,
mv_3_4_7_to_4_4_8_S,1,2344,true,0,0,0,
mv_3_4_7_to_5_3_5_S,1,0,true,0,0,0,
mv_3_4_7_to_5_4_8_S,1,3584,true,0,0,0,
mv_3_5_4_to_2_5_3_S,0,0,true,0,0,0,
mv_3_5_4_to_3_6_5_S,0,0,true,0,0,0,
mv_3_5_4_to_4_5_3_S,0,578,true,0,0,0,
mv_3_5_4_to_5_3_3_S,0,0,true,0,0,0,
mv_3_5_4_to_5_5_3_S,0,1161,true,0,0,0,
mv_3_6_6_to_2_4_7_S,0,0,true,0,0,0,
mv_3_6_6_to_3_5_7_S,1,0,true,0,0,0,
mv_3_6_6_to_4_4_8_S,1,0,true,0,0,0,
mv_3_6_6_to_4_7_5_S,1,0,true,0,0,0,
mv_3_6_6_to_5_4_8_S,1,1200,true,0,0,0,
mv_4_2_5_to_2_3_7_S,2,1182,true,0,0,0,
mv_4_2_5_to_3_3_6_S,2,1784,true,0,0,0,
mv_4_2_5_to_4_4_4_S,0,1200,true,0,0,0,
mv_4_2_5_to_5_2_4_S,3,2968,true,0,0,0,
mv_4_2_5_to_5_4_5_S,2,0,true,0,0,0,
mv_4_2_5_to_6_1_3_S,2,0,true,0,0,0,
mv_4_2_5_to_6_2_7_S,2,0,true,0,0,0,
mv_4_2_6_to_2_4_4_R,0,2976,true,0,0,0,
mv_4_2_6_to_4_1_8_R,2,580,true,0,0,0,
mv_4_2_6_to_5_1_8_R,3,2370,true,0,0,0,
mv_4_2_6_to_6_2_4_R,3,2370,true,0,0,0,
mv_4_2_8_to_2_3_7_R,2,2355,true,0,0,0,
mv_4_2_8_to_4_4_6_R,3,2355,true,0,0,0,
mv_4_2_8_to_6_0_6_R,4,579,true,0,0,0,
mv_4_4_7_to_2_4_7_H,0,0,true,0,0,0,
mv_4_4_7_to_3_2_7_H,1,0,true,0,0,0,
mv_4_4_7_to_3_5_7_H,1,0,true,0,0,0,
mv_4_4_7_to_4_3_8_H,1,0,true,0,0,0,
mv_4_4_7_to_5_3_5_H,1,0,true,0,0,0,
mv_4_4_7_to_5_4_8_H,1,0,true,0,0,0,
mv_4_4_7_to_6_2_7_H,1,0,true,0,0,0,
mv_4_4_7_to_6_4_6_H,1,0,true,0,0,0,
mv_4_4_7_to_6_6_7_H,1,3564,true,0,0,0,
mv_4_5_4_to_3_3_6_H,0,0,true,0,0,0,
mv_4_5_4_to_3_6_5_H,0,1,true,0,0,0,
mv_4_5_4_to_4_6_4_H,0,1,true,0,0,0,
mv_4_5_4_to_5_4_4_H,0,0,true,0,0,0,
mv_4_5_4_to_5_7_6_H,0,1,true,0,0,0,
mv_4_5_4_to_6_5_3_H,0,0,true,0,0,0,
mv_4_5_4_to_6_7_2_H,0,0,true,0,0,0,
mv_4_5_7_to_3_3_6_R,1,2368,true,0,0,0,
mv_4_5_7_to_4_4_8_R,1,2368,true,0,0,0,
mv_4_5_7_to_5_4_8_R,1,2368,true,0,0,0,
mv_4_5_7_to_6_5_5_R,0,2393,true,0,0,0,
mv_4_6_5_to_2_6_6_R,1,2352,true,0,0,0,
mv_4_6_5_to_4_5_3_R,0,4168,true,0,0,0,
mv_4_6_5_to_5_7_6_R,1,1187,true,0,0,0,
mv_4_6_5_to_6_6_6_R,1,1187,true,0,0,0,
mv_4_6_6_to_2_4_7_S,0,0,true,0,0,0,
mv_4_6_6_to_3_4_8_S,1,0,true,0,0,0,
mv_4_6_6_to_4_4_4_S,0,2392,true,0,0,0,
mv_4_6_6_to_4_6_4_S,0,2392,true,0,0,0,
mv_4_6_6_to_5_4_6_S,1,1200,true,0,0,0,
mv_4_6_6_to_5_7_7_S,1,0,true,0,0,0,
mv_4_6_6_to_6_5_7_S,1,0,true,0,0,0,
mv_4_6_6_to_6_7_5_S,1,2379,true,0,0,0,
mv_5_2_5_to_3_2_7_S,1,2384,true,0,0,0,
mv_5_2_5_to_4_1_6_S,2,0,true,0,0,0,
mv_5_2_5_to_5_1_4_S,2,0,true,0,0,0,
mv_5_2_5_to_5_3_7_S,1,3584,true,0,0,0,
mv_5_2_5_to_6_0_4_S,2,0,true,0,0,0,
mv_5_2_5_to_6_2_6_S,2,0,true,0,0,0,
mv_5_2_5_to_6_4_7_S,2,1182,true,0,0,0,
mv_5_2_5_to_7_4_5_S,0,1200,true,0,0,0,
mv_5_2_6_to_3_3_6_S,1,2384,true,0,0,0,
mv_5_2_6_to_4_1_6_S,2,586,true,0,0,0,
mv_5_2_6_to_4_4_4_S,0,1200,true,0,0,0,
mv_5_2_6_to_5_1_8_S,2,586,true,0,0,0,
mv_5_2_6_to_5_4_5_S,2,586,true,0,0,0,
mv_5_2_6_to_6_2_4_S,2,586,true,0,0,0,
mv_5_2_6_to_6_3_8_S,2,586,true,0,0,0,
mv_5_2_6_to_7_1_6_S,2,586,true,0,0,0,
mv_5_2_7_to_3_2_6_S,1,3,true,0,0,0,
mv_5_2_7_to_3_4_8_S,2,590,true,0,0,0,
mv_5_2_7_to_4_3_5_S,2,3,true,0,0,0,
mv_5_2_7_to_5_1_6_S,2,3,true,0,0,0,
mv_5_2_7_to_5_3_9_S,2,590,true,0,0,0,
mv_5_2_7_to_6_2_5_S,2,3,true,0,0,0,
mv_5_2_7_to_6_4_5_S,2,3,true,0,0,0,
mv_5_2_7_to_7_2_5_S,2,3,true,0,0,0,
mv_5_2_8_to_3_2_8_S,1,579,true,0,0,0,
mv_5_2_8_to_4_1_8_S,2,579,true,0,0,0,
mv_5_2_8_to_4_4_8_S,2,10,true,0,0,0,
mv_5_2_8_to_5_4_6_S,1,3584,true,0,0,0,
mv_5_2_8_to_6_3_6_S,2,579,true,0,0,0,
mv_5_2_8_to_7_1_6_S,2,579,true,0,0,0,
mv_5_3_6_to_3_3_6_S,1,2384,true,0,0,0,
mv_5_3_6_to_4_1_5_S,2,6,true,0,0,0,
mv_5_3_6_to_4_3_8_S,2,1784,true,0,0,0,
mv_5_3_6_to_4_5_8_S,2,3,true,0,0,0,
mv_5_3_6_to_5_2_4_S,3,2370,true,0,0,0,
mv_5_3_6_to_5_4_6_S,2,1784,true,0,0,0,
mv_5_3_6_to_6_2_6_S,3,3,true,0,0,0,
mv_5_3_6_to_6_4_6_S,2,1784,true,0,0,0,
mv_5_3_6_to_7_2_5_S,3,3,true,0,0,0,
mv_5_3_6_to_7_5_7_S,2,1784,true,0,0,0,
mv_5_3_8_to_3_3_6_S,2,2964,true,0,0,0,
mv_5_3_8_to_4_1_8_S,2,4,true,0,0,0,
mv_5_3_8_to_4_4_8_S,3,2355,true,0,0,0,
mv_5_3_8_to_5_1_8_S,6,4,true,0,0,0,
mv_5_3_8_to_5_5_8_S,3,2355,true,0,0,0,
mv_5_3_8_to_6_4_6_S,1,2982,true,0,0,0,
mv_5_3_8_to_7_5_7_S,3,2355,true,0,0,0,
mv_5_4_7_to_3_2_8_S,1,0,true,0,0,0,
mv_5_4_7_to_3_6_5_S,1,0,true,0,0,0,
mv_5_4_7_to_4_4_6_S,1,0,true,0,0,0,
mv_5_4_7_to_5_2_9_S,1,0,true,0,0,0,
mv_5_4_7_to_5_4_6_S,1,3584,true,0,0,0,
mv_5_4_7_to_6_2_6_S,1,0,true,0,0,0,
mv_5_4_7_to_6_4_5_S,1,0,true,0,0,0,
mv_5_4_7_to_6_6_7_S,1,0,true,0,0,0,
mv_5_4_7_to_7_5_6_S,1,7,true,0,0,0,
mv_5_5_4_to_3_4_4_S,0,0,true,0,0,0,
mv_5_5_4_to_3_7_6_S,0,0,true,0,0,0,
mv_5_5_4_to_4_5_6_S,0,1,true,0,0,0,
mv_5_5_4_to_5_3_5_S,0,1776,true,0,0,0,
mv_5_5_4_to_5_7_6_S,0,0,true,0,0,0,
mv_5_5_4_to_6_5_3_S,0,3585,true,0,0,0,
mv_5_5_4_to_6_7_2_S,0,0,true,0,0,0,
mv_5_5_4_to_7_4_2_S,0,0,true,0,0,0,
mv_5_5_4_to_7_6_2_S,0,0,true,0,0,0,
mv_5_5_5_to_3_4_6_S,3,1181,true,0,0,0,
mv_5_5_5_to_3_7_6_S,1,2352,true,0,0,0,
mv_5_5_5_to_4_5_3_S,0,4168,true,0,0,0,
mv_5_5_5_to_4_7_6_S,2,2352,true,0,0,0,
mv_5_5_5_to_5_4_6_S,1,2990,true,0,0,0,
mv_5_5_5_to_6_3_6_S,3,2956,true,0,0,0,
mv_5_5_5_to_6_5_5_S,0,3588,true,0,0,0,
mv_5_5_5_to_6_6_7_S,3,1181,true,0,0,0,
mv_5_5_5_to_7_4_5_S,0,4168,true,0,0,0,
mv_5_5_5_to_7_6_4_S,0,4187,true,0,0,0,
mv_5_5_6_to_3_4_6_S,3,2933,true,0,0,0,
mv_5_5_6_to_3_7_6_S,1,2933,true,0,0,0,
mv_5_5_6_to_4_4_6_S,3,2354,true,0,0,0,
mv_5_5_6_to_4_6_7_S,1,2379,true,0,0,0,
mv_5_5_6_to_5_4_4_S,0,2392,true,0,0,0,
mv_5_5_6_to_5_6_8_S,3,2933,true,0,0,0,
mv_5_5_6_to_6_4_5_S,3,2933,true,0,0,0,
mv_5_5_6_to_6_6_4_S,0,2393,true,0,0,0,
mv_5_5_6_to_6_7_7_S,3,2933,true,0,0,0,
mv_5_5_6_to_7_5_7_S,3,2933,true,0,0,0,
mv_5_5_7_to_3_3_6_S,1,0,true,0,0,0,
mv_5_5_7_to_3_7_6_S,1,0,true,0,0,0,
mv_5_5_7_to_4_4_8_S,1,0,true,0,0,0,
mv_5_5_7_to_4_7_6_S,1,0,true,0,0,0,
mv_5_5_7_to_5_4_6_S,1,2986,true,0,0,0,
mv_5_5_7_to_6_3_6_S,1,0,true,0,0,0,
mv_5_5_7_to_6_5_5_S,0,2393,true,0,0,0,
mv_5_5_7_to_6_7_7_S,1,0,true,0,0,0,
mv_5_5_7_to_7_5_7_S,1,0,true,0,0,0,
mv_5_6_4_to_3_4_6_S,3,1181,true,0,0,0,
mv_5_6_4_to_4_4_4_S,0,2393,true,0,0,0,
mv_5_6_4_to_4_7_5_S,2,1181,true,0,0,0,
mv_5_6_4_to_5_5_3_S,0,2393,true,0,0,0,
mv_5_6_4_to_6_5_3_S,0,2393,true,0,0,0,
mv_5_6_4_to_6_7_2_S,3,1181,true,0,0,0,
mv_5_6_4_to_7_4_2_S,0,2393,true,0,0,0,
mv_5_6_4_to_7_6_2_S,3,1181,true,0,0,0,
mv_5_6_4_to_7_8_5_S,3,1181,true,0,0,0,
mv_5_6_5_to_3_5_7_S,1,2,true,0,0,0,
mv_5_6_5_to_4_4_6_S,1,2,true,0,0,0,
mv_5_6_5_to_4_7_5_S,1,2,true,0,0,0,
mv_5_6_5_to_5_5_3_S,0,2392,true,0,0,0,
mv_5_6_5_to_6_4_6_S,1,599,true,0,0,0,
mv_5_6_5_to_6_6_3_S,1,1782,true,0,0,0,
mv_5_6_5_to_6_7_5_S,1,2,true,0,0,0,
mv_5_6_5_to_7_5_3_S,0,2392,true,0,0,0,
mv_5_6_5_to_7_6_7_S,1,2,true,0,0,0,
mv_5_6_5_to_7_8_6_S,1,2,true,0,0,0,
mv_5_6_6_to_3_6_4_S,0,2392,true,0,0,0,
mv_5_6_6_to_4_4_8_S,1,0,true,0,0,0,
mv_5_6_6_to_4_7_5_S,1,0,true,0,0,0,
mv_5_6_6_to_5_4_8_S,1,1200,true,0,0,0,
mv_5_6_6_to_6_4_5_S,1,0,true,0,0,0,
mv_5_6_6_to_6_6_4_S,0,2393,true,0,0,0,
mv_5_6_6_to_6_7_7_S,1,0,true,0,0,0,
mv_5_6_6_to_7_5_7_S,1,0,true,0,0,0,
mv_5_6_6_to_7_8_4_S,1,0,true,0,0,0,
mv_5_6_7_to_3_5_7_S,3,0,true,0,0,0,
mv_5_6_7_to_4_5_6_S,1,2379,true,0,0,0,
mv_5_6_7_to_5_4_5_S,3,0,true,0,0,0,
mv_5_6_7_to_6_4_5_S,3,0,true,0,0,0,
mv_5_6_7_to_6_6_6_S,1,2379,true,0,0,0,
mv_5_6_7_to_7_5_5_S,0,2392,true,0,0,0,
mv_5_6_7_to_7_7_7_S,2,4162,true,0,0,0,
mv_6_1_4_to_5_3_3_R,3,2952,true,0,0,0,
mv_6_1_4_to_7_-1_3_R,3,2952,true,0,0,0,
mv_6_1_4_to_8_-1_5_R,1,4174,true,0,0,0,
mv_6_3_3_to_4_3_5_H,2,0,true,0,0,0,
mv_6_3_3_to_5_3_5_H,3,0,true,0,0,0,
mv_6_3_3_to_6_2_3_H,3,0,true,0,0,0,
mv_6_3_3_to_6_5_5_H,1,1194,true,0,0,0,
mv_6_3_3_to_7_4_2_H,3,0,true,0,0,0,
mv_6_3_3_to_8_1_5_H,3,0,true,0,0,0,
mv_6_3_3_to_8_5_4_H,0,1200,true,0,0,0,
mv_6_4_4_to_5_3_5_R,1,2968,true,0,0,0,
mv_6_4_4_to_6_3_6_R,0,2968,true,0,0,0,
mv_6_4_4_to_7_3_5_R,0,2968,true,0,0,0,
mv_6_4_4_to_8_4_3_R,0,2968,true,0,0,0,
mv_6_5_4_to_4_4_6_H,0,0,true,0,0,0,
mv_6_5_4_to_4_7_6_H,0,1,true,0,0,0,
mv_6_5_4_to_5_4_6_H,0,0,true,0,0,0,
mv_6_5_4_to_6_3_6_H,0,1776,true,0,0,0,
mv_6_5_4_to_6_6_4_H,0,1,true,0,0,0,
mv_6_5_4_to_7_3_2_H,0,1765,true,0,0,0,
mv_6_5_4_to_7_5_5_H,0,0,true,0,0,0,
mv_6_5_4_to_8_3_3_H,0,1765,true,0,0,0,
mv_6_5_4_to_8_6_3_H,0,0,true,0,0,0,
mv_6_5_4_to_8_7_5_H,0,0,true,0,0,0,
mv_6_5_6_to_4_4_4_H,2,3526,true,0,0,0,
mv_6_5_6_to_4_6_4_H,1,1791,true,0,0,0,
mv_6_5_6_to_5_3_7_H,3,2354,true,0,0,0,
mv_6_5_6_to_5_5_8_H,3,3526,true,0,0,0,
mv_6_5_6_to_6_3_8_H,4,3526,true,0,0,0,
mv_6_5_6_to_6_6_4_H,1,2379,true,0,0,0,
mv_6_5_6_to_6_7_7_H,4,3526,true,0,0,0,
mv_6_5_6_to_7_5_8_H,3,3555,true,0,0,0,
mv_6_5_6_to_8_4_4_H,0,2392,true,0,0,0,
mv_6_5_6_to_8_7_4_H,4,3526,true,0,0,0,
mv_6_7_3_to_6_5_3_R,0,2393,true,0,0,0,
mv_6_7_3_to_7_7_2_R,3,2353,true,0,0,0,
mv_6_7_6_to_4_5_6_R,1,2379,true,0,0,0,
mv_6_7_6_to_6_5_5_R,0,2393,true,0,0,0,
mv_6_7_6_to_7_5_8_R,3,2961,true,0,0,0,
mv_6_7_6_to_8_6_8_R,3,2961,true,0,0,0,
mv_7_0_3_to_6_2_5_R,2,2365,true,0,0,0,
mv_7_0_3_to_9_0_4_R,2,2965,true,0,0,0,
mv_7_0_6_to_6_0_4_R,3,4093,true,0,0,0,
mv_7_0_6_to_8_-1_6_R,3,4117,true,0,0,0,
mv_7_1_4_to_5_1_6_H,3,0,true,0,0,0,
mv_7_1_4_to_6_0_4_H,3,0,true,0,0,0,
mv_7_1_4_to_6_2_5_H,3,2968,true,0,0,0,
mv_7_1_4_to_7_-1_6_H,3,0,true,0,0,0,
mv_7_1_4_to_7_3_2_H,3,0,true,0,0,0,
mv_7_1_4_to_8_-1_6_H,3,0,true,0,0,0,
mv_7_1_4_to_8_3_3_H,3,0,true,0,0,0,
mv_7_1_4_to_9_0_6_H,1,5366,true,0,0,0,
mv_7_1_4_to_9_3_3_H,3,0,true,0,0,0,
mv_7_1_5_to_5_3_3_H,3,2952,true,0,0,0,
mv_7_1_5_to_6_0_6_H,3,2952,true,0,0,0,
mv_7_1_5_to_6_2_6_H,3,2952,true,0,0,0,
mv_7_1_5_to_7_0_7_H,3,2952,true,0,0,0,
mv_7_1_5_to_8_-1_4_H,3,2952,true,0,0,0,
mv_7_1_5_to_8_1_6_H,3,2952,true,0,0,0,
mv_7_1_5_to_9_0_5_H,1,4770,true,0,0,0,
mv_7_2_3_to_5_1_4_H,3,0,true,0,0,0,
mv_7_2_3_to_5_4_5_H,1,1194,true,0,0,0,
mv_7_2_3_to_6_2_4_H,3,2968,true,0,0,0,
mv_7_2_3_to_7_2_5_H,3,2968,true,0,0,0,
mv_7_2_3_to_8_0_2_H,3,0,true,0,0,0,
mv_7_2_3_to_8_4_3_H,0,1200,true,0,0,0,
mv_7_2_3_to_9_1_3_H,1,5366,true,0,0,0,
mv_7_2_4_to_5_1_4_H,3,2952,true,0,0,0,
mv_7_2_4_to_5_4_4_H,3,2952,true,0,0,0,
mv_7_2_4_to_6_0_6_H,3,2952,true,0,0,0,
mv_7_2_4_to_6_2_6_H,3,2952,true,0,0,0,
mv_7_2_4_to_7_0_2_H,3,2952,true,0,0,0,
mv_7_2_4_to_7_3_5_H,3,2952,true,0,0,0,
mv_7_2_4_to_8_1_5_H,3,2952,true,0,0,0,
mv_7_2_4_to_8_4_4_H,0,2976,true,0,0,0,
mv_7_2_4_to_9_1_3_H,1,4770,true,0,0,0,
mv_7_2_4_to_9_4_6_H,3,2952,true,0,0,0,
mv_7_3_3_to_5_4_4_H,3,0,true,0,0,0,
mv_7_3_3_to_6_2_4_H,3,2968,true,0,0,0,
mv_7_3_3_to_6_5_5_H,1,1194,true,0,0,0,
mv_7_3_3_to_7_4_5_H,3,1,true,0,0,0,
mv_7_3_3_to_8_3_4_H,0,1200,true,0,0,0,
mv_7_3_3_to_9_1_4_H,1,5366,true,0,0,0,
mv_7_3_4_to_5_1_4_H,2,0,true,0,0,0,
mv_7_3_4_to_5_4_4_H,2,0,true,0,0,0,
mv_7_3_4_to_6_2_3_H,2,0,true,0,0,0,
mv_7_3_4_to_6_3_6_H,2,1776,true,0,0,0,
mv_7_3_4_to_7_1_6_H,2,0,true,0,0,0,
mv_7_3_4_to_7_4_5_H,2,0,true,0,0,0,
mv_7_3_4_to_8_1_5_H,2,0,true,0,0,0,
mv_7_3_4_to_8_5_4_H,2,0,true,0,0,0,
mv_7_3_4_to_9_3_3_H,2,0,true,0,0,0,
mv_7_4_3_to_5_3_3_H,2,1766,true,0,0,0,
mv_7_4_3_to_6_2_3_H,2,3,true,0,0,0,
mv_7_4_3_to_6_5_3_H,2,3,true,0,0,0,
mv_7_4_3_to_7_2_5_H,1,1787,true,0,0,0,
mv_7_4_3_to_7_5_5_H,2,3,true,0,0,0,
mv_7_4_3_to_8_4_4_H,2,3,true,0,0,0,
mv_7_4_3_to_9_3_2_H,2,3,true,0,0,0,
mv_7_4_4_to_5_3_3_H,0,0,true,0,0,0,
mv_7_4_4_to_5_5_3_H,0,0,true,0,0,0,
mv_7_4_4_to_6_3_2_H,0,0,true,0,0,0,
mv_7_4_4_to_6_5_5_H,0,1,true,0,0,0,
mv_7_4_4_to_7_2_5_H,0,1787,true,0,0,0,
mv_7_4_4_to_7_5_5_H,0,0,true,0,0,0,
mv_7_4_4_to_8_3_4_H,0,0,true,0,0,0,
mv_7_4_4_to_8_6_6_H,0,2990,true,0,0,0,
mv_7_4_4_to_9_5_5_H,0,0,true,0,0,0,
mv_7_5_4_to_5_4_4_H,0,0,true,0,0,0,
mv_7_5_4_to_5_7_6_H,0,1,true,0,0,0,
mv_7_5_4_to_6_5_3_H,0,0,true,0,0,0,
mv_7_5_4_to_6_7_2_H,0,0,true,0,0,0,
mv_7_5_4_to_7_4_2_H,0,0,true,0,0,0,
mv_7_5_4_to_7_6_4_H,0,0,true,0,0,0,
mv_7_5_4_to_8_4_4_H,0,0,true,0,0,0,
mv_7_5_4_to_8_7_4_H,0,0,true,0,0,0,
mv_7_5_4_to_9_4_6_H,0,0,true,0,0,0,
mv_7_5_4_to_9_7_6_H,0,1783,true,0,0,0,
mv_7_6_3_to_6_4_5_H,3,2944,true,0,0,0,
mv_7_6_3_to_6_7_2_H,4,2920,true,0,0,0,
mv_7_6_3_to_7_4_5_H,3,2944,true,0,0,0,
mv_7_6_3_to_7_8_3_H,4,2920,true,0,0,0,
mv_7_6_3_to_8_5_4_H,0,4168,true,0,0,0,
mv_7_6_3_to_9_5_5_H,4,2340,true,0,0,0,
mv_7_7_3_to_6_5_3_H,3,2353,true,0,0,0,
mv_7_7_3_to_6_7_4_H,1,2379,true,0,0,0,
mv_7_7_3_to_7_6_2_H,3,2353,true,0,0,0,
mv_7_7_3_to_8_6_3_H,3,2353,true,0,0,0,
mv_7_7_3_to_9_6_4_H,3,2353,true,0,0,0,
mv_7_7_4_to_6_5_3_H,3,2353,true,0,0,0,
mv_7_7_4_to_6_7_2_H,3,2353,true,0,0,0,
mv_7_7_4_to_7_5_3_H,3,2353,true,0,0,0,
mv_7_7_4_to_7_7_2_H,3,2353,true,0,0,0,
mv_7_7_4_to_8_6_3_H,3,2353,true,0,0,0,
mv_7_7_4_to_8_7_6_H,3,2353,true,0,0,0,
mv_7_7_4_to_9_7_6_H,3,1776,true,0,0,0,
mv_7_7_5_to_6_5_3_H,2,2369,true,0,0,0,
mv_7_7_5_to_6_6_6_H,1,2379,true,0,0,0,
mv_7_7_5_to_6_8_3_H,2,2369,true,0,0,0,
mv_7_7_5_to_7_5_7_H,2,2369,true,0,0,0,
mv_7_7_5_to_7_8_4_H,2,2369,true,0,0,0,
mv_7_7_5_to_8_6_6_H,2,3564,true,0,0,0,
mv_7_7_5_to_9_5_6_H,2,2369,true,0,0,0,
mv_7_7_6_to_5_5_8_H,3,2354,true,0,0,0,
mv_7_7_6_to_6_5_7_H,2,2964,true,0,0,0,
mv_7_7_6_to_6_7_5_H,1,2379,true,0,0,0,
mv_7_7_6_to_7_5_7_H,3,2355,true,0,0,0,
mv_7_7_6_to_7_8_5_H,3,2354,true,0,0,0,
mv_7_7_6_to_8_7_4_H,3,2354,true,0,0,0,
mv_7_7_6_to_9_6_4_H,3,2354,true,0,0,0,
mv_7_7_6_to_9_8_7_H,3,2355,true,0,0,0,
mv_8_0_3_to_6_0_3_H,3,4093,true,0,0,0,
mv_8_0_3_to_6_2_5_H,3,2968,true,0,0,0,
mv_8_0_3_to_8_-1_4_H,3,4093,true,0,0,0,
mv_8_0_3_to_9_0_5_H,3,4093,true,0,0,0,
mv_8_0_4_to_10_2_3_H,2,2948,true,0,0,0,
mv_8_0_4_to_6_1_3_H,2,2948,true,0,0,0,
mv_8_0_4_to_7_-1_3_H,2,2948,true,0,0,0,
mv_8_0_4_to_7_2_5_H,2,1788,true,0,0,0,
mv_8_0_4_to_8_1_2_H,2,2948,true,0,0,0,
mv_8_0_4_to_9_0_6_H,2,2948,true,0,0,0,
mv_8_0_5_to_10_2_4_H,3,3505,true,0,0,0,
mv_8_0_5_to_6_2_3_H,3,2924,true,0,0,0,
mv_8_0_5_to_7_-1_3_H,3,4094,true,0,0,0,
mv_8_0_5_to_8_-1_3_H,3,4094,true,0,0,0,
mv_8_0_5_to_8_1_6_H,3,2924,true,0,0,0,
mv_8_0_5_to_9_1_4_H,3,4094,true,0,0,0,
mv_8_0_6_to_6_2_5_H,3,2968,true,0,0,0,
mv_8_0_6_to_7_0_7_H,3,4102,true,0,0,0,
mv_8_0_6_to_8_1_5_H,3,3546,true,0,0,0,
mv_8_1_3_to_10_2_1_H,3,3546,true,0,0,0,
mv_8_1_3_to_6_1_3_H,3,3546,true,0,0,0,
mv_8_1_3_to_7_-1_3_H,3,3546,true,0,0,0,
mv_8_1_3_to_7_3_5_H,3,3546,true,0,0,0,
mv_8_1_3_to_8_1_5_H,3,4144,true,0,0,0,
mv_8_1_3_to_9_0_5_H,3,3546,true,0,0,0,
mv_8_1_4_to_10_1_2_H,1,4162,true,0,0,0,
mv_8_1_4_to_6_0_4_H,1,3566,true,0,0,0,
mv_8_1_4_to_6_2_5_H,1,2385,true,0,0,0,
mv_8_1_4_to_7_-1_6_H,1,3566,true,0,0,0,
mv_8_1_4_to_7_3_2_H,1,3566,true,0,0,0,
mv_8_1_4_to_8_-1_6_H,1,3566,true,0,0,0,
mv_8_1_4_to_8_3_3_H,1,3566,true,0,0,0,
mv_8_1_4_to_9_0_6_H,1,3566,true,0,0,0,
mv_8_5_7_to_10_3_6_H,3,2354,true,0,0,0,
mv_8_5_7_to_10_5_6_H,3,3554,true,0,0,0,
mv_8_5_7_to_10_6_7_H,3,2354,true,0,0,0,
mv_8_5_7_to_6_4_6_H,3,2354,true,0,0,0,
mv_8_5_7_to_6_6_7_H,1,3564,true,0,0,0,
mv_8_5_7_to_7_5_5_H,3,2354,true,0,0,0,
mv_8_5_7_to_8_5_9_H,3,2354,true,0,0,0,
mv_8_5_7_to_8_7_6_H,3,2354,true,0,0,0,
mv_8_5_7_to_9_5_6_H,3,3554,true,0,0,0,
mv_8_5_7_to_9_7_8_H,3,2354,true,0,0,0,
mv_8_5_8_to_10_4_8_H,3,2354,true,0,0,0,
mv_8_5_8_to_10_6_7_H,3,2354,true,0,0,0,
mv_8_5_8_to_6_4_7_H,3,2354,true,0,0,0,
mv_8_5_8_to_7_5_6_H,3,1768,true,0,0,0,
mv_8_5_8_to_8_6_8_H,3,2354,true,0,0,0,
mv_8_5_8_to_9_5_6_H,3,3554,true,0,0,0,
mv_8_6_7_to_10_4_5_R,2,3560,true,0,0,0,
mv_8_6_7_to_6_4_5_R,2,3560,true,0,0,0,
mv_8_6_7_to_7_4_5_R,0,3584,true,0,0,0,
mv_8_6_7_to_8_6_6_R,1,5358,true,0,0,0,
mv_8_6_7_to_9_6_8_R,2,3560,true,0,0,0,
mv_9_5_7_to_10_4_5_S,3,2361,true,0,0,0,
mv_9_5_7_to_10_6_5_S,3,2354,true,0,0,0,
mv_9_5_7_to_11_3_7_S,3,2354,true,0,0,0,
mv_9_5_7_to_11_5_7_S,3,2354,true,0,0,0,
mv_9_5_7_to_7_5_6_S,1,3564,true,0,0,0,
mv_9_5_7_to_8_5_9_S,3,2354,true,0,0,0,
mv_9_5_7_to_8_7_6_S,3,2354,true,0,0,0,
mv_9_5_7_to_9_5_8_S,3,2354,true,0,0,0,
mv_9_6_5_to_10_4_5_R,3,2352,true,0,0,0,
mv_9_6_5_to_11_5_6_R,4,2338,true,0,0,0,
mv_9_6_5_to_7_8_3_R,4,2338,true,0,0,0,
mv_9_6_5_to_8_7_4_R,4,2338,true,0,0,0,
mv_9_6_6_to_10_4_5_H,3,2944,true,0,0,0,
mv_9_6_6_to_10_6_5_H,3,3537,true,0,0,0,
mv_9_6_6_to_11_5_6_H,3,2944,true,0,0,0,
mv_9_6_6_to_7_5_7_H,3,2944,true,0,0,0,
mv_9_6_6_to_7_8_4_H,3,2944,true,0,0,0,
mv_9_6_6_to_8_6_5_H,3,2968,true,0,0,0,
mv_9_6_6_to_8_7_6_H,3,3537,true,0,0,0,
mv_9_6_6_to_9_5_8_H,3,1776,true,0,0,0,
mv_9_6_6_to_9_7_8_H,3,2944,true,0,0,0,
mv_9_6_7_to_10_5_6_H,3,2366,true,0,0,0,
mv_9_6_7_to_10_7_7_H,3,2951,true,0,0,0,
mv_9_6_7_to_7_4_5_H,3,2353,true,0,0,0,
mv_9_6_7_to_7_6_7_H,2,2964,true,0,0,0,
mv_9_6_7_to_8_6_5_H,2,4758,true,0,0,0,
mv_9_6_7_to_9_4_6_H,3,2951,true,0,0,0,
mv_9_6_7_to_9_5_8_H,2,3560,true,0,0,0,
mv_9_7_7_to_10_5_6_H,3,2942,true,0,0,0,
mv_9_7_7_to_10_6_7_H,3,1768,true,0,0,0,
mv_9_7_7_to_7_5_6_H,2,2968,true,0,0,0,
mv_9_7_7_to_7_8_5_H,3,1768,true,0,0,0,
mv_9_7_7_to_8_6_8_H,3,1768,true,0,0,0,
mv_9_7_7_to_9_5_8_H,3,2353,true,0,0,0,
del_11_1_2,4,5276,true,0,0,0,
del_11_4_9,6,4634,true,0,0,0,
del_13_4_8,5,2925,true,0,0,0,
del_15_4_3,6,4044,true,0,0,0,
del_4_5_4,0,0,true,0,0,0,
del_5_4_7,1,0,true,0,0,0,
del_6_3_3,3,0,true,0,0,0,
del_7_2_3,3,0,true,0,0,0,
del_7_7_5,2,2369,true,0,0,0,
del_8_6_7,2,3560,true,0,0,0,
mv_10_2_2_to_10_4_4_R,1,3566,true,0,0,0,
mv_10_2_2_to_11_4_3_R,2,2967,true,0,0,0,
mv_10_2_2_to_8_0_2_R,1,5366,true,0,0,0,
mv_10_2_2_to_9_3_2_R,3,2933,true,0,0,0,
mv_10_3_2_to_10_4_1_H,2,2959,true,0,0,0,
mv_10_3_2_to_11_2_1_H,2,2959,true,0,0,0,
mv_10_3_2_to_11_4_3_H,2,4158,true,0,0,0,
mv_10_3_2_to_12_2_2_H,2,2959,true,0,0,0,
mv_10_3_2_to_12_3_4_H,2,2959,true,0,0,0,
mv_10_3_2_to_12_5_4_H,2,2959,true,0,0,0,
mv_10_3_2_to_8_4_4_H,0,4169,true,0,0,0,
mv_10_3_2_to_9_3_3_H,2,2950,true,0,0,0,
mv_10_3_3_to_10_4_1_H,2,2949,true,0,0,0,
mv_10_3_3_to_11_1_4_H,2,2949,true,0,0,0,
mv_10_3_3_to_11_4_2_H,2,2958,true,0,0,0,
mv_10_3_3_to_12_1_2_H,2,2949,true,0,0,0,
mv_10_3_3_to_12_3_3_H,2,4159,true,0,0,0,
mv_10_3_3_to_12_5_3_H,2,2949,true,0,0,0,
mv_10_3_3_to_8_3_4_H,0,4168,true,0,0,0,
mv_10_3_3_to_9_1_4_H,1,5366,true,0,0,0,
mv_10_4_6_to_10_4_7_R,3,3555,true,0,0,0,
mv_10_4_6_to_11_3_8_R,3,2944,true,0,0,0,
mv_10_4_6_to_12_5_6_R,3,2944,true,0,0,0,
mv_10_4_6_to_9_5_5_R,2,1776,true,0,0,0,
mv_10_4_9_to_11_3_7_R,5,5254,true,0,0,0,
mv_10_4_9_to_8_5_9_R,2,4756,true,0,0,0,
mv_11_1_2_to_10_2_3_S,3,4713,true,0,0,0,
mv_11_1_2_to_11_3_1_S,2,3563,true,0,0,0,
mv_11_1_2_to_12_2_4_S,4,5276,true,0,0,0,
mv_11_1_2_to_13_3_3_S,4,5276,true,0,0,0,
mv_11_1_2_to_9_2_2_S,4,5276,true,0,0,0,
mv_11_2_2_to_10_2_3_S,3,4713,true,0,0,0,
mv_11_2_2_to_11_1_1_S,3,4713,true,0,0,0,
mv_11_2_2_to_11_4_0_S,3,4713,true,0,0,0,
mv_11_2_2_to_12_2_3_S,3,4713,true,0,0,0,
mv_11_2_2_to_12_4_0_S,3,4713,true,0,0,0,
mv_11_2_2_to_13_4_3_S,3,5905,true,0,0,0,
mv_11_2_2_to_9_1_4_S,1,5366,true,0,0,0,
mv_11_2_3_to_10_2_1_S,2,2370,true,0,0,0,
mv_11_2_3_to_10_4_5_S,2,2370,true,0,0,0,
mv_11_2_3_to_11_2_1_S,2,2370,true,0,0,0,
mv_11_2_3_to_11_4_3_S,2,2371,true,0,0,0,
mv_11_2_3_to_12_2_4_S,2,2370,true,0,0,0,
mv_11_2_3_to_13_3_3_S,2,2370,true,0,0,0,
mv_11_2_3_to_9_0_3_S,1,5366,true,0,0,0,
mv_11_2_3_to_9_2_2_S,2,2370,true,0,0,0,
mv_11_2_4_to_11_0_2_R,3,2933,true,0,0,0,
mv_11_2_4_to_12_3_3_R,2,5920,true,0,0,0,
mv_11_2_4_to_9_0_3_R,1,5366,true,0,0,0,
mv_11_3_3_to_10_1_2_H,2,4161,true,0,0,0,
mv_11_3_3_to_10_4_4_H,2,2950,true,0,0,0,
mv_11_3_3_to_11_2_1_H,3,4098,true,0,0,0,
mv_11_3_3_to_11_4_3_H,2,2958,true,0,0,0,
mv_11_3_3_to_12_2_1_H,3,4098,true,0,0,0,
mv_11_3_3_to_12_3_4_H,2,3553,true,0,0,0,
mv_11_3_3_to_12_5_4_H,3,4098,true,0,0,0,
mv_11_3_3_to_13_4_3_H,3,4110,true,0,0,0,
mv_11_3_3_to_9_3_2_H,3,2934,true,0,0,0,
mv_11_4_1_to_11_4_2_R,2,4159,true,0,0,0,
mv_11_4_1_to_12_5_3_R,4,5266,true,0,0,0,
mv_11_4_4_to_10_2_4_R,2,1776,true,0,0,0,
mv_11_4_4_to_11_4_3_R,2,4159,true,0,0,0,
mv_11_4_4_to_12_5_2_R,2,3541,true,0,0,0,
mv_11_4_4_to_13_5_6_R,2,3541,true,0,0,0,
mv_11_4_6_to_10_3_6_H,3,2944,true,0,0,0,
mv_11_4_6_to_10_5_6_H,3,3555,true,0,0,0,
mv_11_4_6_to_11_2_5_H,3,2944,true,0,0,0,
mv_11_4_6_to_11_5_4_H,3,2951,true,0,0,0,
mv_11_4_6_to_12_5_4_H,3,2944,true,0,0,0,
mv_11_4_6_to_13_3_8_H,3,2944,true,0,0,0,
mv_11_4_6_to_13_6_8_H,3,2944,true,0,0,0,
mv_11_4_6_to_9_5_8_H,2,4757,true,0,0,0,
mv_11_4_7_to_10_4_5_H,3,2358,true,0,0,0,
mv_11_4_7_to_10_5_9_H,3,3555,true,0,0,0,
mv_11_4_7_to_11_3_6_H,3,2358,true,0,0,0,
mv_11_4_7_to_11_5_7_H,3,3555,true,0,0,0,
mv_11_4_7_to_12_5_6_H,3,2358,true,0,0,0,
mv_11_4_7_to_13_4_6_H,3,2358,true,0,0,0,
mv_11_4_7_to_13_6_9_H,3,2358,true,0,0,0,
mv_11_4_7_to_9_5_6_H,3,3555,true,0,0,0,
mv_11_4_8_to_10_4_10_H,4,3522,true,0,0,0,
mv_11_4_8_to_10_5_9_H,3,3555,true,0,0,0,
mv_11_4_8_to_11_3_9_H,4,3522,true,0,0,0,
mv_11_4_8_to_11_6_9_H,4,3522,true,0,0,0,
mv_11_4_8_to_12_6_8_H,4,3522,true,0,0,0,
mv_11_4_8_to_13_5_10_H,4,3522,true,0,0,0,
mv_11_4_8_to_9_4_6_H,4,3522,true,0,0,0,
mv_11_4_8_to_9_6_8_H,3,3555,true,0,0,0,
mv_11_4_9_to_10_5_7_H,3,3555,true,0,0,0,
mv_11_4_9_to_11_5_10_H,6,4634,true,0,0,0,
mv_11_4_9_to_13_3_7_H,6,4634,true,0,0,0,
mv_11_4_9_to_13_6_8_H,6,1752,true,0,0,0,
mv_11_4_9_to_9_6_8_H,3,3555,true,0,0,0,
mv_11_5_9_to_10_5_7_H,3,3555,true,0,0,0,
mv_11_5_9_to_11_3_8_H,6,1758,true,0,0,0,
mv_11_5_9_to_12_6_7_H,4,3522,true,0,0,0,
mv_11_5_9_to_13_5_10_H,6,15,true,0,0,0,
mv_11_5_9_to_9_4_9_H,6,15,true,0,0,0,
mv_12_3_1_to_10_2_1_H,5,2915,true,0,0,0,
mv_12_3_1_to_11_2_1_H,5,2915,true,0,0,0,
mv_12_3_1_to_11_5_1_H,5,2915,true,0,0,0,
mv_12_3_1_to_12_4_0_H,5,2915,true,0,0,0,
mv_12_3_1_to_13_3_3_H,4,5862,true,0,0,0,
mv_12_3_1_to_14_2_3_H,4,5862,true,0,0,0,
mv_12_4_1_to_11_3_1_H,2,4159,true,0,0,0,
mv_12_4_1_to_12_2_1_H,5,3491,true,0,0,0,
mv_12_4_1_to_12_5_2_H,5,3491,true,0,0,0,
mv_12_4_1_to_13_4_3_H,4,4092,true,0,0,0,
mv_12_4_2_to_10_2_4_H,2,4161,true,0,0,0,
mv_12_4_2_to_11_3_4_H,2,4159,true,0,0,0,
mv_12_4_2_to_11_5_4_H,3,4121,true,0,0,0,
mv_12_4_2_to_12_3_0_H,3,4121,true,0,0,0,
mv_12_4_2_to_12_5_3_H,3,4121,true,0,0,0,
mv_12_4_2_to_13_4_3_H,3,4121,true,0,0,0,
mv_12_4_3_to_10_2_1_H,2,2953,true,0,0,0,
mv_12_4_3_to_10_4_5_H,2,2953,true,0,0,0,
mv_12_4_3_to_11_3_4_H,2,4159,true,0,0,0,
mv_12_4_3_to_11_5_4_H,2,2953,true,0,0,0,
mv_12_4_3_to_12_3_3_H,2,4159,true,0,0,0,
mv_12_4_3_to_12_5_4_H,2,2953,true,0,0,0,
mv_12_4_3_to_13_4_4_H,2,2953,true,0,0,0,
mv_12_4_4_to_10_2_4_H,2,4160,true,0,0,0,
mv_12_4_4_to_10_6_5_H,2,3560,true,0,0,0,
mv_12_4_4_to_11_4_2_H,2,4159,true,0,0,0,
mv_12_4_4_to_12_2_2_H,2,4159,true,0,0,0,
mv_12_4_4_to_12_5_2_H,2,3541,true,0,0,0,
mv_12_4_4_to_13_4_2_H,2,2958,true,0,0,0,
mv_12_4_4_to_14_2_3_H,2,3541,true,0,0,0,
mv_12_5_7_to_10_5_7_R,3,3554,true,0,0,0,
mv_12_5_7_to_11_4_5_R,5,2925,true,0,0,0,
mv_12_5_7_to_13_4_6_R,5,2925,true,0,0,0,
mv_12_5_7_to_14_5_9_R,5,2925,true,0,0,0,
mv_12_5_8_to_10_6_7_R,3,3554,true,0,0,0,
mv_12_5_8_to_11_6_9_R,3,3554,true,0,0,0,
mv_12_5_8_to_13_5_6_R,3,3554,true,0,0,0,
mv_13_4_7_to_11_2_5_S,5,2925,true,0,0,0,
mv_13_4_7_to_11_4_5_S,3,4740,true,0,0,0,
mv_13_4_7_to_12_4_6_S,3,5325,true,0,0,0,
mv_13_4_7_to_13_3_8_S,5,2925,true,0,0,0,
mv_13_4_7_to_13_6_9_S,5,2925,true,0,0,0,
mv_13_4_8_to_11_3_6_S,3,5325,true,0,0,0,
mv_13_4_8_to_11_5_10_S,3,5325,true,0,0,0,
mv_13_4_8_to_12_4_9_S,3,5325,true,0,0,0,
mv_13_4_8_to_13_4_6_S,5,2925,true,0,0,0,
mv_13_4_8_to_13_6_8_S,5,2925,true,0,0,0,
mv_13_4_8_to_14_5_9_S,5,2925,true,0,0,0,
mv_13_5_7_to_11_4_5_S,6,3508,true,0,0,0,
mv_13_5_7_to_12_4_6_S,6,3508,true,0,0,0,
mv_13_5_7_to_13_3_7_S,6,3508,true,0,0,0,
mv_13_5_7_to_13_6_9_S,6,3508,true,0,0,0,
mv_13_5_8_to_11_3_6_S,3,3554,true,0,0,0,
mv_13_5_8_to_11_5_10_S,3,3554,true,0,0,0,
mv_13_5_8_to_12_4_9_S,3,3554,true,0,0,0,
mv_13_5_8_to_13_3_8_S,3,3554,true,0,0,0,
mv_13_5_8_to_13_6_7_S,3,3554,true,0,0,0,
mv_13_5_8_to_14_5_9_S,3,3554,true,0,0,0,
mv_13_5_9_to_11_5_10_S,3,5325,true,0,0,0,
mv_13_5_9_to_12_6_8_S,5,2925,true,0,0,0,
mv_13_5_9_to_13_6_8_S,5,2925,true,0,0,0,
mv_14_3_2_to_12_2_1_R,5,2925,true,0,0,0,
mv_14_3_2_to_12_5_3_R,5,2925,true,0,0,0,
mv_14_3_2_to_15_2_2_R,5,2925,true,0,0,0,
mv_14_3_2_to_16_3_3_R,5,2925,true,0,0,0,
mv_14_3_3_to_12_4_5_R,6,4045,true,0,0,0,
mv_14_3_3_to_14_2_2_R,4,5865,true,0,0,0,
mv_14_3_3_to_16_3_2_R,6,4045,true,0,0,0,
mv_15_3_1_to_13_4_2_H,2,5930,true,0,0,0,
mv_15_3_1_to_15_2_3_H,5,4089,true,0,0,0,
mv_15_3_1_to_16_3_3_H,8,4011,true,0,0,0,
mv_15_3_2_to_13_4_1_H,3,5313,true,0,0,0,
mv_15_3_2_to_14_2_3_H,3,5313,true,0,0,0,
mv_15_3_2_to_15_3_4_H,3,5313,true,0,0,0,
mv_15_3_2_to_16_3_1_H,3,5313,true,0,0,0,
mv_15_3_3_to_13_3_3_H,3,5313,true,0,0,0,
mv_15_3_3_to_14_2_2_H,5,3508,true,0,0,0,
mv_15_3_3_to_15_4_1_H,5,4095,true,0,0,0,
mv_15_3_3_to_16_3_2_H,5,4095,true,0,0,0,
mv_15_4_2_to_13_4_1_H,3,5313,true,0,0,0,
mv_15_4_2_to_14_2_3_H,6,2903,true,0,0,0,
mv_15_4_2_to_15_3_0_H,5,5246,true,0,0,0,
mv_15_4_2_to_16_3_1_H,6,4044,true,0,0,0,
mv_15_4_3_to_13_3_3_H,3,5313,true,0,0,0,
mv_15_4_3_to_14_2_2_H,6,2903,true,0,0,0,
mv_15_4_3_to_15_2_3_H,6,4044,true,0,0,0,
mv_15_4_3_to_16_3_2_H,6,4044,true,0,0,0,
mv_2_5_4_to_3_4_4_H,0,0,true,0,0,0,
mv_2_5_4_to_3_7_6_H,0,1,true,0,0,0,
mv_2_5_4_to_4_5_6_H,0,1,true,0,0,0,
mv_3_3_7_to_2_5_5_H,0,0,true,0,0,0,
mv_3_3_7_to_3_4_8_H,1,0,true,0,0,0,
mv_3_3_7_to_4_2_9_H,1,0,true,0,0,0,
mv_3_3_7_to_4_4_8_H,1,0,true,0,0,0,
mv_3_3_7_to_5_1_8_H,1,0,true,0,0,0,
mv_3_3_7_to_5_4_5_H,1,2379,true,0,0,0,
mv_3_4_7_to_2_5_5_H,0,0,true,0,0,0,
mv_3_4_7_to_3_2_8_H,1,0,true,0,0,0,
mv_3_4_7_to_4_3_5_H,1,0,true,0,0,0,
mv_3_4_7_to_4_5_6_H,1,2379,true,0,0,0,
mv_3_4_7_to_5_3_7_H,1,0,true,0,0,0,
mv_3_4_7_to_5_5_8_H,1,0,true,0,0,0,
mv_3_5_4_to_2_5_5_H,0,0,true,0,0,0,
mv_3_5_4_to_3_7_6_H,0,1,true,0,0,0,
mv_3_5_4_to_4_5_6_H,0,1,true,0,0,0,
mv_3_5_4_to_5_3_5_H,0,0,true,0,0,0,
mv_3_5_4_to_5_7_3_H,0,0,true,0,0,0,
mv_3_6_6_to_2_5_5_H,0,0,true,0,0,0,
mv_3_6_6_to_3_6_4_H,0,2392,true,0,0,0,
mv_3_6_6_to_4_5_6_H,1,2379,true,0,0,0,
mv_3_6_6_to_4_7_6_H,1,0,true,0,0,0,
mv_3_6_6_to_5_5_8_H,1,0,true,0,0,0,
mv_4_2_5_to_2_4_4_H,0,0,true,0,0,0,
mv_4_2_5_to_3_4_4_H,1,0,true,0,0,0,
mv_4_2_5_to_4_4_6_H,2,0,true,0,0,0,
mv_4_2_5_to_5_3_3_H,2,0,true,0,0,0,
mv_4_2_5_to_5_4_6_H,2,0,true,0,0,0,
mv_4_2_5_to_6_2_3_H,2,0,true,0,0,0,
mv_4_2_5_to_6_3_6_H,2,0,true,0,0,0,
mv_4_2_6_to_2_4_7_R,3,580,true,0,0,0,
mv_4_2_6_to_4_3_5_R,28,1,true,12,9,20,7:6 8:6 9:7 10:1 11:20 12:9
mv_4_2_6_to_5_2_4_R,3,2370,true,0,0,0,
mv_4_2_6_to_6_2_5_R,3,2370,true,0,0,0,
mv_4_2_8_to_2_4_7_R,2,2355,true,0,0,0,
mv_4_2_8_to_4_4_8_R,3,2355,true,0,0,0,
mv_4_2_8_to_6_2_6_R,6,2330,true,0,0,0,
mv_4_4_7_to_2_4_7_S,0,0,true,0,0,0,
mv_4_4_7_to_3_2_7_S,1,0,true,0,0,0,
mv_4_4_7_to_3_5_7_S,1,0,true,0,0,0,
mv_4_4_7_to_4_3_8_S,1,1200,true,0,0,0,
mv_4_4_7_to_5_3_5_S,1,0,true,0,0,0,
mv_4_4_7_to_5_4_8_S,1,3584,true,0,0,0,
mv_4_4_7_to_6_2_7_S,1,0,true,0,0,0,
mv_4_4_7_to_6_4_6_S,1,2982,true,0,0,0,
mv_4_4_7_to_6_6_7_S,1,0,true,0,0,0,
mv_4_5_4_to_3_3_6_S,0,596,true,0,0,0,
mv_4_5_4_to_3_6_5_S,0,0,true,0,0,0,
mv_4_5_4_to_4_6_4_S,0,0,true,0,0,0,
mv_4_5_4_to_5_4_4_S,0,0,true,0,0,0,
mv_4_5_4_to_5_7_6_S,0,0,true,0,0,0,
mv_4_5_4_to_6_5_3_S,0,3585,true,0,0,0,
mv_4_5_4_to_6_7_2_S,0,0,true,0,0,0,
mv_4_5_7_to_3_4_6_R,1,2368,true,0,0,0,
mv_4_5_7_to_4_5_6_R,1,2379,true,0,0,0,
mv_4_5_7_to_5_5_8_R,1,2368,true,0,0,0,
mv_4_5_7_to_6_5_7_R,1,2368,true,0,0,0,
mv_4_6_5_to_3_4_4_R,0,4168,true,0,0,0,
mv_4_6_5_to_4_5_6_R,1,1783,true,0,0,0,
mv_4_6_5_to_5_7_7_R,2,1181,true,0,0,0,
mv_4_6_5_to_6_6_7_R,2,1181,true,0,0,0,
mv_4_6_6_to_2_5_5_H,0,0,true,0,0,0,
mv_4_6_6_to_3_5_7_H,1,0,true,0,0,0,
mv_4_6_6_to_4_4_6_H,1,0,true,0,0,0,
mv_4_6_6_to_4_6_7_H,1,0,true,0,0,0,
mv_4_6_6_to_5_4_8_H,1,0,true,0,0,0,
mv_4_6_6_to_6_4_5_H,1,0,true,0,0,0,
mv_4_6_6_to_6_6_4_H,1,0,true,0,0,0,
mv_4_6_6_to_6_7_7_H,1,0,true,0,0,0,
mv_5_2_5_to_3_3_6_H,1,0,true,0,0,0,
mv_5_2_5_to_4_3_5_H,2,0,true,0,0,0,
mv_5_2_5_to_5_1_6_H,2,0,true,0,0,0,
mv_5_2_5_to_5_4_4_H,2,0,true,0,0,0,
mv_5_2_5_to_6_0_6_H,2,0,true,0,0,0,
mv_5_2_5_to_6_2_7_H,2,0,true,0,0,0,
mv_5_2_5_to_7_0_7_H,2,0,true,0,0,0,
mv_5_2_6_to_3_2_5_H,1,586,true,0,0,0,
mv_5_2_6_to_3_4_4_H,1,586,true,0,0,0,
mv_5_2_6_to_4_1_8_H,2,586,true,0,0,0,
mv_5_2_6_to_4_4_6_H,2,586,true,0,0,0,
mv_5_2_6_to_5_2_4_H,2,586,true,0,0,0,
mv_5_2_6_to_5_4_6_H,2,586,true,0,0,0,
mv_5_2_6_to_6_2_5_H,2,586,true,0,0,0,
mv_5_2_6_to_6_4_5_H,2,1,true,0,0,0,
mv_5_2_6_to_7_2_5_H,2,586,true,0,0,0,
mv_5_2_7_to_3_2_7_H,1,3,true,0,0,0,
mv_5_2_7_to_4_1_5_H,2,3,true,0,0,0,
mv_5_2_7_to_4_3_7_H,2,590,true,0,0,0,
mv_5_2_7_to_5_1_8_H,2,3,true,0,0,0,
mv_5_2_7_to_5_4_5_H,1,1194,true,0,0,0,
mv_5_2_7_to_6_2_6_H,2,3,true,0,0,0,
mv_5_2_7_to_6_4_6_H,2,3,true,0,0,0,
mv_5_2_7_to_7_3_5_H,2,3,true,0,0,0,
mv_5_2_8_to_3_3_6_H,1,579,true,0,0,0,
mv_5_2_8_to_4_2_9_H,2,579,true,0,0,0,
mv_5_2_8_to_5_1_6_H,2,579,true,0,0,0,
mv_5_2_8_to_5_4_8_H,2,579,true,0,0,0,
mv_5_2_8_to_6_3_8_H,2,2344,true,0,0,0,
mv_5_3_6_to_3_2_5_H,1,3,true,0,0,0,
mv_5_3_6_to_3_4_4_H,1,3,true,0,0,0,
mv_5_3_6_to_4_1_6_H,2,3,true,0,0,0,
mv_5_3_6_to_4_4_4_H,2,3,true,0,0,0,
mv_5_3_6_to_5_1_4_H,3,3,true,0,0,0,
mv_5_3_6_to_5_3_5_H,3,3,true,0,0,0,
mv_5_3_6_to_5_4_8_H,3,3,true,0,0,0,
mv_5_3_6_to_6_2_7_H,3,3,true,0,0,0,
mv_5_3_6_to_6_4_7_H,2,1784,true,0,0,0,
mv_5_3_6_to_7_3_5_H,3,3,true,0,0,0,
mv_5_3_6_to_7_5_8_H,3,2964,true,0,0,0,
mv_5_3_8_to_3_4_6_H,1,4,true,0,0,0,
mv_5_3_8_to_4_2_9_H,2,4,true,0,0,0,
mv_5_3_8_to_4_5_6_H,1,2379,true,0,0,0,
mv_5_3_8_to_5_2_9_H,3,4,true,0,0,0,
mv_5_3_8_to_6_2_6_H,6,4,true,0,0,0,
mv_5_3_8_to_6_4_7_H,3,2355,true,0,0,0,
mv_5_3_8_to_7_5_8_H,3,3555,true,0,0,0,
mv_5_4_7_to_3_3_6_H,1,0,true,0,0,0,
mv_5_4_7_to_4_2_9_H,1,0,true,0,0,0,
mv_5_4_7_to_4_4_8_H,1,0,true,0,0,0,
mv_5_4_7_to_5_3_5_H,1,0,true,0,0,0,
mv_5_4_7_to_5_4_8_H,1,0,true,0,0,0,
mv_5_4_7_to_6_2_7_H,1,0,true,0,0,0,
mv_5_4_7_to_6_4_6_H,1,0,true,0,0,0,
mv_5_4_7_to_7_2_5_H,1,598,true,0,0,0,
mv_5_4_7_to_7_5_7_H,1,3555,true,0,0,0,
mv_5_5_4_to_3_4_6_H,0,0,true,0,0,0,
mv_5_5_4_to_4_3_5_H,0,0,true,0,0,0,
mv_5_5_4_to_4_6_4_H,0,1,true,0,0,0,
mv_5_5_4_to_5_4_4_H,0,0,true,0,0,0,
mv_5_5_4_to_6_3_2_H,0,1765,true,0,0,0,
mv_5_5_4_to_6_5_5_H,0,1,true,0,0,0,
mv_5_5_4_to_6_7_4_H,0,1,true,0,0,0,
mv_5_5_4_to_7_4_5_H,0,0,true,0,0,0,
mv_5_5_4_to_7_6_4_H,0,0,true,0,0,0,
mv_5_5_5_to_3_5_3_H,1,2352,true,0,0,0,
mv_5_5_5_to_4_3_5_H,2,2352,true,0,0,0,
mv_5_5_5_to_4_5_6_H,1,1783,true,0,0,0,
mv_5_5_5_to_5_3_3_H,3,1765,true,0,0,0,
mv_5_5_5_to_5_5_3_H,3,2352,true,0,0,0,
mv_5_5_5_to_6_4_5_H,3,2352,true,0,0,0,
mv_5_5_5_to_6_5_7_H,3,1181,true,0,0,0,
mv_5_5_5_to_6_7_4_H,1,1783,true,0,0,0,
mv_5_5_5_to_7_5_3_H,3,2352,true,0,0,0,
mv_5_5_5_to_7_6_7_H,3,1181,true,0,0,0,
mv_5_5_6_to_3_4_8_H,1,2933,true,0,0,0,
mv_5_5_6_to_4_3_5_H,2,2933,true,0,0,0,
mv_5_5_6_to_4_4_8_H,2,2933,true,0,0,0,
mv_5_5_6_to_4_7_5_H,2,2933,true,0,0,0,
mv_5_5_6_to_5_4_5_H,1,2379,true,0,0,0,
mv_5_5_6_to_5_7_6_H,1,2379,true,0,0,0,
mv_5_5_6_to_6_4_6_H,3,2933,true,0,0,0,
mv_5_5_6_to_6_6_6_H,1,2379,true,0,0,0,
mv_5_5_6_to_7_3_5_H,3,2933,true,0,0,0,
mv_5_5_6_to_7_5_8_H,3,5319,true,0,0,0,
mv_5_5_7_to_3_4_6_H,1,0,true,0,0,0,
mv_5_5_7_to_4_3_5_H,1,0,true,0,0,0,
mv_5_5_7_to_4_5_6_H,1,2379,true,0,0,0,
mv_5_5_7_to_5_3_5_H,1,0,true,0,0,0,
mv_5_5_7_to_5_4_8_H,1,0,true,0,0,0,
mv_5_5_7_to_6_3_8_H,1,0,true,0,0,0,
mv_5_5_7_to_6_5_7_H,1,0,true,0,0,0,
mv_5_5_7_to_7_3_5_H,1,0,true,0,0,0,
mv_5_5_7_to_7_5_8_H,1,3555,true,0,0,0,
mv_5_6_4_to_3_5_3_H,1,1181,true,0,0,0,
mv_5_6_4_to_4_4_6_H,2,1181,true,0,0,0,
mv_5_6_4_to_4_7_6_H,3,1181,true,0,0,0,
mv_5_6_4_to_5_7_3_H,3,1181,true,0,0,0,
mv_5_6_4_to_6_5_5_H,3,1181,true,0,0,0,
mv_5_6_4_to_6_7_4_H,3,1181,true,0,0,0,
mv_5_6_4_to_7_4_5_H,3,1181,true,0,0,0,
mv_5_6_4_to_7_6_4_H,3,1181,true,0,0,0,
mv_5_6_4_to_7_8_6_H,3,1181,true,0,0,0,
mv_5_6_5_to_3_6_4_H,0,2392,true,0,0,0,
mv_5_6_5_to_4_5_3_H,1,2,true,0,0,0,
mv_5_6_5_to_4_7_6_H,1,2,true,0,0,0,
mv_5_6_5_to_5_7_3_H,1,2,true,0,0,0,
mv_5_6_5_to_6_4_7_H,1,2,true,0,0,0,
mv_5_6_5_to_6_6_4_H,1,2,true,0,0,0,
mv_5_6_5_to_6_7_7_H,1,2,true,0,0,0,
mv_5_6_5_to_7_5_5_H,1,2,true,0,0,0,
mv_5_6_5_to_7_7_7_H,1,2,true,0,0,0,
mv_5_6_6_to_3_4_4_H,1,0,true,0,0,0,
mv_5_6_6_to_3_6_5_H,1,0,true,0,0,0,
mv_5_6_6_to_4_5_6_H,1,0,true,0,0,0,
mv_5_6_6_to_4_7_6_H,1,0,true,0,0,0,
mv_5_6_6_to_5_5_8_H,1,0,true,0,0,0,
mv_5_6_6_to_6_4_6_H,1,0,true,0,0,0,
mv_5_6_6_to_6_6_6_H,1,0,true,0,0,0,
mv_5_6_6_to_6_8_6_H,1,0,true,0,0,0,
mv_5_6_6_to_7_5_8_H,1,3555,true,0,0,0,
mv_5_6_6_to_7_8_5_H,1,0,true,0,0,0,
mv_5_6_7_to_3_6_5_H,1,2379,true,0,0,0,
mv_5_6_7_to_4_5_8_H,2,0,true,0,0,0,
mv_5_6_7_to_5_4_6_H,3,0,true,0,0,0,
mv_5_6_7_to_6_4_6_H,3,0,true,0,0,0,
mv_5_6_7_to_6_7_5_H,1,2379,true,0,0,0,
mv_5_6_7_to_7_5_6_H,3,0,true,0,0,0,
mv_5_6_7_to_7_8_5_H,3,0,true,0,0,0,
mv_6_1_4_to_5_3_5_R,3,2952,true,0,0,0,
mv_6_1_4_to_7_-1_6_R,3,2952,true,0,0,0,
mv_6_1_4_to_8_-1_6_R,1,4174,true,0,0,0,
mv_6_3_3_to_4_3_5_S,3,2952,true,0,0,0,
mv_6_3_3_to_5_3_5_S,3,2952,true,0,0,0,
mv_6_3_3_to_6_2_3_S,3,0,true,0,0,0,
mv_6_3_3_to_6_5_5_S,0,1201,true,0,0,0,
mv_6_3_3_to_7_4_2_S,0,1200,true,0,0,0,
mv_6_3_3_to_8_1_5_S,1,5366,true,0,0,0,
mv_6_3_3_to_8_5_4_S,0,1200,true,0,0,0,
mv_6_4_4_to_5_4_4_R,0,2968,true,0,0,0,
mv_6_4_4_to_6_4_6_R,0,1193,true,0,0,0,
mv_6_4_4_to_7_4_2_R,0,2968,true,0,0,0,
mv_6_4_4_to_8_4_4_R,0,2968,true,0,0,0,
mv_6_5_4_to_4_4_6_S,0,1,true,0,0,0,
mv_6_5_4_to_4_7_6_S,0,0,true,0,0,0,
mv_6_5_4_to_5_4_6_S,0,2396,true,0,0,0,
mv_6_5_4_to_6_3_6_S,0,1776,true,0,0,0,
mv_6_5_4_to_6_6_4_S,0,1,true,0,0,0,
mv_6_5_4_to_7_3_2_S,0,0,true,0,0,0,
mv_6_5_4_to_7_5_5_S,0,0,true,0,0,0,
mv_6_5_4_to_8_3_3_S,0,2952,true,0,0,0,
mv_6_5_4_to_8_6_3_S,0,0,true,0,0,0,
mv_6_5_4_to_8_7_5_S,0,0,true,0,0,0,
mv_6_5_6_to_4_4_4_S,0,2392,true,0,0,0,
mv_6_5_6_to_4_6_4_S,0,2392,true,0,0,0,
mv_6_5_6_to_5_3_7_S,1,3584,true,0,0,0,
mv_6_5_6_to_5_5_8_S,3,2354,true,0,0,0,
mv_6_5_6_to_6_3_8_S,4,3526,true,0,0,0,
mv_6_5_6_to_6_6_4_S,0,2393,true,0,0,0,
mv_6_5_6_to_6_7_7_S,3,2354,true,0,0,0,
mv_6_5_6_to_7_5_8_S,3,2354,true,0,0,0,
mv_6_5_6_to_8_4_4_S,0,2392,true,0,0,0,
mv_6_5_6_to_8_7_4_S,4,3526,true,0,0,0,
mv_6_7_3_to_6_5_5_R,0,2393,true,0,0,0,
mv_6_7_3_to_7_8_3_R,3,2353,true,0,0,0,
mv_6_7_6_to_4_5_8_R,2,2919,true,0,0,0,
mv_6_7_6_to_6_5_7_R,3,2354,true,0,0,0,
mv_6_7_6_to_7_6_4_R,0,2392,true,0,0,0,
mv_6_7_6_to_8_7_4_R,4,2919,true,0,0,0,
mv_7_0_3_to_7_2_2_R,2,2949,true,0,0,0,
mv_7_0_3_to_9_0_5_R,2,2965,true,0,0,0,
mv_7_0_6_to_6_2_4_R,3,2968,true,0,0,0,
mv_7_0_6_to_8_0_7_R,3,4117,true,0,0,0,
mv_7_1_4_to_5_1_6_S,3,1746,true,0,0,0,
mv_7_1_4_to_6_0_4_S,3,0,true,0,0,0,
mv_7_1_4_to_6_2_5_S,3,1746,true,0,0,0,
mv_7_1_4_to_7_-1_6_S,3,0,true,0,0,0,
mv_7_1_4_to_7_3_2_S,3,0,true,0,0,0,
mv_7_1_4_to_8_-1_6_S,1,5366,true,0,0,0,
mv_7_1_4_to_8_3_3_S,1,2970,true,0,0,0,
mv_7_1_4_to_9_0_6_S,1,5366,true,0,0,0,
mv_7_1_4_to_9_3_3_S,2,1789,true,0,0,0,
mv_7_1_5_to_5_3_3_S,3,2952,true,0,0,0,
mv_7_1_5_to_6_0_6_S,3,2952,true,0,0,0,
mv_7_1_5_to_6_2_6_S,3,2952,true,0,0,0,
mv_7_1_5_to_7_0_7_S,3,2952,true,0,0,0,
mv_7_1_5_to_8_-1_4_S,1,4770,true,0,0,0,
mv_7_1_5_to_8_1_6_S,1,4770,true,0,0,0,
mv_7_1_5_to_9_0_5_S,1,4770,true,0,0,0,
mv_7_2_3_to_5_1_4_S,3,0,true,0,0,0,
mv_7_2_3_to_5_4_5_S,3,0,true,0,0,0,
mv_7_2_3_to_6_2_4_S,3,2968,true,0,0,0,
mv_7_2_3_to_7_2_5_S,3,2952,true,0,0,0,
mv_7_2_3_to_8_0_2_S,1,5366,true,0,0,0,
mv_7_2_3_to_8_4_3_S,0,1200,true,0,0,0,
mv_7_2_3_to_9_1_3_S,1,5366,true,0,0,0,
mv_7_2_4_to_5_1_4_S,3,2952,true,0,0,0,
mv_7_2_4_to_5_4_4_S,0,2976,true,0,0,0,
mv_7_2_4_to_6_0_6_S,3,2952,true,0,0,0,
mv_7_2_4_to_6_2_6_S,3,2952,true,0,0,0,
mv_7_2_4_to_7_0_2_S,3,2952,true,0,0,0,
mv_7_2_4_to_7_3_5_S,0,2976,true,0,0,0,
mv_7_2_4_to_8_1_5_S,1,4770,true,0,0,0,
mv_7_2_4_to_8_4_4_S,0,2976,true,0,0,0,
mv_7_2_4_to_9_1_3_S,1,4770,true,0,0,0,
mv_7_2_4_to_9_4_6_S,3,2952,true,0,0,0,
mv_7_3_3_to_5_4_4_S,0,1200,true,0,0,0,
mv_7_3_3_to_6_2_4_S,3,2968,true,0,0,0,
mv_7_3_3_to_6_5_5_S,0,1201,true,0,0,0,
mv_7_3_3_to_7_4_5_S,0,1200,true,0,0,0,
mv_7_3_3_to_8_3_4_S,0,1200,true,0,0,0,
mv_7_3_3_to_9_1_4_S,1,5366,true,0,0,0,
mv_7_3_4_to_5_1_4_S,2,0,true,0,0,0,
mv_7_3_4_to_5_4_4_S,2,0,true,0,0,0,
mv_7_3_4_to_6_2_3_S,2,0,true,0,0,0,
mv_7_3_4_to_6_3_6_S,2,1776,true,0,0,0,
mv_7_3_4_to_7_1_6_S,2,1776,true,0,0,0,
mv_7_3_4_to_7_4_5_S,2,0,true,0,0,0,
mv_7_3_4_to_8_1_5_S,1,4768,true,0,0,0,
mv_7_3_4_to_8_5_4_S,2,0,true,0,0,0,
mv_7_3_4_to_9_3_3_S,2,4159,true,0,0,0,
mv_7_4_3_to_5_3_3_S,2,3,true,0,0,0,
mv_7_4_3_to_6_2_3_S,2,3,true,0,0,0,
mv_7_4_3_to_6_5_3_S,1,2983,true,0,0,0,
mv_7_4_3_to_7_2_5_S,2,1778,true,0,0,0,
mv_7_4_3_to_7_5_5_S,1,1189,true,0,0,0,
mv_7_4_3_to_8_4_4_S,2,3,true,0,0,0,
mv_7_4_3_to_9_3_2_S,2,4159,true,0,0,0,
mv_7_4_4_to_5_3_3_S,0,0,true,0,0,0,
mv_7_4_4_to_5_5_3_S,0,0,true,0,0,0,
mv_7_4_4_to_6_3_2_S,0,0,true,0,0,0,
mv_7_4_4_to_6_5_5_S,0,1,true,0,0,0,
mv_7_4_4_to_7_2_5_S,0,1776,true,0,0,0,
mv_7_4_4_to_7_5_5_S,0,596,true,0,0,0,
mv_7_4_4_to_8_3_4_S,0,0,true,0,0,0,
mv_7_4_4_to_8_6_6_S,0,594,true,0,0,0,
mv_7_4_4_to_9_5_5_S,0,0,true,0,0,0,
mv_7_5_4_to_5_4_4_S,0,0,true,0,0,0,
mv_7_5_4_to_5_7_6_S,0,0,true,0,0,0,
mv_7_5_4_to_6_5_3_S,0,0,true,0,0,0,
mv_7_5_4_to_6_7_2_S,0,0,true,0,0,0,
mv_7_5_4_to_7_4_2_S,0,0,true,0,0,0,
mv_7_5_4_to_7_6_4_S,0,0,true,0,0,0,
mv_7_5_4_to_8_4_4_S,0,0,true,0,0,0,
mv_7_5_4_to_8_7_4_S,0,0,true,0,0,0,
mv_7_5_4_to_9_4_6_S,0,588,true,0,0,0,
mv_7_5_4_to_9_7_6_S,0,0,true,0,0,0,
mv_7_6_3_to_6_4_5_S,4,2920,true,0,0,0,
mv_7_6_3_to_6_7_2_S,4,2920,true,0,0,0,
mv_7_6_3_to_7_4_5_S,0,4168,true,0,0,0,
mv_7_6_3_to_7_8_3_S,4,2920,true,0,0,0,
mv_7_6_3_to_8_5_4_S,0,4168,true,0,0,0,
mv_7_6_3_to_9_5_5_S,2,2950,true,0,0,0,
mv_7_7_3_to_6_5_3_S,0,2393,true,0,0,0,
mv_7_7_3_to_6_7_4_S,1,2379,true,0,0,0,
mv_7_7_3_to_7_6_2_S,3,2353,true,0,0,0,
mv_7_7_3_to_8_6_3_S,3,2353,true,0,0,0,
mv_7_7_3_to_9_6_4_S,2,1187,true,0,0,0,
mv_7_7_4_to_6_5_3_S,0,2393,true,0,0,0,
mv_7_7_4_to_6_7_2_S,3,2353,true,0,0,0,
mv_7_7_4_to_7_5_3_S,0,2991,true,0,0,0,
mv_7_7_4_to_7_7_2_S,3,2353,true,0,0,0,
mv_7_7_4_to_8_6_3_S,3,2353,true,0,0,0,
mv_7_7_4_to_8_7_6_S,3,2353,true,0,0,0,
mv_7_7_4_to_9_7_6_S,3,2353,true,0,0,0,
mv_7_7_5_to_6_5_3_S,0,2393,true,0,0,0,
mv_7_7_5_to_6_6_6_S,1,2379,true,0,0,0,
mv_7_7_5_to_6_8_3_S,2,2369,true,0,0,0,
mv_7_7_5_to_7_5_7_S,2,2964,true,0,0,0,
mv_7_7_5_to_7_8_4_S,2,2369,true,0,0,0,
mv_7_7_5_to_8_6_6_S,2,2964,true,0,0,0,
mv_7_7_5_to_9_5_6_S,2,2369,true,0,0,0,
mv_7_7_6_to_5_5_8_S,2,2964,true,0,0,0,
mv_7_7_6_to_6_5_7_S,2,2964,true,0,0,0,
mv_7_7_6_to_6_7_5_S,1,2379,true,0,0,0,
mv_7_7_6_to_7_5_7_S,2,2964,true,0,0,0,
mv_7_7_6_to_7_8_5_S,3,2354,true,0,0,0,
mv_7_7_6_to_8_7_4_S,3,2354,true,0,0,0,
mv_7_7_6_to_9_6_4_S,2,1781,true,0,0,0,
mv_7_7_6_to_9_8_7_S,3,2354,true,0,0,0,
mv_8_0_3_to_6_0_3_S,3,4093,true,0,0,0,
mv_8_0_3_to_6_2_5_S,3,4124,true,0,0,0,
mv_8_0_3_to_8_-1_4_S,3,4093,true,0,0,0,
mv_8_0_3_to_9_0_5_S,3,4093,true,0,0,0,
mv_8_0_4_to_10_2_3_S,2,2965,true,0,0,0,
mv_8_0_4_to_6_1_3_S,2,2948,true,0,0,0,
mv_8_0_4_to_7_-1_3_S,2,2948,true,0,0,0,
mv_8_0_4_to_7_2_5_S,2,2960,true,0,0,0,
mv_8_0_4_to_8_1_2_S,2,2948,true,0,0,0,
mv_8_0_4_to_9_0_6_S,2,2948,true,0,0,0,
mv_8_0_5_to_10_2_4_S,3,5860,true,0,0,0,
mv_8_0_5_to_6_2_3_S,3,4094,true,0,0,0,
mv_8_0_5_to_7_-1_3_S,3,4094,true,0,0,0,
mv_8_0_5_to_8_-1_3_S,3,4094,true,0,0,0,
mv_8_0_5_to_8_1_6_S,3,3525,true,0,0,0,
mv_8_0_5_to_9_1_4_S,3,4094,true,0,0,0,
mv_8_0_6_to_6_2_5_S,3,4125,true,0,0,0,
mv_8_0_6_to_7_0_7_S,3,4102,true,0,0,0,
mv_8_0_6_to_8_1_5_S,3,4102,true,0,0,0,
mv_8_1_3_to_10_2_1_S,3,3546,true,0,0,0,
mv_8_1_3_to_6_1_3_S,3,3546,true,0,0,0,
mv_8_1_3_to_7_-1_3_S,3,3546,true,0,0,0,
mv_8_1_3_to_7_3_5_S,0,4168,true,0,0,0,
mv_8_1_3_to_8_1_5_S,3,3546,true,0,0,0,
mv_8_1_3_to_9_0_5_S,3,3546,true,0,0,0,
mv_8_1_4_to_10_1_2_S,1,4763,true,0,0,0,
mv_8_1_4_to_6_0_4_S,1,3566,true,0,0,0,
mv_8_1_4_to_6_2_5_S,1,3566,true,0,0,0,
mv_8_1_4_to_7_-1_6_S,1,3566,true,0,0,0,
mv_8_1_4_to_7_3_2_S,1,3566,true,0,0,0,
mv_8_1_4_to_8_-1_6_S,1,3566,true,0,0,0,
mv_8_1_4_to_8_3_3_S,1,3566,true,0,0,0,
mv_8_1_4_to_9_0_6_S,1,3566,true,0,0,0,
mv_8_5_7_to_10_3_6_S,3,2354,true,0,0,0,
mv_8_5_7_to_10_5_6_S,3,2354,true,0,0,0,
mv_8_5_7_to_10_6_7_S,3,2354,true,0,0,0,
mv_8_5_7_to_6_4_6_S,1,2982,true,0,0,0,
mv_8_5_7_to_6_6_7_S,2,2964,true,0,0,0,
mv_8_5_7_to_7_5_5_S,0,2988,true,0,0,0,
mv_8_5_7_to_8_5_9_S,3,2354,true,0,0,0,
mv_8_5_7_to_8_7_6_S,3,2354,true,0,0,0,
mv_8_5_7_to_9_5_6_S,2,2964,true,0,0,0,
mv_8_5_7_to_9_7_8_S,3,2354,true,0,0,0,
mv_8_5_8_to_10_4_8_S,3,2354,true,0,0,0,
mv_8_5_8_to_10_6_7_S,3,2354,true,0,0,0,
mv_8_5_8_to_6_4_7_S,3,2354,true,0,0,0,
mv_8_5_8_to_7_5_6_S,3,1768,true,0,0,0,
mv_8_5_8_to_8_6_8_S,3,2354,true,0,0,0,
mv_8_5_8_to_9_5_6_S,3,3554,true,0,0,0,
mv_8_6_7_to_10_4_7_R,2,3560,true,0,0,0,
mv_8_6_7_to_6_4_6_R,2,4156,true,0,0,0,
mv_8_6_7_to_7_5_5_R,0,2392,true,0,0,0,
mv_8_6_7_to_8_6_8_R,2,3560,true,0,0,0,
mv_8_6_7_to_9_7_5_R,2,3560,true,0,0,0,
mv_9_5_7_to_10_4_7_H,3,2354,true,0,0,0,
mv_9_5_7_to_10_6_6_H,3,2354,true,0,0,0,
mv_9_5_7_to_11_3_8_H,3,2354,true,0,0,0,
mv_9_5_7_to_11_6_9_H,3,2354,true,0,0,0,
mv_9_5_7_to_7_5_7_H,2,2964,true,0,0,0,
mv_9_5_7_to_8_6_5_H,3,3556,true,0,0,0,
mv_9_5_7_to_9_4_6_H,3,2354,true,0,0,0,
mv_9_5_7_to_9_6_8_H,3,2354,true,0,0,0,
mv_9_6_5_to_10_4_7_R,3,5316,true,0,0,0,
mv_9_6_5_to_11_5_7_R,3,5315,true,0,0,0,
mv_9_6_5_to_7_8_4_R,4,2338,true,0,0,0,
mv_9_6_5_to_8_7_5_R,4,2338,true,0,0,0,
mv_9_6_6_to_10_4_5_S,3,2944,true,0,0,0,
mv_9_6_6_to_10_6_5_S,3,3537,true,0,0,0,
mv_9_6_6_to_11_5_6_S,3,2944,true,0,0,0,
mv_9_6_6_to_7_5_7_S,3,1773,true,0,0,0,
mv_9_6_6_to_7_8_4_S,3,3537,true,0,0,0,
mv_9_6_6_to_8_6_5_S,3,2968,true,0,0,0,
mv_9_6_6_to_8_7_6_S,3,3537,true,0,0,0,
mv_9_6_6_to_9_5_8_S,3,2356,true,0,0,0,
mv_9_6_6_to_9_7_8_S,3,2944,true,0,0,0,
mv_9_6_7_to_10_5_6_S,3,2951,true,0,0,0,
mv_9_6_7_to_10_7_7_S,3,2951,true,0,0,0,
mv_9_6_7_to_7_4_5_S,0,2392,true,0,0,0,
mv_9_6_7_to_7_6_7_S,2,2964,true,0,0,0,
mv_9_6_7_to_8_6_5_S,2,4758,true,0,0,0,
mv_9_6_7_to_9_4_6_S,3,2951,true,0,0,0,
mv_9_6_7_to_9_5_8_S,3,2353,true,0,0,0,
mv_9_7_7_to_10_5_6_S,3,2942,true,0,0,0,
mv_9_7_7_to_10_6_7_S,3,1768,true,0,0,0,
mv_9_7_7_to_7_5_6_S,2,2968,true,0,0,0,
mv_9_7_7_to_7_8_5_S,3,1768,true,0,0,0,
mv_9_7_7_to_8_6_8_S,3,1768,true,0,0,0,
mv_9_7_7_to_9_5_8_S,3,1773,true,0,0,0,
del_11_2_2,3,4713,true,0,0,0,
del_11_5_9,6,15,true,0,0,0,
del_13_5_7,6,3508,true,0,0,0,
del_2_5_4,0,0,true,0,0,0,
del_4_5_7,1,2368,true,0,0,0,
del_5_5_4,0,0,true,0,0,0,
del_6_4_4,0,2968,true,0,0,0,
del_7_2_4,3,2952,true,0,0,0,
del_7_7_6,3,2354,true,0,0,0,
del_9_5_7,3,2354,true,0,0,0,
mv_10_2_2_to_11_0_2_R,3,2933,true,0,0,0,
mv_10_2_2_to_12_1_2_R,3,2933,true,0,0,0,
mv_10_2_2_to_8_1_2_R,1,5366,true,0,0,0,
mv_10_2_2_to_9_3_3_R,3,2933,true,0,0,0,
mv_10_3_2_to_10_4_1_S,2,2959,true,0,0,0,
mv_10_3_2_to_11_2_1_S,2,2959,true,0,0,0,
mv_10_3_2_to_11_4_3_S,2,4158,true,0,0,0,
mv_10_3_2_to_12_2_2_S,2,2959,true,0,0,0,
mv_10_3_2_to_12_3_4_S,2,3552,true,0,0,0,
mv_10_3_2_to_12_5_4_S,2,2959,true,0,0,0,
mv_10_3_2_to_8_4_4_S,0,4169,true,0,0,0,
mv_10_3_2_to_9_3_3_S,2,4158,true,0,0,0,
mv_10_3_3_to_10_4_1_S,2,2949,true,0,0,0,
mv_10_3_3_to_11_1_4_S,2,2949,true,0,0,0,
mv_10_3_3_to_11_4_2_S,2,2958,true,0,0,0,
mv_10_3_3_to_12_1_2_S,2,2949,true,0,0,0,
mv_10_3_3_to_12_3_3_S,2,2949,true,0,0,0,
mv_10_3_3_to_12_5_3_S,2,2949,true,0,0,0,
mv_10_3_3_to_8_3_4_S,0,4168,true,0,0,0,
mv_10_3_3_to_9_1_4_S,1,5366,true,0,0,0,
mv_10_4_6_to_10_4_8_R,3,3555,true,0,0,0,
mv_10_4_6_to_11_4_5_R,3,2944,true,0,0,0,
mv_10_4_6_to_12_6_7_R,3,2944,true,0,0,0,
mv_10_4_6_to_9_5_6_R,2,4747,true,0,0,0,
mv_10_4_9_to_11_3_8_R,5,5254,true,0,0,0,
mv_10_4_9_to_8_6_8_R,3,3555,true,0,0,0,
mv_11_1_2_to_10_2_4_H,2,4161,true,0,0,0,
mv_11_1_2_to_11_3_4_H,2,3563,true,0,0,0,
mv_11_1_2_to_12_3_0_H,4,5276,true,0,0,0,
mv_11_1_2_to_9_0_3_H,1,5366,true,0,0,0,
mv_11_1_2_to_9_3_2_H,3,2934,true,0,0,0,
mv_11_2_2_to_10_2_4_H,2,4161,true,0,0,0,
mv_11_2_2_to_11_1_3_H,3,4713,true,0,0,0,
mv_11_2_2_to_11_4_2_H,2,3563,true,0,0,0,
mv_11_2_2_to_12_2_4_H,3,4713,true,0,0,0,
mv_11_2_2_to_13_3_2_H,3,5307,true,0,0,0,
mv_11_2_2_to_13_4_4_H,3,4713,true,0,0,0,
mv_11_2_2_to_9_2_2_H,3,4713,true,0,0,0,
mv_11_2_3_to_10_2_3_H,2,4160,true,0,0,0,
mv_11_2_3_to_11_0_2_H,2,2370,true,0,0,0,
mv_11_2_3_to_11_2_5_H,2,2370,true,0,0,0,
mv_11_2_3_to_11_4_5_H,2,2370,true,0,0,0,
mv_11_2_3_to_12_3_3_H,2,2371,true,0,0,0,
mv_11_2_3_to_13_4_1_H,2,2370,true,0,0,0,
mv_11_2_3_to_9_0_4_H,1,5366,true,0,0,0,
mv_11_2_3_to_9_3_2_H,2,2370,true,0,0,0,
mv_11_2_4_to_11_1_3_R,3,2933,true,0,0,0,
mv_11_2_4_to_12_3_4_R,3,2933,true,0,0,0,
mv_11_2_4_to_9_0_4_R,1,5366,true,0,0,0,
mv_11_3_3_to_10_1_2_S,2,4161,true,0,0,0,
mv_11_3_3_to_10_4_4_S,2,2950,true,0,0,0,
mv_11_3_3_to_11_2_1_S,3,4098,true,0,0,0,
mv_11_3_3_to_11_4_3_S,2,2958,true,0,0,0,
mv_11_3_3_to_12_2_1_S,3,4098,true,0,0,0,
mv_11_3_3_to_12_3_4_S,3,4098,true,0,0,0,
mv_11_3_3_to_12_5_4_S,3,4098,true,0,0,0,
mv_11_3_3_to_13_4_3_S,3,4110,true,0,0,0,
mv_11_3_3_to_9_3_2_S,3,4098,true,0,0,0,
mv_11_4_1_to_11_4_3_R,2,4159,true,0,0,0,
mv_11_4_1_to_13_3_2_R,2,4158,true,0,0,0,
mv_11_4_4_to_10_3_6_R,2,3541,true,0,0,0,
mv_11_4_4_to_11_4_5_R,2,3541,true,0,0,0,
mv_11_4_4_to_12_5_3_R,2,3541,true,0,0,0,
mv_11_4_4_to_9_2_2_R,2,2370,true,0,0,0,
mv_11_4_6_to_10_3_6_S,3,2944,true,0,0,0,
mv_11_4_6_to_10_5_6_S,3,3555,true,0,0,0,
mv_11_4_6_to_11_2_5_S,3,2944,true,0,0,0,
mv_11_4_6_to_11_5_4_S,3,2951,true,0,0,0,
mv_11_4_6_to_12_5_4_S,3,2359,true,0,0,0,
mv_11_4_6_to_13_3_8_S,3,2944,true,0,0,0,
mv_11_4_6_to_13_6_8_S,3,2944,true,0,0,0,
mv_11_4_6_to_9_5_8_S,3,2356,true,0,0,0,
mv_11_4_7_to_10_4_5_S,3,2365,true,0,0,0,
mv_11_4_7_to_10_5_9_S,3,3555,true,0,0,0,
mv_11_4_7_to_11_3_6_S,3,2358,true,0,0,0,
mv_11_4_7_to_11_5_7_S,3,3555,true,0,0,0,
mv_11_4_7_to_12_5_6_S,3,2358,true,0,0,0,
mv_11_4_7_to_13_4_6_S,3,2358,true,0,0,0,
mv_11_4_7_to_13_6_9_S,3,2358,true,0,0,0,
mv_11_4_7_to_9_5_6_S,3,3555,true,0,0,0,
mv_11_4_8_to_10_4_10_S,4,3522,true,0,0,0,
mv_11_4_8_to_10_5_9_S,3,3555,true,0,0,0,
mv_11_4_8_to_11_3_9_S,4,3522,true,0,0,0,
mv_11_4_8_to_11_6_9_S,4,3522,true,0,0,0,
mv_11_4_8_to_12_6_8_S,4,3522,true,0,0,0,
mv_11_4_8_to_13_5_10_S,4,3522,true,0,0,0,
mv_11_4_8_to_9_4_6_S,4,2945,true,0,0,0,
mv_11_4_8_to_9_6_8_S,4,3522,true,0,0,0,
mv_11_4_9_to_10_5_7_S,3,3555,true,0,0,0,
mv_11_4_9_to_11_5_10_S,6,4634,true,0,0,0,
mv_11_4_9_to_13_3_7_S,6,4634,true,0,0,0,
mv_11_4_9_to_13_6_8_S,6,4634,true,0,0,0,
mv_11_4_9_to_9_6_8_S,6,2903,true,0,0,0,
mv_11_5_9_to_10_5_7_S,3,3555,true,0,0,0,
mv_11_5_9_to_11_3_8_S,6,15,true,0,0,0,
mv_11_5_9_to_12_6_7_S,4,3522,true,0,0,0,
mv_11_5_9_to_13_5_10_S,6,15,true,0,0,0,
mv_11_5_9_to_9_4_9_S,6,15,true,0,0,0,
mv_12_3_1_to_10_2_1_S,5,2915,true,0,0,0,
mv_12_3_1_to_11_2_1_S,2,4159,true,0,0,0,
mv_12_3_1_to_11_5_1_S,5,2915,true,0,0,0,
mv_12_3_1_to_12_4_0_S,5,2915,true,0,0,0,
mv_12_3_1_to_13_3_3_S,3,4121,true,0,0,0,
mv_12_3_1_to_14_2_3_S,4,5862,true,0,0,0,
mv_12_4_1_to_11_3_1_S,2,4159,true,0,0,0,
mv_12_4_1_to_12_2_1_S,5,4090,true,0,0,0,
mv_12_4_1_to_12_5_2_S,5,3491,true,0,0,0,
mv_12_4_1_to_13_4_3_S,4,4094,true,0,0,0,
mv_12_4_2_to_10_2_4_S,2,4161,true,0,0,0,
mv_12_4_2_to_11_3_4_S,2,4159,true,0,0,0,
mv_12_4_2_to_11_5_4_S,3,4121,true,0,0,0,
mv_12_4_2_to_12_3_0_S,3,4121,true,0,0,0,
mv_12_4_2_to_12_5_3_S,3,4121,true,0,0,0,
mv_12_4_2_to_13_4_3_S,3,4121,true,0,0,0,
mv_12_4_3_to_10_2_1_S,2,2953,true,0,0,0,
mv_12_4_3_to_10_4_5_S,2,2953,true,0,0,0,
mv_12_4_3_to_11_3_4_S,2,4159,true,0,0,0,
mv_12_4_3_to_11_5_4_S,2,2953,true,0,0,0,
mv_12_4_3_to_12_3_3_S,2,4159,true,0,0,0,
mv_12_4_3_to_12_5_4_S,2,2953,true,0,0,0,
mv_12_4_3_to_13_4_4_S,2,2953,true,0,0,0,
mv_12_4_4_to_10_2_4_S,2,4160,true,0,0,0,
mv_12_4_4_to_10_6_5_S,2,3560,true,0,0,0,
mv_12_4_4_to_11_4_2_S,2,4159,true,0,0,0,
mv_12_4_4_to_12_2_2_S,2,4159,true,0,0,0,
mv_12_4_4_to_12_5_2_S,2,3541,true,0,0,0,
mv_12_4_4_to_13_4_2_S,2,2958,true,0,0,0,
mv_12_4_4_to_14_2_3_S,2,3541,true,0,0,0,
mv_12_5_7_to_10_5_9_R,3,3555,true,0,0,0,
mv_12_5_7_to_11_5_6_R,5,2925,true,0,0,0,
mv_12_5_7_to_13_4_9_R,5,2925,true,0,0,0,
mv_12_5_8_to_10_3_6_R,3,3554,true,0,0,0,
mv_12_5_8_to_10_7_7_R,3,3554,true,0,0,0,
mv_12_5_8_to_12_4_6_R,3,3554,true,0,0,0,
mv_12_5_8_to_13_6_7_R,3,3554,true,0,0,0,
mv_13_4_7_to_11_3_6_H,5,2925,true,0,0,0,
mv_13_4_7_to_11_5_6_H,6,2916,true,0,0,0,
mv_13_4_7_to_12_4_9_H,3,5325,true,0,0,0,
mv_13_4_7_to_13_4_9_H,4,4710,true,0,0,0,
mv_13_4_7_to_14_4_8_H,5,2925,true,0,0,0,
mv_13_4_8_to_11_3_7_H,5,2925,true,0,0,0,
mv_13_4_8_to_11_5_6_H,6,2916,true,0,0,0,
mv_13_4_8_to_12_5_6_H,6,2916,true,0,0,0,
mv_13_4_8_to_13_4_9_H,4,4710,true,0,0,0,
mv_13_4_8_to_13_6_9_H,5,2925,true,0,0,0,
mv_13_5_7_to_11_3_6_H,6,3508,true,0,0,0,
mv_13_5_7_to_11_5_6_H,5,4681,true,0,0,0,
mv_13_5_7_to_12_4_9_H,6,3508,true,0,0,0,
mv_13_5_7_to_13_3_8_H,6,3508,true,0,0,0,
mv_13_5_7_to_14_4_7_H,6,3508,true,0,0,0,
mv_13_5_8_to_11_3_7_H,3,3554,true,0,0,0,
mv_13_5_8_to_11_5_6_H,3,3554,true,0,0,0,
mv_13_5_8_to_12_5_6_H,3,3554,true,0,0,0,
mv_13_5_8_to_13_4_6_H,3,3554,true,0,0,0,
mv_13_5_8_to_13_6_9_H,3,3554,true,0,0,0,
mv_13_5_9_to_11_3_7_H,5,2925,true,0,0,0,
mv_13_5_9_to_11_5_7_H,3,3555,true,0,0,0,
mv_13_5_9_to_13_3_7_H,5,2925,true,0,0,0,
mv_13_5_9_to_14_4_7_H,5,2925,true,0,0,0,
mv_14_3_2_to_12_2_2_R,2,4158,true,0,0,0,
mv_14_3_2_to_12_5_4_R,5,2925,true,0,0,0,
mv_14_3_2_to_15_2_3_R,5,2925,true,0,0,0,
mv_14_3_2_to_16_4_2_R,5,2925,true,0,0,0,
mv_14_3_3_to_12_5_1_R,6,4045,true,0,0,0,
mv_14_3_3_to_15_2_1_R,6,4045,true,0,0,0,
mv_14_3_3_to_16_3_3_R,6,4045,true,0,0,0,
mv_15_3_1_to_13_4_2_S,2,5930,true,0,0,0,
mv_15_3_1_to_15_2_3_S,8,4011,true,0,0,0,
mv_15_3_1_to_16_3_3_S,8,4011,true,0,0,0,
mv_15_3_2_to_13_4_1_S,3,5313,true,0,0,0,
mv_15_3_2_to_14_2_3_S,3,5313,true,0,0,0,
mv_15_3_2_to_15_3_4_S,3,5313,true,0,0,0,
mv_15_3_2_to_16_3_1_S,3,5313,true,0,0,0,
mv_15_3_3_to_13_3_3_S,3,4125,true,0,0,0,
mv_15_3_3_to_14_2_2_S,5,3508,true,0,0,0,
mv_15_3_3_to_15_4_1_S,5,4095,true,0,0,0,
mv_15_3_3_to_16_3_2_S,5,4095,true,0,0,0,
mv_15_4_2_to_13_4_1_S,3,5313,true,0,0,0,
mv_15_4_2_to_14_2_3_S,6,2903,true,0,0,0,
mv_15_4_2_to_15_3_0_S,6,4044,true,0,0,0,
mv_15_4_2_to_16_3_1_S,6,4044,true,0,0,0,
mv_15_4_3_to_13_3_3_S,6,2903,true,0,0,0,
mv_15_4_3_to_14_2_2_S,6,2903,true,0,0,0,
mv_15_4_3_to_15_2_3_S,6,4044,true,0,0,0,
mv_15_4_3_to_16_3_2_S,6,4044,true,0,0,0,
mv_2_5_4_to_3_4_4_S,0,0,true,0,0,0,
mv_2_5_4_to_3_7_6_S,0,0,true,0,0,0,
mv_2_5_4_to_4_5_6_S,0,1,true,0,0,0,
mv_3_3_7_to_2_5_5_S,0,2392,true,0,0,0,
mv_3_3_7_to_3_4_8_S,2,579,true,0,0,0,
mv_3_3_7_to_4_2_9_S,1,0,true,0,0,0,
mv_3_3_7_to_4_4_8_S,1,2344,true,0,0,0,
mv_3_3_7_to_5_1_8_S,1,0,true,0,0,0,
mv_3_3_7_to_5_4_5_S,1,0,true,0,0,0,
mv_3_4_7_to_2_5_5_S,0,2392,true,0,0,0,
mv_3_4_7_to_3_2_8_S,1,0,true,0,0,0,
mv_3_4_7_to_4_3_5_S,1,0,true,0,0,0,
mv_3_4_7_to_4_5_6_S,1,2379,true,0,0,0,
mv_3_4_7_to_5_3_7_S,1,3584,true,0,0,0,
mv_3_4_7_to_5_5_8_S,1,0,true,0,0,0,
mv_3_5_4_to_2_5_5_S,0,0,true,0,0,0,
mv_3_5_4_to_3_7_6_S,0,0,true,0,0,0,
mv_3_5_4_to_4_5_6_S,0,1,true,0,0,0,
mv_3_5_4_to_5_3_5_S,0,1776,true,0,0,0,
mv_3_5_4_to_5_7_3_S,0,0,true,0,0,0,
mv_3_6_6_to_2_5_5_S,0,2392,true,0,0,0,
mv_3_6_6_to_3_6_4_S,0,2392,true,0,0,0,
mv_3_6_6_to_4_5_6_S,1,0,true,0,0,0,
mv_3_6_6_to_4_7_6_S,1,0,true,0,0,0,
mv_3_6_6_to_5_5_8_S,1,0,true,0,0,0,
mv_4_2_5_to_2_4_4_S,0,1200,true,0,0,0,
mv_4_2_5_to_3_4_4_S,0,1200,true,0,0,0,
mv_4_2_5_to_4_4_6_S,2,1182,true,0,0,0,
mv_4_2_5_to_5_3_3_S,2,0,true,0,0,0,
mv_4_2_5_to_5_4_6_S,1,3584,true,0,0,0,
mv_4_2_5_to_6_2_3_S,2,0,true,0,0,0,
mv_4_2_5_to_6_3_6_S,2,0,true,0,0,0,
mv_4_2_6_to_3_2_5_R,2,2370,true,0,0,0,
mv_4_2_6_to_4_3_7_R,2,3,true,0,0,0,
mv_4_2_6_to_5_3_5_R,3,2370,true,0,0,0,
mv_4_2_6_to_6_2_6_R,3,2370,true,0,0,0,
mv_4_2_8_to_3_2_6_R,1,579,true,0,0,0,
mv_4_2_8_to_5_1_6_R,3,1,true,0,0,0,
mv_4_2_8_to_6_2_7_R,6,2330,true,0,0,0,
mv_4_4_7_to_2_5_5_H,0,0,true,0,0,0,
mv_4_4_7_to_3_2_8_H,1,0,true,0,0,0,
mv_4_4_7_to_3_6_5_H,1,2379,true,0,0,0,
mv_4_4_7_to_4_5_6_H,1,2379,true,0,0,0,
mv_4_4_7_to_5_3_7_H,1,0,true,0,0,0,
mv_4_4_7_to_5_5_8_H,1,0,true,0,0,0,
mv_4_4_7_to_6_2_8_H,1,0,true,0,0,0,
mv_4_4_7_to_6_4_7_H,1,0,true,0,0,0,
mv_4_5_4_to_2_4_4_H,0,0,true,0,0,0,
mv_4_5_4_to_3_4_4_H,0,0,true,0,0,0,
mv_4_5_4_to_3_7_6_H,0,1,true,0,0,0,
mv_4_5_4_to_4_7_5_H,0,0,true,0,0,0,
mv_4_5_4_to_5_4_5_H,0,1,true,0,0,0,
mv_4_5_4_to_6_3_2_H,0,1765,true,0,0,0,
mv_4_5_4_to_6_5_5_H,0,1,true,0,0,0,
mv_4_5_4_to_6_7_4_H,0,1,true,0,0,0,
mv_4_5_7_to_3_4_8_R,1,2368,true,0,0,0,
mv_4_5_7_to_4_6_7_R,1,2379,true,0,0,0,
mv_4_5_7_to_5_6_8_R,1,2368,true,0,0,0,
mv_4_5_7_to_6_6_6_R,1,2379,true,0,0,0,
mv_4_6_5_to_3_4_6_R,2,1180,true,0,0,0,
mv_4_6_5_to_4_6_4_R,1,3566,true,0,0,0,
mv_4_6_5_to_6_4_5_R,2,2352,true,0,0,0,
mv_4_6_5_to_6_7_4_R,1,1187,true,0,0,0,
mv_4_6_6_to_2_5_5_S,0,2392,true,0,0,0,
mv_4_6_6_to_3_5_7_S,1,0,true,0,0,0,
mv_4_6_6_to_4_4_6_S,1,0,true,0,0,0,
mv_4_6_6_to_4_6_7_S,1,0,true,0,0,0,
mv_4_6_6_to_5_4_8_S,1,1200,true,0,0,0,
mv_4_6_6_to_6_4_5_S,1,0,true,0,0,0,
mv_4_6_6_to_6_6_4_S,0,2393,true,0,0,0,
mv_4_6_6_to_6_7_7_S,1,0,true,0,0,0,
mv_5_2_5_to_3_3_6_S,2,1784,true,0,0,0,
mv_5_2_5_to_4_3_5_S,2,0,true,0,0,0,
mv_5_2_5_to_5_1_6_S,2,1746,true,0,0,0,
mv_5_2_5_to_5_4_4_S,0,1200,true,0,0,0,
mv_5_2_5_to_6_0_6_S,2,0,true,0,0,0,
mv_5_2_5_to_6_2_7_S,2,0,true,0,0,0,
mv_5_2_5_to_7_0_7_S,2,0,true,0,0,0,
mv_5_2_6_to_3_2_5_S,1,586,true,0,0,0,
mv_5_2_6_to_3_4_4_S,0,1200,true,0,0,0,
mv_5_2_6_to_4_1_8_S,2,586,true,0,0,0,
mv_5_2_6_to_4_4_6_S,2,586,true,0,0,0,
mv_5_2_6_to_5_2_4_S,2,586,true,0,0,0,
mv_5_2_6_to_5_4_6_S,2,1776,true,0,0,0,
mv_5_2_6_to_6_2_5_S,2,586,true,0,0,0,
mv_5_2_6_to_6_4_5_S,2,586,true,0,0,0,
mv_5_2_6_to_7_2_5_S,2,586,true,0,0,0,
mv_5_2_7_to_3_2_7_S,1,2384,true,0,0,0,
mv_5_2_7_to_4_1_5_S,2,1178,true,0,0,0,
mv_5_2_7_to_4_3_7_S,2,2380,true,0,0,0,
mv_5_2_7_to_5_1_8_S,2,590,true,0,0,0,
mv_5_2_7_to_5_4_5_S,2,3,true,0,0,0,
mv_5_2_7_to_6_2_6_S,2,3,true,0,0,0,
mv_5_2_7_to_6_4_6_S,1,2384,true,0,0,0,
mv_5_2_7_to_7_3_5_S,0,2384,true,0,0,0,
mv_5_2_8_to_3_3_6_S,2,1173,true,0,0,0,
mv_5_2_8_to_4_2_9_S,2,579,true,0,0,0,
mv_5_2_8_to_5_1_6_S,2,579,true,0,0,0,
mv_5_2_8_to_5_4_8_S,1,3564,true,0,0,0,
mv_5_2_8_to_6_3_8_S,2,2344,true,0,0,0,
mv_5_3_6_to_3_2_5_S,3,3,true,0,0,0,
mv_5_3_6_to_3_4_4_S,0,2976,true,0,0,0,
mv_5_3_6_to_4_1_6_S,2,3,true,0,0,0,
mv_5_3_6_to_4_4_4_S,0,2976,true,0,0,0,
mv_5_3_6_to_5_1_4_S,3,3,true,0,0,0,
mv_5_3_6_to_5_3_5_S,3,3,true,0,0,0,
mv_5_3_6_to_5_4_8_S,1,2984,true,0,0,0,
mv_5_3_6_to_6_2_7_S,3,3,true,0,0,0,
mv_5_3_6_to_6_4_7_S,2,1784,true,0,0,0,
mv_5_3_6_to_7_3_5_S,0,2976,true,0,0,0,
mv_5_3_6_to_7_5_8_S,3,3,true,0,0,0,
mv_5_3_8_to_3_4_6_S,3,2355,true,0,0,0,
mv_5_3_8_to_4_2_9_S,2,4,true,0,0,0,
mv_5_3_8_to_4_5_6_S,1,2379,true,0,0,0,
mv_5_3_8_to_5_2_9_S,6,4,true,0,0,0,
mv_5_3_8_to_6_2_6_S,6,4,true,0,0,0,
mv_5_3_8_to_6_4_7_S,3,2355,true,0,0,0,
mv_5_3_8_to_7_5_8_S,3,2355,true,0,0,0,
mv_5_4_7_to_3_3_6_S,1,0,true,0,0,0,
mv_5_4_7_to_4_2_9_S,1,0,true,0,0,0,
mv_5_4_7_to_4_4_8_S,1,0,true,0,0,0,
mv_5_4_7_to_5_3_5_S,1,0,true,0,0,0,
mv_5_4_7_to_5_4_8_S,1,0,true,0,0,0,
mv_5_4_7_to_6_2_7_S,1,0,true,0,0,0,
mv_5_4_7_to_6_4_6_S,1,2982,true,0,0,0,
mv_5_4_7_to_7_2_5_S,1,0,true,0,0,0,
mv_5_4_7_to_7_5_7_S,1,0,true,0,0,0,
mv_5_5_4_to_3_4_6_S,0,1,true,0,0,0,
mv_5_5_4_to_4_3_5_S,0,1776,true,0,0,0,
mv_5_5_4_to_4_6_4_S,0,0,true,0,0,0,
mv_5_5_4_to_5_4_4_S,0,0,true,0,0,0,
mv_5_5_4_to_6_3_2_S,0,0,true,0,0,0,
mv_5_5_4_to_6_5_5_S,0,2393,true,0,0,0,
mv_5_5_4_to_6_7_4_S,0,1,true,0,0,0,
mv_5_5_4_to_7_4_5_S,0,0,true,0,0,0,
mv_5_5_4_to_7_6_4_S,0,4187,true,0,0,0,
mv_5_5_5_to_3_5_3_S,0,4168,true,0,0,0,
mv_5_5_5_to_4_3_5_S,3,2956,true,0,0,0,
mv_5_5_5_to_4_5_6_S,1,1783,true,0,0,0,
mv_5_5_5_to_5_3_3_S,3,2352,true,0,0,0,
mv_5_5_5_to_5_5_3_S,0,4168,true,0,0,0,
mv_5_5_5_to_6_4_5_S,3,2352,true,0,0,0,
mv_5_5_5_to_6_5_7_S,3,1181,true,0,0,0,
mv_5_5_5_to_6_7_4_S,1,1783,true,0,0,0,
mv_5_5_5_to_7_5_3_S,0,4187,true,0,0,0,
mv_5_5_5_to_7_6_7_S,3,1181,true,0,0,0,
mv_5_5_6_to_3_4_8_S,3,2933,true,0,0,0,
mv_5_5_6_to_4_3_5_S,3,2933,true,0,0,0,
mv_5_5_6_to_4_4_8_S,3,2933,true,0,0,0,
mv_5_5_6_to_4_7_5_S,2,2933,true,0,0,0,
mv_5_5_6_to_5_4_5_S,3,2933,true,0,0,0,
mv_5_5_6_to_5_7_6_S,3,2933,true,0,0,0,
mv_5_5_6_to_6_4_6_S,2,2374,true,0,0,0,
mv_5_5_6_to_6_6_6_S,1,2379,true,0,0,0,
mv_5_5_6_to_7_3_5_S,0,2392,true,0,0,0,
mv_5_5_6_to_7_5_8_S,3,2933,true,0,0,0,
mv_5_5_7_to_3_4_6_S,1,0,true,0,0,0,
mv_5_5_7_to_4_3_5_S,1,0,true,0,0,0,
mv_5_5_7_to_4_5_6_S,1,2379,true,0,0,0,
mv_5_5_7_to_5_3_5_S,1,0,true,0,0,0,
mv_5_5_7_to_5_4_8_S,1,1200,true,0,0,0,
mv_5_5_7_to_6_3_8_S,1,0,true,0,0,0,
mv_5_5_7_to_6_5_7_S,1,0,true,0,0,0,
mv_5_5_7_to_7_3_5_S,0,2392,true,0,0,0,
mv_5_5_7_to_7_5_8_S,1,0,true,0,0,0,
mv_5_6_4_to_3_5_3_S,0,2393,true,0,0,0,
mv_5_6_4_to_4_4_6_S,3,1181,true,0,0,0,
mv_5_6_4_to_4_7_6_S,2,1181,true,0,0,0,
mv_5_6_4_to_5_7_3_S,3,1181,true,0,0,0,
mv_5_6_4_to_6_5_5_S,0,2393,true,0,0,0,
mv_5_6_4_to_6_7_4_S,3,1181,true,0,0,0,
mv_5_6_4_to_7_4_5_S,0,2393,true,0,0,0,
mv_5_6_4_to_7_6_4_S,0,2991,true,0,0,0,
mv_5_6_4_to_7_8_6_S,3,1181,true,0,0,0,
mv_5_6_5_to_3_6_4_S,0,2392,true,0,0,0,
mv_5_6_5_to_4_5_3_S,0,2392,true,0,0,0,
mv_5_6_5_to_4_7_6_S,1,2,true,0,0,0,
mv_5_6_5_to_5_7_3_S,1,2,true,0,0,0,
mv_5_6_5_to_6_4_7_S,1,2,true,0,0,0,
mv_5_6_5_to_6_6_4_S,0,2392,true,0,0,0,
mv_5_6_5_to_6_7_7_S,1,2,true,0,0,0,
mv_5_6_5_to_7_5_5_S,0,2392,true,0,0,0,
mv_5_6_5_to_7_7_7_S,1,2,true,0,0,0,
mv_5_6_6_to_3_4_4_S,0,2392,true,0,0,0,
mv_5_6_6_to_3_6_5_S,1,0,true,0,0,0,
mv_5_6_6_to_4_5_6_S,1,0,true,0,0,0,
mv_5_6_6_to_4_7_6_S,1,0,true,0,0,0,
mv_5_6_6_to_5_5_8_S,1,0,true,0,0,0,
mv_5_6_6_to_6_4_6_S,1,598,true,0,0,0,
mv_5_6_6_to_6_6_6_S,1,0,true,0,0,0,
mv_5_6_6_to_6_8_6_S,1,0,true,0,0,0,
mv_5_6_6_to_7_5_8_S,1,0,true,0,0,0,
mv_5_6_6_to_7_8_5_S,1,0,true,0,0,0,
mv_5_6_7_to_3_6_5_S,1,0,true,0,0,0,
mv_5_6_7_to_4_5_8_S,2,0,true,0,0,0,
mv_5_6_7_to_5_4_6_S,1,2986,true,0,0,0,
mv_5_6_7_to_6_4_6_S,1,2384,true,0,0,0,
mv_5_6_7_to_6_7_5_S,1,2379,true,0,0,0,
mv_5_6_7_to_7_5_6_S,4,2938,true,0,0,0,
mv_5_6_7_to_7_8_5_S,3,0,true,0,0,0,
mv_6_1_4_to_6_0_3_R,3,2952,true,0,0,0,
mv_6_1_4_to_7_0_2_R,3,2952,true,0,0,0,
mv_6_1_4_to_8_0_2_R,1,4174,true,0,0,0,
mv_6_3_3_to_4_4_4_H,2,0,true,0,0,0,
mv_6_3_3_to_5_4_4_H,3,0,true,0,0,0,
mv_6_3_3_to_6_2_4_H,3,2968,true,0,0,0,
mv_6_3_3_to_7_2_2_H,3,0,true,0,0,0,
mv_6_3_3_to_7_4_5_H,3,1,true,0,0,0,
mv_6_3_3_to_8_3_3_H,3,0,true,0,0,0,
mv_6_4_4_to_4_3_5_R,1,2371,true,0,0,0,
mv_6_4_4_to_5_4_5_R,0,1193,true,0,0,0,
mv_6_4_4_to_6_5_3_R,1,2968,true,0,0,0,
mv_6_4_4_to_7_4_5_R,0,2968,true,0,0,0,
mv_6_4_4_to_8_5_4_R,0,2968,true,0,0,0,
mv_6_5_4_to_4_5_3_H,0,0,true,0,0,0,
mv_6_5_4_to_5_3_3_H,0,1765,true,0,0,0,
mv_6_5_4_to_5_5_3_H,0,0,true,0,0,0,
mv_6_5_4_to_6_4_5_H,0,0,true,0,0,0,
mv_6_5_4_to_6_6_6_H,0,1,true,0,0,0,
mv_6_5_4_to_7_3_5_H,0,0,true,0,0,0,
mv_6_5_4_to_7_5_6_H,0,4,true,0,0,0,
mv_6_5_4_to_8_3_4_H,0,5,true,0,0,0,
mv_6_5_4_to_8_6_5_H,0,1184,true,0,0,0,
mv_6_5_4_to_8_7_6_H,0,1,true,0,0,0,
mv_6_5_6_to_4_4_6_H,2,3526,true,0,0,0,
mv_6_5_6_to_4_6_7_H,1,2379,true,0,0,0,
mv_6_5_6_to_5_4_4_H,3,3526,true,0,0,0,
mv_6_5_6_to_5_6_8_H,3,3526,true,0,0,0,
mv_6_5_6_to_6_4_5_H,4,3526,true,0,0,0,
mv_6_5_6_to_6_6_6_H,1,2379,true,0,0,0,
mv_6_5_6_to_7_3_5_H,4,3526,true,0,0,0,
mv_6_5_6_to_7_6_4_H,4,3526,true,0,0,0,
mv_6_5_6_to_8_5_4_H,0,2392,true,0,0,0,
mv_6_5_6_to_8_7_5_H,4,3526,true,0,0,0,
mv_6_7_3_to_6_6_3_R,1,2379,true,0,0,0,
mv_6_7_3_to_7_8_4_R,3,2353,true,0,0,0,
mv_6_7_6_to_4_6_4_R,0,2393,true,0,0,0,
mv_6_7_6_to_6_6_4_R,0,2393,true,0,0,0,
mv_6_7_6_to_7_6_7_R,3,2355,true,0,0,0,
mv_6_7_6_to_8_7_5_R,4,2919,true,0,0,0,
mv_7_0_3_to_7_2_5_R,2,2365,true,0,0,0,
mv_7_0_3_to_9_1_3_R,2,2965,true,0,0,0,
mv_7_0_6_to_6_2_5_R,3,3511,true,0,0,0,
mv_7_0_6_to_8_1_5_R,3,4117,true,0,0,0,
mv_7_1_4_to_5_2_4_H,3,2968,true,0,0,0,
mv_7_1_4_to_6_0_6_H,3,0,true,0,0,0,
mv_7_1_4_to_6_2_6_H,3,0,true,0,0,0,
mv_7_1_4_to_7_0_2_H,3,0,true,0,0,0,
mv_7_1_4_to_7_3_5_H,3,0,true,0,0,0,
mv_7_1_4_to_8_0_2_H,3,0,true,0,0,0,
mv_7_1_4_to_8_3_4_H,0,3572,true,0,0,0,
mv_7_1_4_to_9_1_3_H,1,5366,true,0,0,0,
mv_7_1_5_to_5_1_4_H,3,2952,true,0,0,0,
mv_7_1_5_to_5_3_5_H,3,2952,true,0,0,0,
mv_7_1_5_to_6_1_3_H,3,2952,true,0,0,0,
mv_7_1_5_to_6_2_7_H,3,2952,true,0,0,0,
mv_7_1_5_to_7_1_6_H,3,2952,true,0,0,0,
mv_7_1_5_to_8_-1_5_H,3,2952,true,0,0,0,
mv_7_1_5_to_8_3_3_H,3,2952,true,0,0,0,
mv_7_1_5_to_9_0_6_H,1,4770,true,0,0,0,
mv_7_2_3_to_5_2_4_H,3,2968,true,0,0,0,
mv_7_2_3_to_6_0_3_H,3,0,true,0,0,0,
mv_7_2_3_to_6_2_5_H,3,2968,true,0,0,0,
mv_7_2_3_to_7_3_2_H,3,0,true,0,0,0,
mv_7_2_3_to_8_1_2_H,3,0,true,0,0,0,
mv_7_2_3_to_8_4_4_H,0,1200,true,0,0,0,
mv_7_2_3_to_9_1_4_H,1,5366,true,0,0,0,
mv_7_2_4_to_5_1_6_H,3,2952,true,0,0,0,
mv_7_2_4_to_5_4_5_H,1,1194,true,0,0,0,
mv_7_2_4_to_6_1_3_H,3,2952,true,0,0,0,
mv_7_2_4_to_6_3_2_H,3,2952,true,0,0,0,
mv_7_2_4_to_7_1_6_H,3,2952,true,0,0,0,
mv_7_2_4_to_7_4_2_H,3,2952,true,0,0,0,
mv_7_2_4_to_8_1_6_H,3,2952,true,0,0,0,
mv_7_2_4_to_9_0_3_H,1,4770,true,0,0,0,
mv_7_2_4_to_9_1_4_H,1,4770,true,0,0,0,
mv_7_3_3_to_5_1_4_H,3,0,true,0,0,0,
mv_7_3_3_to_5_4_5_H,1,1194,true,0,0,0,
mv_7_3_3_to_6_2_5_H,3,2968,true,0,0,0,
mv_7_3_3_to_7_2_2_H,3,0,true,0,0,0,
mv_7_3_3_to_7_5_3_H,3,0,true,0,0,0,
mv_7_3_3_to_8_4_3_H,0,1200,true,0,0,0,
mv_7_3_3_to_9_2_2_H,3,0,true,0,0,0,
mv_7_3_4_to_5_1_6_H,2,0,true,0,0,0,
mv_7_3_4_to_5_4_5_H,1,1187,true,0,0,0,
mv_7_3_4_to_6_2_4_H,1,1787,true,0,0,0,
mv_7_3_4_to_6_4_5_H,2,0,true,0,0,0,
mv_7_3_4_to_7_2_2_H,2,0,true,0,0,0,
mv_7_3_4_to_7_5_3_H,2,0,true,0,0,0,
mv_7_3_4_to_8_1_6_H,2,0,true,0,0,0,
mv_7_3_4_to_9_1_3_H,1,4768,true,0,0,0,
mv_7_3_4_to_9_4_6_H,2,0,true,0,0,0,
mv_7_4_3_to_5_3_5_H,2,3,true,0,0,0,
mv_7_4_3_to_6_2_4_H,1,1787,true,0,0,0,
mv_7_4_3_to_6_5_5_H,1,1187,true,0,0,0,
mv_7_4_3_to_7_3_2_H,2,3,true,0,0,0,
mv_7_4_3_to_7_6_2_H,2,3,true,0,0,0,
mv_7_4_3_to_8_5_4_H,2,3,true,0,0,0,
mv_7_4_3_to_9_3_3_H,2,3,true,0,0,0,
mv_7_4_4_to_5_3_5_H,0,0,true,0,0,0,
mv_7_4_4_to_6_2_3_H,0,0,true,0,0,0,
mv_7_4_4_to_6_3_6_H,0,1776,true,0,0,0,
mv_7_4_4_to_6_6_3_H,0,1,true,0,0,0,
mv_7_4_4_to_7_3_2_H,0,0,true,0,0,0,
mv_7_4_4_to_7_5_6_H,0,3,true,0,0,0,
mv_7_4_4_to_8_4_3_H,0,0,true,0,0,0,
mv_7_4_4_to_9_2_2_H,0,0,true,0,0,0,
mv_7_4_4_to_9_5_6_H,0,1783,true,0,0,0,
mv_7_5_4_to_5_4_5_H,0,1,true,0,0,0,
mv_7_5_4_to_6_3_2_H,0,1765,true,0,0,0,
mv_7_5_4_to_6_5_5_H,0,1,true,0,0,0,
mv_7_5_4_to_6_7_4_H,0,1,true,0,0,0,
mv_7_5_4_to_7_4_5_H,0,0,true,0,0,0,
mv_7_5_4_to_7_7_2_H,0,0,true,0,0,0,
mv_7_5_4_to_8_6_3_H,0,0,true,0,0,0,
mv_7_5_4_to_8_7_5_H,0,0,true,0,0,0,
mv_7_5_4_to_9_5_5_H,0,0,true,0,0,0,
mv_7_6_3_to_5_4_4_H,3,2920,true,0,0,0,
mv_7_6_3_to_6_5_3_H,4,2920,true,0,0,0,
mv_7_6_3_to_6_7_4_H,1,2379,true,0,0,0,
mv_7_6_3_to_7_5_3_H,4,2920,true,0,0,0,
mv_7_6_3_to_7_8_4_H,4,2920,true,0,0,0,
mv_7_6_3_to_8_6_5_H,4,5266,true,0,0,0,
mv_7_6_3_to_9_6_4_H,4,2340,true,0,0,0,
mv_7_7_3_to_6_5_5_H,1,2379,true,0,0,0,
mv_7_7_3_to_6_7_5_H,1,2379,true,0,0,0,
mv_7_7_3_to_7_6_4_H,2,2369,true,0,0,0,
mv_7_7_3_to_8_6_5_H,3,2353,true,0,0,0,
mv_7_7_3_to_9_7_5_H,3,2353,true,0,0,0,
mv_7_7_4_to_6_5_5_H,1,2379,true,0,0,0,
mv_7_7_4_to_6_7_4_H,1,2379,true,0,0,0,
mv_7_7_4_to_7_5_5_H,2,2369,true,0,0,0,
mv_7_7_4_to_7_8_3_H,3,2353,true,0,0,0,
mv_7_7_4_to_8_6_5_H,3,2353,true,0,0,0,
mv_7_7_4_to_9_5_5_H,3,2353,true,0,0,0,
mv_7_7_5_to_5_5_3_H,2,2369,true,0,0,0,
mv_7_7_5_to_6_5_5_H,1,2379,true,0,0,0,
mv_7_7_5_to_6_6_7_H,1,3564,true,0,0,0,
mv_7_7_5_to_6_8_6_H,2,2369,true,0,0,0,
mv_7_7_5_to_7_6_4_H,2,2369,true,0,0,0,
mv_7_7_5_to_7_8_6_H,2,2369,true,0,0,0,
mv_7_7_5_to_8_7_3_H,2,2369,true,0,0,0,
mv_7_7_5_to_9_6_4_H,2,2369,true,0,0,0,
mv_7_7_6_to_5_6_8_H,3,2354,true,0,0,0,
mv_7_7_6_to_6_6_4_H,1,2379,true,0,0,0,
mv_7_7_6_to_6_7_7_H,3,2354,true,0,0,0,
mv_7_7_6_to_7_5_8_H,3,2355,true,0,0,0,
mv_7_7_6_to_8_5_4_H,0,2393,true,0,0,0,
mv_7_7_6_to_8_7_5_H,3,2354,true,0,0,0,
mv_7_7_6_to_9_6_8_H,3,2355,true,0,0,0,
mv_8_0_3_to_10_1_2_H,3,3525,true,0,0,0,
mv_8_0_3_to_6_0_4_H,3,4093,true,0,0,0,
mv_8_0_3_to_7_-1_3_H,3,4093,true,0,0,0,
mv_8_0_3_to_8_-1_5_H,3,4093,true,0,0,0,
mv_8_0_3_to_9_1_3_H,3,3504,true,0,0,0,
mv_8_0_4_to_10_2_4_H,2,2948,true,0,0,0,
mv_8_0_4_to_6_2_3_H,2,2969,true,0,0,0,
mv_8_0_4_to_7_-1_6_H,2,2948,true,0,0,0,
mv_8_0_4_to_8_-1_3_H,2,2948,true,0,0,0,
mv_8_0_4_to_8_1_5_H,2,2969,true,0,0,0,
mv_8_0_4_to_9_1_3_H,2,2948,true,0,0,0,
mv_8_0_5_to_6_0_3_H,3,4094,true,0,0,0,
mv_8_0_5_to_6_2_4_H,3,2968,true,0,0,0,
mv_8_0_5_to_7_-1_6_H,3,4094,true,0,0,0,
mv_8_0_5_to_8_-1_4_H,3,4094,true,0,0,0,
mv_8_0_5_to_9_0_3_H,3,4094,true,0,0,0,
mv_8_0_6_to_10_2_4_H,3,4117,true,0,0,0,
mv_8_0_6_to_6_2_6_H,3,4125,true,0,0,0,
mv_8_0_6_to_7_1_6_H,3,3546,true,0,0,0,
mv_8_0_6_to_9_0_4_H,3,4102,true,0,0,0,
mv_8_1_3_to_10_2_3_H,3,3546,true,0,0,0,
mv_8_1_3_to_6_2_3_H,3,4144,true,0,0,0,
mv_8_1_3_to_7_0_2_H,3,3546,true,0,0,0,
mv_8_1_3_to_8_-1_3_H,3,3546,true,0,0,0,
mv_8_1_3_to_8_3_3_H,3,4144,true,0,0,0,
mv_8_1_3_to_9_1_4_H,3,3546,true,0,0,0,
mv_8_1_4_to_10_2_3_H,1,4162,true,0,0,0,
mv_8_1_4_to_6_0_6_H,1,3566,true,0,0,0,
mv_8_1_4_to_6_2_6_H,1,3566,true,0,0,0,
mv_8_1_4_to_7_0_2_H,1,3566,true,0,0,0,
mv_8_1_4_to_7_3_5_H,1,3566,true,0,0,0,
mv_8_1_4_to_8_0_2_H,1,3566,true,0,0,0,
mv_8_1_4_to_8_3_4_H,0,4168,true,0,0,0,
mv_8_1_4_to_9_1_3_H,1,3567,true,0,0,0,
mv_8_5_7_to_10_3_9_H,3,2354,true,0,0,0,
mv_8_5_7_to_10_5_7_H,3,2354,true,0,0,0,
mv_8_5_7_to_10_7_7_H,3,2354,true,0,0,0,
mv_8_5_7_to_6_4_7_H,2,2964,true,0,0,0,
mv_8_5_7_to_6_7_5_H,1,2379,true,0,0,0,
mv_8_5_7_to_7_5_6_H,1,3564,true,0,0,0,
mv_8_5_7_to_8_6_5_H,3,3556,true,0,0,0,
mv_8_5_7_to_9_4_6_H,3,2354,true,0,0,0,
mv_8_5_7_to_9_5_8_H,3,2358,true,0,0,0,
mv_8_5_8_to_10_3_6_H,3,2354,true,0,0,0,
mv_8_5_8_to_10_5_6_H,3,3554,true,0,0,0,
mv_8_5_8_to_10_7_7_H,3,2354,true,0,0,0,
mv_8_5_8_to_6_5_7_H,3,2354,true,0,0,0,
mv_8_5_8_to_7_5_7_H,3,2354,true,0,0,0,
mv_8_5_8_to_8_7_6_H,3,2354,true,0,0,0,
mv_8_5_8_to_9_5_8_H,3,2357,true,0,0,0,
mv_8_6_7_to_10_4_8_R,2,3560,true,0,0,0,
mv_8_6_7_to_6_4_7_R,2,4156,true,0,0,0,
mv_8_6_7_to_7_5_6_R,1,4756,true,0,0,0,
mv_8_6_7_to_8_7_5_R,2,3560,true,0,0,0,
mv_8_6_7_to_9_7_6_R,2,3560,true,0,0,0,
mv_9_5_7_to_10_4_7_S,3,2354,true,0,0,0,
mv_9_5_7_to_10_6_6_S,3,2354,true,0,0,0,
mv_9_5_7_to_11_3_8_S,3,2354,true,0,0,0,
mv_9_5_7_to_11_6_9_S,3,2354,true,0,0,0,
mv_9_5_7_to_7_5_7_S,2,2964,true,0,0,0,
mv_9_5_7_to_8_6_5_S,3,3556,true,0,0,0,
mv_9_5_7_to_9_4_6_S,3,2354,true,0,0,0,
mv_9_5_7_to_9_6_8_S,3,2354,true,0,0,0,
mv_9_6_5_to_10_5_6_R,4,2338,true,0,0,0,
mv_9_6_5_to_7_4_5_R,0,4168,true,0,0,0,
mv_9_6_5_to_7_8_5_R,4,2338,true,0,0,0,
mv_9_6_5_to_8_7_6_R,4,2338,true,0,0,0,
mv_9_6_6_to_10_4_7_H,3,2961,true,0,0,0,
mv_9_6_6_to_10_6_7_H,3,2944,true,0,0,0,
mv_9_6_6_to_11_5_7_H,3,2944,true,0,0,0,
mv_9_6_6_to_7_5_8_H,3,2944,true,0,0,0,
mv_9_6_6_to_7_8_5_H,3,2944,true,0,0,0,
mv_9_6_6_to_8_6_6_H,3,4132,true,0,0,0,
mv_9_6_6_to_9_4_6_H,3,2944,true,0,0,0,
mv_9_6_6_to_9_6_4_H,3,2944,true,0,0,0,
mv_9_6_6_to_9_8_7_H,3,2944,true,0,0,0,
mv_9_6_7_to_10_5_7_H,3,2951,true,0,0,0,
mv_9_6_7_to_11_4_5_H,3,2951,true,0,0,0,
mv_9_6_7_to_7_5_5_H,3,2353,true,0,0,0,
mv_9_6_7_to_7_7_7_H,3,2951,true,0,0,0,
mv_9_6_7_to_8_6_6_H,2,4758,true,0,0,0,
mv_9_6_7_to_9_4_7_H,3,2951,true,0,0,0,
mv_9_6_7_to_9_7_5_H,3,1774,true,0,0,0,
mv_9_7_7_to_10_5_7_H,3,2354,true,0,0,0,
mv_9_7_7_to_11_5_6_H,3,1768,true,0,0,0,
mv_9_7_7_to_7_5_7_H,3,1768,true,0,0,0,
mv_9_7_7_to_7_8_6_H,3,1768,true,0,0,0,
mv_9_7_7_to_8_7_5_H,3,1768,true,0,0,0,
mv_9_7_7_to_9_6_8_H,3,1768,true,0,0,0,
del_11_2_3,2,2370,true,0,0,0,
del_12_3_1,5,2915,true,0,0,0,
del_13_5_8,3,3554,true,0,0,0,
del_3_3_7,1,0,true,0,0,0,
del_4_6_5,2,2352,true,0,0,0,
del_5_5_5,3,2352,true,0,0,0,
del_6_5_4,0,0,true,0,0,0,
del_7_3_3,3,0,true,0,0,0,
del_8_0_3,3,4093,true,0,0,0,
del_9_6_5,4,2338,true,0,0,0,
mv_10_2_2_to_11_1_1_R,3,2933,true,0,0,0,
mv_10_2_2_to_12_2_1_R,3,2933,true,0,0,0,
mv_10_2_2_to_8_3_3_R,1,3566,true,0,0,0,
mv_10_3_2_to_10_1_2_H,2,4160,true,0,0,0,
mv_10_3_2_to_10_4_4_H,2,2959,true,0,0,0,
mv_10_3_2_to_11_3_1_H,2,2959,true,0,0,0,
mv_10_3_2_to_11_5_1_H,2,2959,true,0,0,0,
mv_10_3_2_to_12_2_3_H,2,2959,true,0,0,0,
mv_10_3_2_to_12_4_0_H,2,2959,true,0,0,0,
mv_10_3_2_to_8_1_2_H,2,2959,true,0,0,0,
mv_10_3_2_to_8_5_4_H,0,4169,true,0,0,0,
mv_10_3_3_to_10_1_2_H,2,4160,true,0,0,0,
mv_10_3_3_to_10_4_4_H,2,2949,true,0,0,0,
mv_10_3_3_to_11_2_1_H,2,2949,true,0,0,0,
mv_10_3_3_to_11_4_3_H,2,4136,true,0,0,0,
mv_10_3_3_to_12_2_1_H,2,2949,true,0,0,0,
mv_10_3_3_to_12_3_4_H,2,2948,true,0,0,0,
mv_10_3_3_to_12_5_4_H,2,2949,true,0,0,0,
mv_10_3_3_to_8_4_3_H,0,4168,true,0,0,0,
mv_10_3_3_to_9_2_2_H,2,2949,true,0,0,0,
mv_10_4_6_to_10_5_7_R,3,3554,true,0,0,0,
mv_10_4_6_to_11_5_4_R,3,2951,true,0,0,0,
mv_10_4_6_to_12_6_8_R,3,3537,true,0,0,0,
mv_10_4_6_to_9_5_8_R,3,2963,true,0,0,0,
mv_10_4_9_to_11_3_9_R,5,5254,true,0,0,0,
mv_10_4_9_to_9_4_7_R,3,3555,true,0,0,0,
mv_11_1_2_to_10_2_4_S,2,4161,true,0,0,0,
mv_11_1_2_to_11_3_4_S,2,3563,true,0,0,0,
mv_11_1_2_to_12_3_0_S,4,5276,true,0,0,0,
mv_11_1_2_to_9_0_3_S,1,5366,true,0,0,0,
mv_11_1_2_to_9_3_2_S,4,5276,true,0,0,0,
mv_11_2_2_to_10_2_4_S,2,4161,true,0,0,0,
mv_11_2_2_to_11_1_3_S,3,4121,true,0,0,0,
mv_11_2_2_to_11_4_2_S,2,3563,true,0,0,0,
mv_11_2_2_to_12_2_4_S,3,4713,true,0,0,0,
mv_11_2_2_to_13_3_2_S,3,5307,true,0,0,0,
mv_11_2_2_to_13_4_4_S,3,4713,true,0,0,0,
mv_11_2_2_to_9_2_2_S,3,4713,true,0,0,0,
mv_11_2_3_to_10_2_3_S,2,2966,true,0,0,0,
mv_11_2_3_to_11_0_2_S,2,2370,true,0,0,0,
mv_11_2_3_to_11_2_5_S,2,2370,true,0,0,0,
mv_11_2_3_to_11_4_5_S,2,4128,true,0,0,0,
mv_11_2_3_to_12_3_3_S,2,2370,true,0,0,0,
mv_11_2_3_to_13_4_1_S,2,2370,true,0,0,0,
mv_11_2_3_to_9_0_4_S,1,5366,true,0,0,0,
mv_11_2_3_to_9_3_2_S,2,2370,true,0,0,0,
mv_11_2_4_to_11_3_4_R,2,2358,true,0,0,0,
mv_11_2_4_to_12_4_5_R,3,2933,true,0,0,0,
mv_11_2_4_to_9_0_5_R,1,5366,true,0,0,0,
mv_11_3_3_to_10_2_1_H,3,4098,true,0,0,0,
mv_11_3_3_to_10_4_5_H,3,4098,true,0,0,0,
mv_11_3_3_to_11_2_5_H,3,4098,true,0,0,0,
mv_11_3_3_to_11_4_5_H,3,4098,true,0,0,0,
mv_11_3_3_to_12_2_2_H,3,4098,true,0,0,0,
mv_11_3_3_to_12_4_5_H,3,4098,true,0,0,0,
mv_11_3_3_to_13_3_2_H,3,6450,true,0,0,0,
mv_11_3_3_to_13_4_4_H,3,4098,true,0,0,0,
mv_11_3_3_to_9_3_3_H,3,2934,true,0,0,0,
mv_11_4_1_to_12_2_1_R,4,5266,true,0,0,0,
mv_11_4_1_to_13_3_3_R,3,4121,true,0,0,0,
mv_11_4_4_to_10_4_5_R,2,3541,true,0,0,0,
mv_11_4_4_to_11_5_6_R,2,3541,true,0,0,0,
mv_11_4_4_to_12_5_4_R,2,3541,true,0,0,0,
mv_11_4_4_to_9_3_2_R,2,4159,true,0,0,0,
mv_11_4_6_to_10_4_4_H,2,1776,true,0,0,0,
mv_11_4_6_to_10_5_7_H,3,3555,true,0,0,0,
mv_11_4_6_to_11_3_4_H,2,2973,true,0,0,0,
mv_11_4_6_to_11_5_7_H,3,3555,true,0,0,0,
mv_11_4_6_to_12_5_6_H,3,2944,true,0,0,0,
mv_11_4_6_to_13_4_4_H,3,2944,true,0,0,0,
mv_11_4_6_to_9_4_6_H,3,2944,true,0,0,0,
mv_11_4_6_to_9_6_4_H,3,2944,true,0,0,0,
mv_11_4_7_to_10_4_7_H,3,3555,true,0,0,0,
mv_11_4_7_to_10_6_5_H,3,3555,true,0,0,0,
mv_11_4_7_to_11_3_8_H,3,2358,true,0,0,0,
mv_11_4_7_to_11_6_9_H,3,2358,true,0,0,0,
mv_11_4_7_to_12_6_7_H,3,2358,true,0,0,0,
mv_11_4_7_to_13_4_9_H,3,2358,true,0,0,0,
mv_11_4_7_to_9_4_6_H,3,2358,true,0,0,0,
mv_11_4_7_to_9_5_8_H,2,4757,true,0,0,0,
mv_11_4_8_to_10_4_7_H,3,3555,true,0,0,0,
mv_11_4_8_to_10_6_6_H,3,3555,true,0,0,0,
mv_11_4_8_to_11_4_10_H,4,3522,true,0,0,0,
mv_11_4_8_to_12_4_6_H,4,3522,true,0,0,0,
mv_11_4_8_to_13_3_7_H,4,3522,true,0,0,0,
mv_11_4_8_to_13_5_6_H,4,3522,true,0,0,0,
mv_11_4_8_to_9_4_7_H,3,3555,true,0,0,0,
mv_11_4_9_to_10_3_9_H,6,4634,true,0,0,0,
mv_11_4_9_to_10_5_9_H,3,3555,true,0,0,0,
mv_11_4_9_to_11_5_7_H,3,3555,true,0,0,0,
mv_11_4_9_to_13_3_8_H,6,4634,true,0,0,0,
mv_11_4_9_to_13_6_9_H,6,4634,true,0,0,0,
mv_11_5_9_to_10_3_9_H,6,15,true,0,0,0,
mv_11_5_9_to_10_5_9_H,3,3555,true,0,0,0,
mv_11_5_9_to_11_3_9_H,6,15,true,0,0,0,
mv_11_5_9_to_12_6_8_H,5,5260,true,0,0,0,
mv_11_5_9_to_13_6_7_H,5,5260,true,0,0,0,
mv_11_5_9_to_9_5_8_H,2,4757,true,0,0,0,
mv_12_3_1_to_10_2_3_H,2,4161,true,0,0,0,
mv_12_3_1_to_11_3_1_H,2,4159,true,0,0,0,
mv_12_3_1_to_12_1_2_H,2,4159,true,0,0,0,
mv_12_3_1_to_12_5_1_H,5,2915,true,0,0,0,
mv_12_3_1_to_13_4_1_H,5,3485,true,0,0,0,
mv_12_4_1_to_10_2_1_H,5,3491,true,0,0,0,
mv_12_4_1_to_11_4_0_H,5,3491,true,0,0,0,
mv_12_4_1_to_12_2_2_H,2,4159,true,0,0,0,
mv_12_4_1_to_12_5_3_H,5,3491,true,0,0,0,
mv_12_4_1_to_14_2_2_H,5,4090,true,0,0,0,
mv_12_4_2_to_10_4_1_H,3,4121,true,0,0,0,
mv_12_4_2_to_11_4_0_H,3,4121,true,0,0,0,
mv_12_4_2_to_12_2_1_H,3,4121,true,0,0,0,
mv_12_4_2_to_12_3_3_H,2,4159,true,0,0,0,
mv_12_4_2_to_12_5_4_H,3,4121,true,0,0,0,
mv_12_4_2_to_13_4_4_H,3,4121,true,0,0,0,
mv_12_4_3_to_10_2_3_H,2,4160,true,0,0,0,
mv_12_4_3_to_10_6_5_H,2,2972,true,0,0,0,
mv_12_4_3_to_11_4_2_H,2,4159,true,0,0,0,
mv_12_4_3_to_12_2_1_H,2,2953,true,0,0,0,
mv_12_4_3_to_12_3_4_H,2,2953,true,0,0,0,
mv_12_4_3_to_13_3_2_H,2,4129,true,0,0,0,
mv_12_4_3_to_14_2_2_H,2,2953,true,0,0,0,
mv_12_4_4_to_10_3_6_H,2,3541,true,0,0,0,
mv_12_4_4_to_10_6_6_H,2,3560,true,0,0,0,
mv_12_4_4_to_11_4_3_H,2,4159,true,0,0,0,
mv_12_4_4_to_12_2_3_H,2,4159,true,0,0,0,
mv_12_4_4_to_12_5_3_H,2,3541,true,0,0,0,
mv_12_4_4_to_13_4_3_H,2,3542,true,0,0,0,
mv_12_4_4_to_14_3_4_H,2,3541,true,0,0,0,
mv_12_5_7_to_10_6_5_R,3,3555,true,0,0,0,
mv_12_5_7_to_11_5_7_R,3,3554,true,0,0,0,
mv_12_5_7_to_13_5_6_R,5,2925,true,0,0,0,
mv_12_5_8_to_10_3_9_R,3,3554,true,0,0,0,
mv_12_5_8_to_11_3_6_R,3,3554,true,0,0,0,
mv_12_5_8_to_12_4_9_R,3,3554,true,0,0,0,
mv_12_5_8_to_13_6_8_R,3,3554,true,0,0,0,
mv_13_4_7_to_11_3_6_S,3,5325,true,0,0,0,
mv_13_4_7_to_11_5_6_S,3,5325,true,0,0,0,
mv_13_4_7_to_12_4_9_S,3,5325,true,0,0,0,
mv_13_4_7_to_13_4_9_S,5,2925,true,0,0,0,
mv_13_4_7_to_14_4_8_S,5,2925,true,0,0,0,
mv_13_4_8_to_11_3_7_S,3,5325,true,0,0,0,
mv_13_4_8_to_11_5_6_S,3,5325,true,0,0,0,
mv_13_4_8_to_12_5_6_S,4,4710,true,0,0,0,
mv_13_4_8_to_13_4_9_S,5,2925,true,0,0,0,
mv_13_4_8_to_13_6_9_S,5,2925,true,0,0,0,
mv_13_5_7_to_11_3_6_S,6,3508,true,0,0,0,
mv_13_5_7_to_11_5_6_S,6,3508,true,0,0,0,
mv_13_5_7_to_12_4_9_S,6,3508,true,0,0,0,
mv_13_5_7_to_13_3_8_S,6,3508,true,0,0,0,
mv_13_5_7_to_14_4_7_S,6,3508,true,0,0,0,
mv_13_5_8_to_11_3_7_S,3,3554,true,0,0,0,
mv_13_5_8_to_11_5_6_S,3,3554,true,0,0,0,
mv_13_5_8_to_12_5_6_S,3,3554,true,0,0,0,
mv_13_5_8_to_13_4_6_S,3,3554,true,0,0,0,
mv_13_5_8_to_13_6_9_S,3,3554,true,0,0,0,
mv_13_5_9_to_11_3_7_S,3,5325,true,0,0,0,
mv_13_5_9_to_11_5_7_S,3,3555,true,0,0,0,
mv_13_5_9_to_13_3_7_S,5,2925,true,0,0,0,
mv_13_5_9_to_14_4_7_S,5,2925,true,0,0,0,
mv_14_3_2_to_12_2_3_R,2,4159,true,0,0,0,
mv_14_3_2_to_13_3_3_R,4,5870,true,0,0,0,
mv_14_3_2_to_15_3_0_R,5,2925,true,0,0,0,
mv_14_3_2_to_16_4_3_R,5,2925,true,0,0,0,
mv_14_3_3_to_12_5_2_R,6,4045,true,0,0,0,
mv_14_3_3_to_15_2_2_R,6,4045,true,0,0,0,
mv_14_3_3_to_16_4_2_R,6,4045,true,0,0,0,
mv_15_3_1_to_13_4_3_H,3,5313,true,0,0,0,
mv_15_3_1_to_15_4_1_H,5,5830,true,0,0,0,
mv_15_3_1_to_16_4_2_H,8,4011,true,0,0,0,
mv_15_3_2_to_13_4_2_H,2,5930,true,0,0,0,
mv_15_3_2_to_14_3_4_H,3,5313,true,0,0,0,
mv_15_3_2_to_15_4_1_H,3,5313,true,0,0,0,
mv_15_3_2_to_16_3_3_H,3,5313,true,0,0,0,
mv_15_3_3_to_13_4_1_H,5,4095,true,0,0,0,
mv_15_3_3_to_14_2_3_H,5,3508,true,0,0,0,
mv_15_3_3_to_15_4_4_H,5,4095,true,0,0,0,
mv_15_3_3_to_16_4_2_H,5,4095,true,0,0,0,
mv_15_4_2_to_13_4_2_H,2,5930,true,0,0,0,
mv_15_4_2_to_14_3_4_H,4,7042,true,0,0,0,
mv_15_4_2_to_15_3_4_H,5,5246,true,0,0,0,
mv_15_4_2_to_16_3_2_H,6,4044,true,0,0,0,
mv_15_4_3_to_13_4_1_H,3,5313,true,0,0,0,
mv_15_4_3_to_14_2_3_H,6,2903,true,0,0,0,
mv_15_4_3_to_15_3_4_H,5,5246,true,0,0,0,
mv_15_4_3_to_16_3_3_H,6,4044,true,0,0,0,
mv_2_5_4_to_3_4_6_H,0,0,true,0,0,0,
mv_2_5_4_to_4_3_5_H,0,0,true,0,0,0,
mv_2_5_4_to_4_6_4_H,0,1,true,0,0,0,
mv_3_3_7_to_3_2_5_H,1,0,true,0,0,0,
mv_3_3_7_to_3_5_7_H,1,0,true,0,0,0,
mv_3_3_7_to_4_3_5_H,1,0,true,0,0,0,
mv_3_3_7_to_4_5_6_H,1,2379,true,0,0,0,
mv_3_3_7_to_5_2_9_H,1,0,true,0,0,0,
mv_3_3_7_to_5_4_6_H,1,0,true,0,0,0,
mv_3_4_7_to_2_6_6_H,0,2379,true,0,0,0,
mv_3_4_7_to_3_3_6_H,1,0,true,0,0,0,
mv_3_4_7_to_4_3_7_H,1,0,true,0,0,0,
mv_3_4_7_to_4_5_8_H,1,0,true,0,0,0,
mv_3_4_7_to_5_3_9_H,1,0,true,0,0,0,
mv_3_4_7_to_5_6_8_H,1,0,true,0,0,0,
mv_3_5_4_to_2_6_6_H,0,1,true,0,0,0,
mv_3_5_4_to_4_3_5_H,0,0,true,0,0,0,
mv_3_5_4_to_4_6_4_H,0,1,true,0,0,0,
mv_3_5_4_to_5_4_4_H,0,0,true,0,0,0,
mv_3_5_4_to_5_7_6_H,0,1,true,0,0,0,
mv_3_6_6_to_3_4_4_H,1,0,true,0,0,0,
mv_3_6_6_to_3_6_5_H,1,0,true,0,0,0,
mv_3_6_6_to_4_5_8_H,1,0,true,0,0,0,
mv_3_6_6_to_5_4_4_H,1,0,true,0,0,0,
mv_3_6_6_to_5_6_8_H,1,0,true,0,0,0,
mv_4_2_5_to_2_4_7_H,0,0,true,0,0,0,
mv_4_2_5_to_3_4_6_H,1,0,true,0,0,0,
mv_4_2_5_to_5_1_4_H,2,0,true,0,0,0,
mv_4_2_5_to_5_3_5_H,2,0,true,0,0,0,
mv_4_2_5_to_6_0_3_H,2,0,true,0,0,0,
mv_4_2_5_to_6_2_4_H,2,0,true,0,0,0,
mv_4_2_5_to_6_4_5_H,2,1,true,0,0,0,
mv_4_2_6_to_3_2_7_R,1,2384,true,0,0,0,
mv_4_2_6_to_4_3_8_R,2,1784,true,0,0,0,
mv_4_2_6_to_5_3_7_R,3,580,true,0,0,0,
mv_4_2_6_to_6_2_7_R,3,2370,true,0,0,0,
mv_4_2_8_to_3_2_7_R,1,3564,true,0,0,0,
mv_4_2_8_to_5_1_7_R,6,2330,true,0,0,0,
mv_4_2_8_to_6_2_8_R,6,2330,true,0,0,0,
mv_4_4_7_to_2_5_5_S,0,2392,true,0,0,0,
mv_4_4_7_to_3_2_8_S,1,0,true,0,0,0,
mv_4_4_7_to_3_6_5_S,1,0,true,0,0,0,
mv_4_4_7_to_4_5_6_S,1,2379,true,0,0,0,
mv_4_4_7_to_5_3_7_S,1,3584,true,0,0,0,
mv_4_4_7_to_5_5_8_S,1,0,true,0,0,0,
mv_4_4_7_to_6_2_8_S,1,0,true,0,0,0,
mv_4_4_7_to_6_4_7_S,1,0,true,0,0,0,
mv_4_5_4_to_2_4_4_S,0,0,true,0,0,0,
mv_4_5_4_to_3_4_4_S,0,0,true,0,0,0,
mv_4_5_4_to_3_7_6_S,0,0,true,0,0,0,
mv_4_5_4_to_4_7_5_S,0,0,true,0,0,0,
mv_4_5_4_to_5_4_5_S,0,0,true,0,0,0,
mv_4_5_4_to_6_3_2_S,0,0,true,0,0,0,
mv_4_5_4_to_6_5_5_S,0,2393,true,0,0,0,
mv_4_5_4_to_6_7_4_S,0,1,true,0,0,0,
mv_4_5_7_to_3_5_7_R,1,2368,true,0,0,0,
mv_4_5_7_to_4_7_5_R,1,2368,true,0,0,0,
mv_4_5_7_to_5_7_6_R,1,2379,true,0,0,0,
mv_4_5_7_to_6_6_7_R,1,2368,true,0,0,0,
mv_4_6_5_to_3_5_3_R,0,4168,true,0,0,0,
mv_4_6_5_to_4_6_7_R,1,1187,true,0,0,0,
mv_4_6_5_to_6_4_6_R,2,1181,true,0,0,0,
mv_4_6_5_to_6_7_5_R,1,1187,true,0,0,0,
mv_4_6_6_to_2_6_6_H,0,0,true,0,0,0,
mv_4_6_6_to_3_6_4_H,0,2392,true,0,0,0,
mv_4_6_6_to_4_4_8_H,1,0,true,0,0,0,
mv_4_6_6_to_4_7_5_H,1,0,true,0,0,0,
mv_4_6_6_to_5_5_8_H,1,0,true,0,0,0,
mv_4_6_6_to_6_4_6_H,1,0,true,0,0,0,
mv_4_6_6_to_6_6_6_H,1,2379,true,0,0,0,
mv_4_6_6_to_6_8_6_H,1,0,true,0,0,0,
mv_5_2_5_to_3_4_4_H,1,0,true,0,0,0,
mv_5_2_5_to_4_3_7_H,2,1182,true,0,0,0,
mv_5_2_5_to_5_1_7_H,2,0,true,0,0,0,
mv_5_2_5_to_5_4_5_H,1,1194,true,0,0,0,
mv_5_2_5_to_6_1_3_H,2,0,true,0,0,0,
mv_5_2_5_to_6_3_6_H,2,0,true,0,0,0,
mv_5_2_5_to_7_1_6_H,2,0,true,0,0,0,
mv_5_2_6_to_3_2_6_H,1,586,true,0,0,0,
mv_5_2_6_to_3_4_6_H,1,586,true,0,0,0,
mv_5_2_6_to_4_3_5_H,2,586,true,0,0,0,
mv_5_2_6_to_4_4_8_H,2,586,true,0,0,0,
mv_5_2_6_to_5_3_5_H,2,586,true,0,0,0,
mv_5_2_6_to_5_4_8_H,2,586,true,0,0,0,
mv_5_2_6_to_6_2_7_H,2,586,true,0,0,0,
mv_5_2_6_to_6_4_6_H,2,586,true,0,0,0,
mv_5_2_6_to_7_3_5_H,2,586,true,0,0,0,
mv_5_2_7_to_3_2_8_H,1,3,true,0,0,0,
mv_5_2_7_to_4_1_6_H,2,3,true,0,0,0,
mv_5_2_7_to_4_3_8_H,1,2384,true,0,0,0,
mv_5_2_7_to_5_2_9_H,2,3,true,0,0,0,
mv_5_2_7_to_5_4_6_H,2,3,true,0,0,0,
mv_5_2_7_to_6_2_8_H,2,590,true,0,0,0,
mv_5_2_7_to_6_4_7_H,2,590,true,0,0,0,
mv_5_2_7_to_7_4_5_H,2,3,true,0,0,0,
mv_5_2_8_to_3_4_6_H,1,579,true,0,0,0,
mv_5_2_8_to_4_3_7_H,2,2344,true,0,0,0,
mv_5_2_8_to_5_1_7_H,2,579,true,0,0,0,
mv_5_2_8_to_6_0_6_H,2,579,true,0,0,0,
mv_5_2_8_to_6_4_6_H,2,579,true,0,0,0,
mv_5_3_6_to_3_2_6_H,1,3,true,0,0,0,
mv_5_3_6_to_3_4_6_H,1,3,true,0,0,0,
mv_5_3_6_to_4_1_8_H,2,3,true,0,0,0,
mv_5_3_6_to_4_4_6_H,2,3,true,0,0,0,
mv_5_3_6_to_5_1_6_H,3,3,true,0,0,0,
mv_5_3_6_to_5_3_7_H,2,1784,true,0,0,0,
mv_5_3_6_to_5_5_8_H,3,3,true,0,0,0,
mv_5_3_6_to_6_2_8_H,3,3,true,0,0,0,
mv_5_3_6_to_6_5_5_H,1,1194,true,0,0,0,
mv_5_3_6_to_7_4_5_H,3,589,true,0,0,0,
mv_5_3_8_to_3_2_6_H,1,4,true,0,0,0,
mv_5_3_8_to_3_4_8_H,1,4,true,0,0,0,
mv_5_3_8_to_4_3_7_H,3,2355,true,0,0,0,
mv_5_3_8_to_4_5_8_H,2,4,true,0,0,0,
mv_5_3_8_to_5_3_7_H,3,2355,true,0,0,0,
mv_5_3_8_to_6_2_7_H,6,4,true,0,0,0,
mv_5_3_8_to_6_5_7_H,3,2355,true,0,0,0,
mv_5_4_7_to_3_2_5_H,1,0,true,0,0,0,
mv_5_4_7_to_3_4_6_H,1,0,true,0,0,0,
mv_5_4_7_to_4_3_5_H,1,0,true,0,0,0,
mv_5_4_7_to_4_5_6_H,1,2379,true,0,0,0,
mv_5_4_7_to_5_3_7_H,1,0,true,0,0,0,
mv_5_4_7_to_5_5_8_H,1,0,true,0,0,0,
mv_5_4_7_to_6_2_8_H,1,0,true,0,0,0,
mv_5_4_7_to_6_5_5_H,1,2379,true,0,0,0,
mv_5_4_7_to_7_3_5_H,1,0,true,0,0,0,
mv_5_4_7_to_7_5_8_H,1,3555,true,0,0,0,
mv_5_5_4_to_3_5_3_H,0,0,true,0,0,0,
mv_5_5_4_to_4_4_4_H,0,0,true,0,0,0,
mv_5_5_4_to_4_7_5_H,0,0,true,0,0,0,
mv_5_5_4_to_5_4_5_H,0,1,true,0,0,0,
mv_5_5_4_to_6_3_6_H,0,1776,true,0,0,0,
mv_5_5_4_to_6_6_3_H,0,1,true,0,0,0,
mv_5_5_4_to_6_7_5_H,0,1,true,0,0,0,
mv_5_5_4_to_7_5_3_H,0,0,true,0,0,0,
mv_5_5_4_to_7_7_2_H,0,0,true,0,0,0,
mv_5_5_5_to_3_5_7_H,1,2352,true,0,0,0,
mv_5_5_5_to_4_3_7_H,3,1181,true,0,0,0,
mv_5_5_5_to_4_6_4_H,2,2950,true,0,0,0,
mv_5_5_5_to_5_3_5_H,3,2352,true,0,0,0,
mv_5_5_5_to_5_7_3_H,3,2352,true,0,0,0,
mv_5_5_5_to_6_4_6_H,3,2352,true,0,0,0,
mv_5_5_5_to_6_6_3_H,1,1783,true,0,0,0,
mv_5_5_5_to_6_7_5_H,1,1783,true,0,0,0,
mv_5_5_5_to_7_5_5_H,3,2352,true,0,0,0,
mv_5_5_5_to_7_7_7_H,3,2352,true,0,0,0,
mv_5_5_6_to_3_5_7_H,1,2933,true,0,0,0,
mv_5_5_6_to_4_3_7_H,2,2956,true,0,0,0,
mv_5_5_6_to_4_5_6_H,1,2379,true,0,0,0,
mv_5_5_6_to_4_7_6_H,1,2379,true,0,0,0,
mv_5_5_6_to_5_4_6_H,3,2933,true,0,0,0,
mv_5_5_6_to_5_7_7_H,3,2933,true,0,0,0,
mv_5_5_6_to_6_4_7_H,3,2933,true,0,0,0,
mv_5_5_6_to_6_6_7_H,1,2966,true,0,0,0,
mv_5_5_6_to_7_4_5_H,3,2938,true,0,0,0,
mv_5_5_6_to_7_6_4_H,3,2938,true,0,0,0,
mv_5_5_7_to_3_4_8_H,1,0,true,0,0,0,
mv_5_5_7_to_4_3_7_H,1,0,true,0,0,0,
mv_5_5_7_to_4_5_8_H,1,0,true,0,0,0,
mv_5_5_7_to_5_3_7_H,1,0,true,0,0,0,
mv_5_5_7_to_5_6_8_H,1,0,true,0,0,0,
mv_5_5_7_to_6_4_5_H,1,0,true,0,0,0,
mv_5_5_7_to_6_6_6_H,1,2379,true,0,0,0,
mv_5_5_7_to_7_4_5_H,1,0,true,0,0,0,
mv_5_5_7_to_7_6_7_H,1,0,true,0,0,0,
mv_5_6_4_to_3_6_4_H,0,2393,true,0,0,0,
mv_5_6_4_to_4_5_3_H,2,1181,true,0,0,0,
mv_5_6_4_to_5_4_4_H,3,1181,true,0,0,0,
mv_5_6_4_to_5_7_6_H,1,1783,true,0,0,0,
mv_5_6_4_to_6_6_3_H,3,1181,true,0,0,0,
mv_5_6_4_to_6_7_5_H,1,1783,true,0,0,0,
mv_5_6_4_to_7_5_3_H,3,1181,true,0,0,0,
mv_5_6_4_to_7_7_2_H,3,1181,true,0,0,0,
mv_5_6_5_to_3_4_4_H,1,2,true,0,0,0,
mv_5_6_5_to_3_6_5_H,1,2,true,0,0,0,
mv_5_6_5_to_4_5_6_H,1,2,true,0,0,0,
mv_5_6_5_to_5_4_4_H,1,2,true,0,0,0,
mv_5_6_5_to_5_7_6_H,1,2,true,0,0,0,
mv_5_6_5_to_6_5_3_H,1,2,true,0,0,0,
mv_5_6_5_to_6_6_6_H,1,2,true,0,0,0,
mv_5_6_5_to_6_8_3_H,1,2,true,0,0,0,
mv_5_6_5_to_7_5_6_H,1,2,true,0,0,0,
mv_5_6_5_to_7_8_3_H,1,2,true,0,0,0,
mv_5_6_6_to_3_4_6_H,1,0,true,0,0,0,
mv_5_6_6_to_3_7_6_H,1,0,true,0,0,0,
mv_5_6_6_to_4_5_8_H,1,0,true,0,0,0,
mv_5_6_6_to_5_4_4_H,1,0,true,0,0,0,
mv_5_6_6_to_5_6_8_H,1,0,true,0,0,0,
mv_5_6_6_to_6_4_7_H,1,0,true,0,0,0,
mv_5_6_6_to_6_6_7_H,1,0,true,0,0,0,
mv_5_6_6_to_7_4_5_H,1,0,true,0,0,0,
mv_5_6_6_to_7_6_4_H,1,0,true,0,0,0,
mv_5_6_6_to_7_8_6_H,1,0,true,0,0,0,
mv_5_6_7_to_3_7_6_H,1,2379,true,0,0,0,
mv_5_6_7_to_4_6_7_H,1,2379,true,0,0,0,
mv_5_6_7_to_5_4_8_H,3,0,true,0,0,0,
mv_5_6_7_to_6_4_7_H,3,0,true,0,0,0,
mv_5_6_7_to_6_7_7_H,3,0,true,0,0,0,
mv_5_6_7_to_7_5_7_H,3,3555,true,0,0,0,
mv_5_6_7_to_7_8_6_H,3,0,true,0,0,0,
mv_6_1_4_to_6_0_6_R,3,2952,true,0,0,0,
mv_6_1_4_to_7_1_6_R,3,2952,true,0,0,0,
mv_6_1_4_to_8_1_2_R,1,4174,true,0,0,0,
mv_6_3_3_to_4_4_4_S,0,1200,true,0,0,0,
mv_6_3_3_to_5_4_4_S,0,1200,true,0,0,0,
mv_6_3_3_to_6_2_4_S,3,2968,true,0,0,0,
mv_6_3_3_to_7_2_2_S,3,0,true,0,0,0,
mv_6_3_3_to_7_4_5_S,0,1200,true,0,0,0,
mv_6_3_3_to_8_3_3_S,1,3566,true,0,0,0,
mv_6_4_4_to_4_4_4_R,0,2968,true,0,0,0,
mv_6_4_4_to_5_4_6_R,0,1193,true,0,0,0,
mv_6_4_4_to_6_5_5_R,0,1193,true,0,0,0,
mv_6_4_4_to_7_5_3_R,0,2968,true,0,0,0,
mv_6_4_4_to_8_6_3_R,0,2968,true,0,0,0,
mv_6_5_4_to_4_5_3_S,0,0,true,0,0,0,
mv_6_5_4_to_5_3_3_S,0,0,true,0,0,0,
mv_6_5_4_to_5_5_3_S,0,0,true,0,0,0,
mv_6_5_4_to_6_4_5_S,0,0,true,0,0,0,
mv_6_5_4_to_6_6_6_S,0,1,true,0,0,0,
mv_6_5_4_to_7_3_5_S,0,0,true,0,0,0,
mv_6_5_4_to_7_5_6_S,0,5,true,0,0,0,
mv_6_5_4_to_8_3_4_S,0,3,true,0,0,0,
mv_6_5_4_to_8_6_5_S,0,0,true,0,0,0,
mv_6_5_4_to_8_7_6_S,0,0,true,0,0,0,
mv_6_5_6_to_4_4_6_S,3,2354,true,0,0,0,
mv_6_5_6_to_4_6_7_S,1,2379,true,0,0,0,
mv_6_5_6_to_5_4_4_S,0,2392,true,0,0,0,
mv_6_5_6_to_5_6_8_S,3,2354,true,0,0,0,
mv_6_5_6_to_6_4_5_S,4,3526,true,0,0,0,
mv_6_5_6_to_6_6_6_S,1,2379,true,0,0,0,
mv_6_5_6_to_7_3_5_S,0,2392,true,0,0,0,
mv_6_5_6_to_7_6_4_S,0,4186,true,0,0,0,
mv_6_5_6_to_8_5_4_S,0,2392,true,0,0,0,
mv_6_5_6_to_8_7_5_S,4,3526,true,0,0,0,
mv_6_7_3_to_6_6_4_R,0,2393,true,0,0,0,
mv_6_7_3_to_7_8_5_R,3,2353,true,0,0,0,
mv_6_7_6_to_4_6_7_R,1,2379,true,0,0,0,
mv_6_7_6_to_6_6_6_R,1,2379,true,0,0,0,
mv_6_7_6_to_7_7_7_R,2,3565,true,0,0,0,
mv_6_7_6_to_8_7_6_R,4,4102,true,0,0,0,
mv_7_0_3_to_8_-1_3_R,2,2965,true,0,0,0,
mv_7_0_3_to_9_1_4_R,2,2965,true,0,0,0,
mv_7_0_6_to_6_2_6_R,3,4125,true,0,0,0,
mv_7_0_6_to_8_1_6_R,3,4117,true,0,0,0,
mv_7_1_4_to_5_2_4_S,3,2968,true,0,0,0,
mv_7_1_4_to_6_0_6_S,3,0,true,0,0,0,
mv_7_1_4_to_6_2_6_S,3,0,true,0,0,0,
mv_7_1_4_to_7_0_2_S,3,0,true,0,0,0,
mv_7_1_4_to_7_3_5_S,0,3572,true,0,0,0,
mv_7_1_4_to_8_0_2_S,1,5366,true,0,0,0,
mv_7_1_4_to_8_3_4_S,0,3572,true,0,0,0,
mv_7_1_4_to_9_1_3_S,1,5366,true,0,0,0,
mv_7_1_5_to_5_1_4_S,3,2952,true,0,0,0,
mv_7_1_5_to_5_3_5_S,3,2952,true,0,0,0,
mv_7_1_5_to_6_1_3_S,3,2952,true,0,0,0,
mv_7_1_5_to_6_2_7_S,3,2952,true,0,0,0,
mv_7_1_5_to_7_1_6_S,3,2952,true,0,0,0,
mv_7_1_5_to_8_-1_5_S,1,4770,true,0,0,0,
mv_7_1_5_to_8_3_3_S,1,2970,true,0,0,0,
mv_7_1_5_to_9_0_6_S,1,4770,true,0,0,0,
mv_7_2_3_to_5_2_4_S,3,2968,true,0,0,0,
mv_7_2_3_to_6_0_3_S,3,0,true,0,0,0,
mv_7_2_3_to_6_2_5_S,3,2952,true,0,0,0,
mv_7_2_3_to_7_3_2_S,3,0,true,0,0,0,
mv_7_2_3_to_8_1_2_S,1,5366,true,0,0,0,
mv_7_2_3_to_8_4_4_S,0,1200,true,0,0,0,
mv_7_2_3_to_9_1_4_S,1,5366,true,0,0,0,
mv_7_2_4_to_5_1_6_S,3,2952,true,0,0,0,
mv_7_2_4_to_5_4_5_S,3,2952,true,0,0,0,
mv_7_2_4_to_6_1_3_S,3,2952,true,0,0,0,
mv_7_2_4_to_6_3_2_S,3,2952,true,0,0,0,
mv_7_2_4_to_7_1_6_S,3,2952,true,0,0,0,
mv_7_2_4_to_7_4_2_S,0,2976,true,0,0,0,
mv_7_2_4_to_8_1_6_S,1,4770,true,0,0,0,
mv_7_2_4_to_9_0_3_S,1,4770,true,0,0,0,
mv_7_2_4_to_9_1_4_S,1,4770,true,0,0,0,
mv_7_3_3_to_5_1_4_S,3,0,true,0,0,0,
mv_7_3_3_to_5_4_5_S,3,0,true,0,0,0,
mv_7_3_3_to_6_2_5_S,3,2952,true,0,0,0,
mv_7_3_3_to_7_2_2_S,3,0,true,0,0,0,
mv_7_3_3_to_7_5_3_S,0,2995,true,0,0,0,
mv_7_3_3_to_8_4_3_S,0,1200,true,0,0,0,
mv_7_3_3_to_9_2_2_S,3,0,true,0,0,0,
mv_7_3_4_to_5_1_6_S,2,1776,true,0,0,0,
mv_7_3_4_to_5_4_5_S,2,0,true,0,0,0,
mv_7_3_4_to_6_2_4_S,1,1787,true,0,0,0,
mv_7_3_4_to_6_4_5_S,2,0,true,0,0,0,
mv_7_3_4_to_7_2_2_S,2,0,true,0,0,0,
mv_7_3_4_to_7_5_3_S,0,3587,true,0,0,0,
mv_7_3_4_to_8_1_6_S,1,4768,true,0,0,0,
mv_7_3_4_to_9_1_3_S,1,4768,true,0,0,0,
mv_7_3_4_to_9_4_6_S,2,588,true,0,0,0,
mv_7_4_3_to_5_3_5_S,2,1778,true,0,0,0,
mv_7_4_3_to_6_2_4_S,1,1787,true,0,0,0,
mv_7_4_3_to_6_5_5_S,0,1793,true,0,0,0,
mv_7_4_3_to_7_3_2_S,2,3,true,0,0,0,
mv_7_4_3_to_7_6_2_S,2,3,true,0,0,0,
mv_7_4_3_to_8_5_4_S,2,3,true,0,0,0,
mv_7_4_3_to_9_3_3_S,2,4159,true,0,0,0,
mv_7_4_4_to_5_3_5_S,0,1776,true,0,0,0,
mv_7_4_4_to_6_2_3_S,0,0,true,0,0,0,
mv_7_4_4_to_6_3_6_S,0,1776,true,0,0,0,
mv_7_4_4_to_6_6_3_S,0,1,true,0,0,0,
mv_7_4_4_to_7_3_2_S,0,0,true,0,0,0,
mv_7_4_4_to_7_5_6_S,0,4,true,0,0,0,
mv_7_4_4_to_8_4_3_S,0,0,true,0,0,0,
mv_7_4_4_to_9_2_2_S,0,0,true,0,0,0,
mv_7_4_4_to_9_5_6_S,0,1783,true,0,0,0,
mv_7_5_4_to_5_4_5_S,0,0,true,0,0,0,
mv_7_5_4_to_6_3_2_S,0,0,true,0,0,0,
mv_7_5_4_to_6_5_5_S,0,1,true,0,0,0,
mv_7_5_4_to_6_7_4_S,0,1,true,0,0,0,
mv_7_5_4_to_7_4_5_S,0,0,true,0,0,0,
mv_7_5_4_to_7_7_2_S,0,0,true,0,0,0,
mv_7_5_4_to_8_6_3_S,0,0,true,0,0,0,
mv_7_5_4_to_8_7_5_S,0,0,true,0,0,0,
mv_7_5_4_to_9_5_5_S,0,0,true,0,0,0,
mv_7_6_3_to_5_4_4_S,0,4168,true,0,0,0,
mv_7_6_3_to_6_5_3_S,0,4168,true,0,0,0,
mv_7_6_3_to_6_7_4_S,1,2379,true,0,0,0,
mv_7_6_3_to_7_5_3_S,0,4168,true,0,0,0,
mv_7_6_3_to_7_8_4_S,4,2920,true,0,0,0,
mv_7_6_3_to_8_6_5_S,4,2919,true,0,0,0,
mv_7_6_3_to_9_6_4_S,2,2950,true,0,0,0,
mv_7_7_3_to_6_5_5_S,0,2393,true,0,0,0,
mv_7_7_3_to_6_7_5_S,1,2379,true,0,0,0,
mv_7_7_3_to_7_6_4_S,0,4187,true,0,0,0,
mv_7_7_3_to_8_6_5_S,3,2353,true,0,0,0,
mv_7_7_3_to_9_7_5_S,3,2353,true,0,0,0,
mv_7_7_4_to_6_5_5_S,0,2393,true,0,0,0,
mv_7_7_4_to_6_7_4_S,1,2379,true,0,0,0,
mv_7_7_4_to_7_5_5_S,0,2988,true,0,0,0,
mv_7_7_4_to_7_8_3_S,3,2353,true,0,0,0,
mv_7_7_4_to_8_6_5_S,3,2353,true,0,0,0,
mv_7_7_4_to_9_5_5_S,2,1187,true,0,0,0,
mv_7_7_5_to_5_5_3_S,0,2393,true,0,0,0,
mv_7_7_5_to_6_5_5_S,0,2393,true,0,0,0,
mv_7_7_5_to_6_6_7_S,2,2964,true,0,0,0,
mv_7_7_5_to_6_8_6_S,2,2369,true,0,0,0,
mv_7_7_5_to_7_6_4_S,0,3589,true,0,0,0,
mv_7_7_5_to_7_8_6_S,2,2369,true,0,0,0,
mv_7_7_5_to_8_7_3_S,2,2369,true,0,0,0,
mv_7_7_5_to_9_6_4_S,2,1187,true,0,0,0,
mv_7_7_6_to_5_6_8_S,2,2964,true,0,0,0,
mv_7_7_6_to_6_6_4_S,0,2393,true,0,0,0,
mv_7_7_6_to_6_7_7_S,2,2964,true,0,0,0,
mv_7_7_6_to_7_5_8_S,3,2354,true,0,0,0,
mv_7_7_6_to_8_5_4_S,0,2393,true,0,0,0,
mv_7_7_6_to_8_7_5_S,3,2354,true,0,0,0,
mv_7_7_6_to_9_6_8_S,3,2354,true,0,0,0,
mv_8_0_3_to_10_1_2_S,2,2969,true,0,0,0,
mv_8_0_3_to_6_0_4_S,3,4093,true,0,0,0,
mv_8_0_3_to_7_-1_3_S,3,4093,true,0,0,0,
mv_8_0_3_to_8_-1_5_S,3,4093,true,0,0,0,
mv_8_0_3_to_9_1_3_S,3,3504,true,0,0,0,
mv_8_0_4_to_10_2_4_S,2,2948,true,0,0,0,
mv_8_0_4_to_6_2_3_S,2,2948,true,0,0,0,
mv_8_0_4_to_7_-1_6_S,2,2948,true,0,0,0,
mv_8_0_4_to_8_-1_3_S,2,2948,true,0,0,0,
mv_8_0_4_to_8_1_5_S,3,2925,true,0,0,0,
mv_8_0_4_to_9_1_3_S,2,2948,true,0,0,0,
mv_8_0_5_to_6_0_3_S,3,4094,true,0,0,0,
mv_8_0_5_to_6_2_4_S,3,2968,true,0,0,0,
mv_8_0_5_to_7_-1_6_S,3,4094,true,0,0,0,
mv_8_0_5_to_8_-1_4_S,3,4094,true,0,0,0,
mv_8_0_5_to_9_0_3_S,3,4094,true,0,0,0,
mv_8_0_6_to_10_2_4_S,3,4117,true,0,0,0,
mv_8_0_6_to_6_2_6_S,3,4125,true,0,0,0,
mv_8_0_6_to_7_1_6_S,3,4125,true,0,0,0,
mv_8_0_6_to_9_0_4_S,3,4102,true,0,0,0,
mv_8_1_3_to_10_2_3_S,2,2371,true,0,0,0,
mv_8_1_3_to_6_2_3_S,3,3546,true,0,0,0,
mv_8_1_3_to_7_0_2_S,3,3546,true,0,0,0,
mv_8_1_3_to_8_-1_3_S,3,3546,true,0,0,0,
mv_8_1_3_to_8_3_3_S,1,3566,true,0,0,0,
mv_8_1_3_to_9_1_4_S,3,3546,true,0,0,0,
mv_8_1_4_to_10_2_3_S,1,4763,true,0,0,0,
mv_8_1_4_to_6_0_6_S,1,3566,true,0,0,0,
mv_8_1_4_to_6_2_6_S,1,3566,true,0,0,0,
mv_8_1_4_to_7_0_2_S,1,3566,true,0,0,0,
mv_8_1_4_to_7_3_5_S,0,4168,true,0,0,0,
mv_8_1_4_to_8_0_2_S,1,3566,true,0,0,0,
mv_8_1_4_to_8_3_4_S,0,4168,true,0,0,0,
mv_8_1_4_to_9_1_3_S,1,3567,true,0,0,0,
mv_8_5_7_to_10_3_9_S,3,2354,true,0,0,0,
mv_8_5_7_to_10_5_7_S,3,3554,true,0,0,0,
mv_8_5_7_to_10_7_7_S,3,2354,true,0,0,0,
mv_8_5_7_to_6_4_7_S,2,2964,true,0,0,0,
mv_8_5_7_to_6_7_5_S,1,2379,true,0,0,0,
mv_8_5_7_to_7_5_6_S,1,3564,true,0,0,0,
mv_8_5_7_to_8_6_5_S,3,3556,true,0,0,0,
mv_8_5_7_to_9_4_6_S,3,2354,true,0,0,0,
mv_8_5_7_to_9_5_8_S,3,2354,true,0,0,0,
mv_8_5_8_to_10_3_6_S,3,2354,true,0,0,0,
mv_8_5_8_to_10_5_6_S,3,3554,true,0,0,0,
mv_8_5_8_to_10_7_7_S,3,2354,true,0,0,0,
mv_8_5_8_to_6_5_7_S,3,2354,true,0,0,0,
mv_8_5_8_to_7_5_7_S,3,2354,true,0,0,0,
mv_8_5_8_to_8_7_6_S,3,2354,true,0,0,0,
mv_8_5_8_to_9_5_8_S,3,2354,true,0,0,0,
mv_8_6_7_to_10_5_6_R,2,4154,true,0,0,0,
mv_8_6_7_to_6_5_5_R,0,2393,true,0,0,0,
mv_8_6_7_to_7_5_7_R,2,4156,true,0,0,0,
mv_8_6_7_to_8_7_6_R,4,2338,true,0,0,0,
mv_8_6_7_to_9_7_8_R,2,3560,true,0,0,0,
mv_9_5_7_to_10_4_8_H,3,2354,true,0,0,0,
mv_9_5_7_to_10_6_7_H,3,2354,true,0,0,0,
mv_9_5_7_to_11_3_9_H,3,2354,true,0,0,0,
mv_9_5_7_to_7_3_5_H,3,2354,true,0,0,0,
mv_9_5_7_to_7_5_8_H,3,2354,true,0,0,0,
mv_9_5_7_to_8_6_6_H,3,3556,true,0,0,0,
mv_9_5_7_to_9_4_9_H,3,2354,true,0,0,0,
mv_9_5_7_to_9_7_5_H,3,2354,true,0,0,0,
mv_9_6_5_to_10_5_7_R,3,5315,true,0,0,0,
mv_9_6_5_to_7_5_3_R,0,4168,true,0,0,0,
mv_9_6_5_to_7_8_6_R,4,2338,true,0,0,0,
mv_9_6_5_to_9_4_6_R,4,2338,true,0,0,0,
mv_9_6_6_to_10_4_7_S,3,2961,true,0,0,0,
mv_9_6_6_to_10_6_7_S,3,2944,true,0,0,0,
mv_9_6_6_to_11_5_7_S,3,2961,true,0,0,0,
mv_9_6_6_to_7_5_8_S,3,1773,true,0,0,0,
mv_9_6_6_to_7_8_5_S,3,3537,true,0,0,0,
mv_9_6_6_to_8_6_6_S,3,4132,true,0,0,0,
mv_9_6_6_to_9_4_6_S,3,2360,true,0,0,0,
mv_9_6_6_to_9_6_4_S,2,3544,true,0,0,0,
mv_9_6_6_to_9_8_7_S,3,2944,true,0,0,0,
mv_9_6_7_to_10_5_7_S,3,2951,true,0,0,0,
mv_9_6_7_to_11_4_5_S,3,2951,true,0,0,0,
mv_9_6_7_to_7_5_5_S,0,2988,true,0,0,0,
mv_9_6_7_to_7_7_7_S,2,4758,true,0,0,0,
mv_9_6_7_to_8_6_6_S,2,4758,true,0,0,0,
mv_9_6_7_to_9_4_7_S,3,2951,true,0,0,0,
mv_9_6_7_to_9_7_5_S,3,1774,true,0,0,0,
mv_9_7_7_to_10_5_7_S,3,2942,true,0,0,0,
mv_9_7_7_to_11_5_6_S,3,1771,true,0,0,0,
mv_9_7_7_to_7_5_7_S,3,1768,true,0,0,0,
mv_9_7_7_to_7_8_6_S,3,1768,true,0,0,0,
mv_9_7_7_to_8_7_5_S,3,1768,true,0,0,0,
mv_9_7_7_to_9_6_8_S,3,1768,true,0,0,0,
del_11_2_4,3,2933,true,0,0,0,
del_12_4_1,5,3491,true,0,0,0,
del_13_5_9,5,2925,true,0,0,0,
del_3_4_7,1,0,true,0,0,0,
del_4_6_6,1,0,true,0,0,0,
del_5_5_6,3,2933,true,0,0,0,
del_6_5_6,4,3526,true,0,0,0,
del_7_3_4,2,0,true,0,0,0,
del_8_0_4,2,2948,true,0,0,0,
del_9_6_6,3,2944,true,0,0,0,
mv_10_2_2_to_11_1_3_R,3,2933,true,0,0,0,
mv_10_2_2_to_12_2_2_R,2,2966,true,0,0,0,
mv_10_2_2_to_8_3_4_R,0,4168,true,0,0,0,
mv_10_3_2_to_10_1_2_S,2,4160,true,0,0,0,
mv_10_3_2_to_10_4_4_S,2,2959,true,0,0,0,
mv_10_3_2_to_11_3_1_S,2,2959,true,0,0,0,
mv_10_3_2_to_11_5_1_S,2,2959,true,0,0,0,
mv_10_3_2_to_12_2_3_S,2,2959,true,0,0,0,
mv_10_3_2_to_12_4_0_S,2,2959,true,0,0,0,
mv_10_3_2_to_8_1_2_S,1,5366,true,0,0,0,
mv_10_3_2_to_8_5_4_S,0,4169,true,0,0,0,
mv_10_3_3_to_10_1_2_S,2,4728,true,0,0,0,
mv_10_3_3_to_10_4_4_S,2,2949,true,0,0,0,
mv_10_3_3_to_11_2_1_S,2,2949,true,0,0,0,
mv_10_3_3_to_11_4_3_S,2,4159,true,0,0,0,
mv_10_3_3_to_12_2_1_S,2,2949,true,0,0,0,
mv_10_3_3_to_12_3_4_S,2,3541,true,0,0,0,
mv_10_3_3_to_12_5_4_S,2,2949,true,0,0,0,
mv_10_3_3_to_8_4_3_S,0,4168,true,0,0,0,
mv_10_3_3_to_9_2_2_S,2,2949,true,0,0,0,
mv_10_4_6_to_10_6_5_R,3,3555,true,0,0,0,
mv_10_4_6_to_11_5_6_R,5,5260,true,0,0,0,
mv_10_4_6_to_8_3_4_R,0,2982,true,0,0,0,
mv_10_4_6_to_9_6_4_R,2,1776,true,0,0,0,
mv_10_4_9_to_11_4_10_R,5,5254,true,0,0,0,
mv_10_4_9_to_9_5_8_R,3,2963,true,0,0,0,
mv_11_1_2_to_11_1_3_H,4,5276,true,0,0,0,
mv_11_1_2_to_12_2_1_H,4,5276,true,0,0,0,
mv_11_1_2_to_12_3_3_H,2,3563,true,0,0,0,
mv_11_1_2_to_9_0_4_H,1,5366,true,0,0,0,
mv_11_1_2_to_9_3_3_H,3,2934,true,0,0,0,
mv_11_2_2_to_10_4_1_H,3,4713,true,0,0,0,
mv_11_2_2_to_11_1_4_H,3,4713,true,0,0,0,
mv_11_2_2_to_11_4_3_H,2,3563,true,0,0,0,
mv_11_2_2_to_12_3_0_H,3,4713,true,0,0,0,
mv_11_2_2_to_13_3_3_H,3,4713,true,0,0,0,
mv_11_2_2_to_9_0_3_H,1,5366,true,0,0,0,
mv_11_2_2_to_9_3_2_H,3,4713,true,0,0,0,
mv_11_2_3_to_10_2_4_H,2,4160,true,0,0,0,
mv_11_2_3_to_11_1_1_H,2,2370,true,0,0,0,
mv_11_2_3_to_11_3_1_H,2,2371,true,0,0,0,
mv_11_2_3_to_12_1_2_H,2,2370,true,0,0,0,
mv_11_2_3_to_12_3_4_H,2,2370,true,0,0,0,
mv_11_2_3_to_13_4_2_H,2,2387,true,0,0,0,
mv_11_2_3_to_9_0_5_H,1,5366,true,0,0,0,
mv_11_2_3_to_9_3_3_H,2,2370,true,0,0,0,
mv_11_2_4_to_11_3_6_R,3,2933,true,0,0,0,
mv_11_2_4_to_12_4_6_R,3,5870,true,0,0,0,
mv_11_2_4_to_9_0_6_R,1,5366,true,0,0,0,
mv_11_3_3_to_10_2_1_S,3,4098,true,0,0,0,
mv_11_3_3_to_10_4_5_S,3,4098,true,0,0,0,
mv_11_3_3_to_11_2_5_S,3,4098,true,0,0,0,
mv_11_3_3_to_11_4_5_S,3,5274,true,0,0,0,
mv_11_3_3_to_12_2_2_S,3,4098,true,0,0,0,
mv_11_3_3_to_12_4_5_S,3,5274,true,0,0,0,
mv_11_3_3_to_13_3_2_S,3,6450,true,0,0,0,
mv_11_3_3_to_13_4_4_S,3,4098,true,0,0,0,
mv_11_3_3_to_9_3_3_S,3,2934,true,0,0,0,
mv_11_4_1_to_12_2_2_R,2,4158,true,0,0,0,
mv_11_4_1_to_13_4_1_R,2,4734,true,0,0,0,
mv_11_4_4_to_10_5_6_R,2,4156,true,0,0,0,
mv_11_4_4_to_12_2_2_R,2,4158,true,0,0,0,
mv_11_4_4_to_12_5_6_R,2,3541,true,0,0,0,
mv_11_4_4_to_9_3_3_R,2,3563,true,0,0,0,
mv_11_4_6_to_10_4_4_S,2,1776,true,0,0,0,
mv_11_4_6_to_10_5_7_S,3,3555,true,0,0,0,
mv_11_4_6_to_11_3_4_S,2,2973,true,0,0,0,
mv_11_4_6_to_11_5_7_S,3,3555,true,0,0,0,
mv_11_4_6_to_12_5_6_S,3,2944,true,0,0,0,
mv_11_4_6_to_13_4_4_S,3,2944,true,0,0,0,
mv_11_4_6_to_9_4_6_S,3,2944,true,0,0,0,
mv_11_4_6_to_9_6_4_S,2,1780,true,0,0,0,
mv_11_4_7_to_10_4_7_S,3,3555,true,0,0,0,
mv_11_4_7_to_10_6_5_S,3,3555,true,0,0,0,
mv_11_4_7_to_11_3_8_S,3,2358,true,0,0,0,
mv_11_4_7_to_11_6_9_S,3,2358,true,0,0,0,
mv_11_4_7_to_12_6_7_S,3,2358,true,0,0,0,
mv_11_4_7_to_13_4_9_S,3,2358,true,0,0,0,
mv_11_4_7_to_9_4_6_S,3,2358,true,0,0,0,
mv_11_4_7_to_9_5_8_S,3,2356,true,0,0,0,
mv_11_4_8_to_10_4_7_S,3,3555,true,0,0,0,
mv_11_4_8_to_10_6_6_S,3,3555,true,0,0,0,
mv_11_4_8_to_11_4_10_S,4,3522,true,0,0,0,
mv_11_4_8_to_12_4_6_S,4,3522,true,0,0,0,
mv_11_4_8_to_13_3_7_S,4,3522,true,0,0,0,
mv_11_4_8_to_13_5_6_S,4,3522,true,0,0,0,
mv_11_4_8_to_9_4_7_S,3,3555,true,0,0,0,
mv_11_4_9_to_10_3_9_S,6,3484,true,0,0,0,
mv_11_4_9_to_10_5_9_S,3,3555,true,0,0,0,
mv_11_4_9_to_11_5_7_S,3,3555,true,0,0,0,
mv_11_4_9_to_13_3_8_S,6,4634,true,0,0,0,
mv_11_4_9_to_13_6_9_S,6,4634,true,0,0,0,
mv_11_5_9_to_10_3_9_S,6,1758,true,0,0,0,
mv_11_5_9_to_10_5_9_S,3,3555,true,0,0,0,
mv_11_5_9_to_11_3_9_S,6,15,true,0,0,0,
mv_11_5_9_to_12_6_8_S,6,15,true,0,0,0,
mv_11_5_9_to_13_6_7_S,6,15,true,0,0,0,
mv_11_5_9_to_9_5_8_S,3,2964,true,0,0,0,
mv_12_3_1_to_10_2_3_S,2,4161,true,0,0,0,
mv_12_3_1_to_11_3_1_S,2,4159,true,0,0,0,
mv_12_3_1_to_12_1_2_S,2,4159,true,0,0,0,
mv_12_3_1_to_12_5_1_S,5,2915,true,0,0,0,
mv_12_3_1_to_13_4_1_S,5,3485,true,0,0,0,
mv_12_4_1_to_10_2_1_S,5,3491,true,0,0,0,
mv_12_4_1_to_11_4_0_S,5,3491,true,0,0,0,
mv_12_4_1_to_12_2_2_S,2,4159,true,0,0,0,
mv_12_4_1_to_12_5_3_S,5,4075,true,0,0,0,
mv_12_4_1_to_14_2_2_S,5,4090,true,0,0,0,
mv_12_4_2_to_10_4_1_S,3,4121,true,0,0,0,
mv_12_4_2_to_11_4_0_S,3,4121,true,0,0,0,
mv_12_4_2_to_12_2_1_S,3,4121,true,0,0,0,
mv_12_4_2_to_12_3_3_S,2,4159,true,0,0,0,
mv_12_4_2_to_12_5_4_S,3,4121,true,0,0,0,
mv_12_4_2_to_13_4_4_S,3,4121,true,0,0,0,
mv_12_4_3_to_10_2_3_S,2,4161,true,0,0,0,
mv_12_4_3_to_10_6_5_S,2,2972,true,0,0,0,
mv_12_4_3_to_11_4_2_S,2,4159,true,0,0,0,
mv_12_4_3_to_12_2_1_S,2,2954,true,0,0,0,
mv_12_4_3_to_12_3_4_S,2,2953,true,0,0,0,
mv_12_4_3_to_13_3_2_S,2,4129,true,0,0,0,
mv_12_4_3_to_14_2_2_S,2,2953,true,0,0,0,
mv_12_4_4_to_10_3_6_S,2,3541,true,0,0,0,
mv_12_4_4_to_10_6_6_S,2,3560,true,0,0,0,
mv_12_4_4_to_11_4_3_S,2,4159,true,0,0,0,
mv_12_4_4_to_12_2_3_S,2,4159,true,0,0,0,
mv_12_4_4_to_12_5_3_S,2,3541,true,0,0,0,
mv_12_4_4_to_13_4_3_S,2,3542,true,0,0,0,
mv_12_4_4_to_14_3_4_S,2,3541,true,0,0,0,
mv_12_5_7_to_10_6_6_R,3,3555,true,0,0,0,
mv_12_5_7_to_11_6_9_R,5,2925,true,0,0,0,
mv_12_5_7_to_13_6_7_R,5,2925,true,0,0,0,
mv_12_5_8_to_10_4_10_R,3,3554,true,0,0,0,
mv_12_5_8_to_11_3_7_R,3,3554,true,0,0,0,
mv_12_5_8_to_12_5_6_R,3,3554,true,0,0,0,
mv_12_5_8_to_13_6_9_R,3,3554,true,0,0,0,
mv_13_4_7_to_11_3_7_H,5,2925,true,0,0,0,
mv_13_4_7_to_11_5_7_H,3,3555,true,0,0,0,
mv_13_4_7_to_12_5_6_H,6,2916,true,0,0,0,
mv_13_4_7_to_13_5_6_H,5,3505,true,0,0,0,
mv_13_4_7_to_14_5_7_H,5,2925,true,0,0,0,
mv_13_4_8_to_11_3_8_H,5,2925,true,0,0,0,
mv_13_4_8_to_11_5_7_H,3,3555,true,0,0,0,
mv_13_4_8_to_12_6_7_H,6,23,true,0,0,0,
mv_13_4_8_to_13_5_10_H,5,2925,true,0,0,0,
mv_13_4_8_to_14_4_7_H,5,2925,true,0,0,0,
mv_13_5_7_to_11_3_7_H,6,3508,true,0,0,0,
mv_13_5_7_to_11_5_7_H,3,3555,true,0,0,0,
mv_13_5_7_to_12_5_6_H,5,5271,true,0,0,0,
mv_13_5_7_to_13_4_6_H,6,3508,true,0,0,0,
mv_13_5_7_to_14_4_8_H,6,3508,true,0,0,0,
mv_13_5_8_to_11_3_8_H,3,3554,true,0,0,0,
mv_13_5_8_to_11_5_7_H,3,3554,true,0,0,0,
mv_13_5_8_to_12_6_7_H,3,3554,true,0,0,0,
mv_13_5_8_to_13_4_9_H,3,3554,true,0,0,0,
mv_13_5_8_to_14_4_7_H,3,3554,true,0,0,0,
mv_13_5_9_to_11_3_8_H,5,2925,true,0,0,0,
mv_13_5_9_to_11_6_9_H,5,2925,true,0,0,0,
mv_13_5_9_to_13_3_8_H,5,2925,true,0,0,0,
mv_13_5_9_to_14_4_8_H,5,2925,true,0,0,0,
mv_14_3_2_to_12_2_4_R,2,4159,true,0,0,0,
mv_14_3_2_to_13_4_1_R,2,5930,true,0,0,0,
mv_14_3_2_to_15_3_4_R,5,2925,true,0,0,0,
mv_14_3_3_to_12_1_2_R,2,4159,true,0,0,0,
mv_14_3_3_to_12_5_3_R,6,4045,true,0,0,0,
mv_14_3_3_to_15_2_3_R,6,4045,true,0,0,0,
mv_14_3_3_to_16_4_3_R,6,4045,true,0,0,0,
mv_15_3_1_to_13_4_3_S,3,5313,true,0,0,0,
mv_15_3_1_to_15_4_1_S,8,4011,true,0,0,0,
mv_15_3_1_to_16_4_2_S,8,4011,true,0,0,0,
mv_15_3_2_to_13_4_2_S,2,5930,true,0,0,0,
mv_15_3_2_to_14_3_4_S,3,5313,true,0,0,0,
mv_15_3_2_to_15_4_1_S,3,5313,true,0,0,0,
mv_15_3_2_to_16_3_3_S,3,5313,true,0,0,0,
mv_15_3_3_to_13_4_1_S,5,4095,true,0,0,0,
mv_15_3_3_to_14_2_3_S,5,3508,true,0,0,0,
mv_15_3_3_to_15_4_4_S,5,4095,true,0,0,0,
mv_15_3_3_to_16_4_2_S,5,4095,true,0,0,0,
mv_15_4_2_to_13_4_2_S,2,5930,true,0,0,0,
mv_15_4_2_to_14_3_4_S,6,5774,true,0,0,0,
mv_15_4_2_to_15_3_4_S,6,4044,true,0,0,0,
mv_15_4_2_to_16_3_2_S,6,4044,true,0,0,0,
mv_15_4_3_to_13_4_1_S,3,5313,true,0,0,0,
mv_15_4_3_to_14_2_3_S,6,2903,true,0,0,0,
mv_15_4_3_to_15_3_4_S,6,4044,true,0,0,0,
mv_15_4_3_to_16_3_3_S,6,4044,true,0,0,0,
mv_2_5_4_to_3_4_6_S,0,1,true,0,0,0,
mv_2_5_4_to_4_3_5_S,0,1776,true,0,0,0,
mv_2_5_4_to_4_6_4_S,0,3566,true,0,0,0,
mv_3_3_7_to_3_2_5_S,1,0,true,0,0,0,
mv_3_3_7_to_3_5_7_S,1,0,true,0,0,0,
mv_3_3_7_to_4_3_5_S,1,0,true,0,0,0,
mv_3_3_7_to_4_5_6_S,1,2379,true,0,0,0,
mv_3_3_7_to_5_2_9_S,1,0,true,0,0,0,
mv_3_3_7_to_5_4_6_S,1,3584,true,0,0,0,
mv_3_4_7_to_2_6_6_S,0,0,true,0,0,0,
mv_3_4_7_to_3_3_6_S,1,0,true,0,0,0,
mv_3_4_7_to_4_3_7_S,4,4120,true,0,0,0,
mv_3_4_7_to_4_5_8_S,1,0,true,0,0,0,
mv_3_4_7_to_5_3_9_S,1,0,true,0,0,0,
mv_3_4_7_to_5_6_8_S,1,0,true,0,0,0,
mv_3_5_4_to_2_6_6_S,0,0,true,0,0,0,
mv_3_5_4_to_4_3_5_S,0,1776,true,0,0,0,
mv_3_5_4_to_4_6_4_S,0,3566,true,0,0,0,
mv_3_5_4_to_5_4_4_S,0,0,true,0,0,0,
mv_3_5_4_to_5_7_6_S,0,0,true,0,0,0,
mv_3_6_6_to_3_4_4_S,0,2392,true,0,0,0,
mv_3_6_6_to_3_6_5_S,1,0,true,0,0,0,
mv_3_6_6_to_4_5_8_S,1,0,true,0,0,0,
mv_3_6_6_to_5_4_4_S,0,2392,true,0,0,0,
mv_3_6_6_to_5_6_8_S,1,0,true,0,0,0,
mv_4_2_5_to_2_4_7_S,2,1182,true,0,0,0,
mv_4_2_5_to_3_4_6_S,2,1182,true,0,0,0,
mv_4_2_5_to_5_1_4_S,2,0,true,0,0,0,
mv_4_2_5_to_5_3_5_S,2,1160,true,0,0,0,
mv_4_2_5_to_6_0_3_S,2,0,true,0,0,0,
mv_4_2_5_to_6_2_4_S,2,2968,true,0,0,0,
mv_4_2_5_to_6_4_5_S,2,0,true,0,0,0,
mv_4_2_6_to_3_2_8_R,1,1176,true,0,0,0,
mv_4_2_6_to_4_4_4_R,0,2976,true,0,0,0,
mv_4_2_6_to_5_4_4_R,0,2976,true,0,0,0,
mv_4_2_6_to_6_2_8_R,3,2370,true,0,0,0,
mv_4_2_8_to_3_3_6_R,2,2964,true,0,0,0,
mv_4_2_8_to_5_1_8_R,6,2330,true,0,0,0,
mv_4_2_8_to_6_3_6_R,6,2330,true,0,0,0,
mv_4_4_7_to_2_6_6_H,0,2379,true,0,0,0,
mv_4_4_7_to_3_3_6_H,1,0,true,0,0,0,
mv_4_4_7_to_4_2_9_H,1,0,true,0,0,0,
mv_4_4_7_to_4_5_8_H,1,0,true,0,0,0,
mv_4_4_7_to_5_3_9_H,1,0,true,0,0,0,
mv_4_4_7_to_5_6_8_H,1,0,true,0,0,0,
mv_4_4_7_to_6_3_6_H,1,0,true,0,0,0,
mv_4_4_7_to_6_5_5_H,1,2379,true,0,0,0,
mv_4_5_4_to_2_5_3_H,0,0,true,0,0,0,
mv_4_5_4_to_3_4_6_H,0,0,true,0,0,0,
mv_4_5_4_to_4_3_5_H,0,0,true,0,0,0,
mv_4_5_4_to_4_7_6_H,0,1,true,0,0,0,
mv_4_5_4_to_5_4_6_H,0,0,true,0,0,0,
mv_4_5_4_to_6_3_6_H,0,1776,true,0,0,0,
mv_4_5_4_to_6_6_3_H,0,1,true,0,0,0,
mv_4_5_4_to_6_7_5_H,0,1,true,0,0,0,
mv_4_5_7_to_3_6_5_R,1,1783,true,0,0,0,
mv_4_5_7_to_4_7_6_R,1,2379,true,0,0,0,
mv_4_5_7_to_5_7_7_R,1,2368,true,0,0,0,
mv_4_5_7_to_6_7_5_R,1,2379,true,0,0,0,
mv_4_6_5_to_3_5_7_R,2,1181,true,0,0,0,
mv_4_6_5_to_4_7_6_R,2,2352,true,0,0,0,
mv_4_6_5_to_6_4_7_R,2,1181,true,0,0,0,
mv_4_6_5_to_6_7_7_R,2,1181,true,0,0,0,
mv_4_6_6_to_2_6_6_S,0,0,true,0,0,0,
mv_4_6_6_to_3_6_4_S,0,2392,true,0,0,0,
mv_4_6_6_to_4_4_8_S,1,0,true,0,0,0,
mv_4_6_6_to_4_7_5_S,1,0,true,0,0,0,
mv_4_6_6_to_5_5_8_S,1,0,true,0,0,0,
mv_4_6_6_to_6_4_6_S,1,598,true,0,0,0,
mv_4_6_6_to_6_6_6_S,1,2379,true,0,0,0,
mv_4_6_6_to_6_8_6_S,1,0,true,0,0,0,
mv_5_2_5_to_3_4_4_S,0,1200,true,0,0,0,
mv_5_2_5_to_4_3_7_S,2,1182,true,0,0,0,
mv_5_2_5_to_5_1_7_S,2,0,true,0,0,0,
mv_5_2_5_to_5_4_5_S,2,0,true,0,0,0,
mv_5_2_5_to_6_1_3_S,2,0,true,0,0,0,
mv_5_2_5_to_6_3_6_S,2,0,true,0,0,0,
mv_5_2_5_to_7_1_6_S,2,1746,true,0,0,0,
mv_5_2_6_to_3_2_6_S,1,586,true,0,0,0,
mv_5_2_6_to_3_4_6_S,2,586,true,0,0,0,
mv_5_2_6_to_4_3_5_S,2,586,true,0,0,0,
mv_5_2_6_to_4_4_8_S,2,1776,true,0,0,0,
mv_5_2_6_to_5_3_5_S,3,586,true,0,0,0,
mv_5_2_6_to_5_4_8_S,1,2984,true,0,0,0,
mv_5_2_6_to_6_2_7_S,2,586,true,0,0,0,
mv_5_2_6_to_6_4_6_S,1,2384,true,0,0,0,
mv_5_2_6_to_7_3_5_S,0,1200,true,0,0,0,
mv_5_2_7_to_3_2_8_S,1,3,true,0,0,0,
mv_5_2_7_to_4_1_6_S,2,3,true,0,0,0,
mv_5_2_7_to_4_3_8_S,1,2384,true,0,0,0,
mv_5_2_7_to_5_2_9_S,2,590,true,0,0,0,
mv_5_2_7_to_5_4_6_S,1,2984,true,0,0,0,
mv_5_2_7_to_6_2_8_S,2,590,true,0,0,0,
mv_5_2_7_to_6_4_7_S,2,590,true,0,0,0,
mv_5_2_7_to_7_4_5_S,0,2384,true,0,0,0,
mv_5_2_8_to_3_4_6_S,2,2344,true,0,0,0,
mv_5_2_8_to_4_3_7_S,2,1186,true,0,0,0,
mv_5_2_8_to_5_1_7_S,2,579,true,0,0,0,
mv_5_2_8_to_6_0_6_S,2,579,true,0,0,0,
mv_5_2_8_to_6_4_6_S,1,2982,true,0,0,0,
mv_5_3_6_to_3_2_6_S,1,3,true,0,0,0,
mv_5_3_6_to_3_4_6_S,2,1784,true,0,0,0,
mv_5_3_6_to_4_1_8_S,2,3,true,0,0,0,
mv_5_3_6_to_4_4_6_S,2,1784,true,0,0,0,
mv_5_3_6_to_5_1_6_S,3,3,true,0,0,0,
mv_5_3_6_to_5_3_7_S,1,2984,true,0,0,0,
mv_5_3_6_to_5_5_8_S,2,1784,true,0,0,0,
mv_5_3_6_to_6_2_8_S,3,3,true,0,0,0,
mv_5_3_6_to_6_5_5_S,0,1201,true,0,0,0,
mv_5_3_6_to_7_4_5_S,0,2976,true,0,0,0,
mv_5_3_8_to_3_2_6_S,1,4,true,0,0,0,
mv_5_3_8_to_3_4_8_S,3,2355,true,0,0,0,
mv_5_3_8_to_4_3_7_S,3,2355,true,0,0,0,
mv_5_3_8_to_4_5_8_S,2,4,true,0,0,0,
mv_5_3_8_to_5_3_7_S,1,3584,true,0,0,0,
mv_5_3_8_to_6_2_7_S,6,4,true,0,0,0,
mv_5_3_8_to_6_5_7_S,3,2355,true,0,0,0,
mv_5_4_7_to_3_2_5_S,1,0,true,0,0,0,
mv_5_4_7_to_3_4_6_S,1,0,true,0,0,0,
mv_5_4_7_to_4_3_5_S,1,0,true,0,0,0,
mv_5_4_7_to_4_5_6_S,1,2379,true,0,0,0,
mv_5_4_7_to_5_3_7_S,1,0,true,0,0,0,
mv_5_4_7_to_5_5_8_S,1,0,true,0,0,0,
mv_5_4_7_to_6_2_8_S,1,0,true,0,0,0,
mv_5_4_7_to_6_5_5_S,0,2393,true,0,0,0,
mv_5_4_7_to_7_3_5_S,0,2392,true,0,0,0,
mv_5_4_7_to_7_5_8_S,1,0,true,0,0,0,
mv_5_5_4_to_3_5_3_S,0,0,true,0,0,0,
mv_5_5_4_to_4_4_4_S,0,0,true,0,0,0,
mv_5_5_4_to_4_7_5_S,0,0,true,0,0,0,
mv_5_5_4_to_5_4_5_S,0,0,true,0,0,0,
mv_5_5_4_to_6_3_6_S,0,1776,true,0,0,0,
mv_5_5_4_to_6_6_3_S,0,1,true,0,0,0,
mv_5_5_4_to_6_7_5_S,0,1,true,0,0,0,
mv_5_5_4_to_7_5_3_S,0,4187,true,0,0,0,
mv_5_5_4_to_7_7_2_S,0,0,true,0,0,0,
mv_5_5_5_to_3_5_7_S,3,1181,true,0,0,0,
mv_5_5_5_to_4_3_7_S,3,1181,true,0,0,0,
mv_5_5_5_to_4_6_4_S,0,4168,true,0,0,0,
mv_5_5_5_to_5_3_5_S,3,2956,true,0,0,0,
mv_5_5_5_to_5_7_3_S,3,2352,true,0,0,0,
mv_5_5_5_to_6_4_6_S,1,2388,true,0,0,0,
mv_5_5_5_to_6_6_3_S,1,1783,true,0,0,0,
mv_5_5_5_to_6_7_5_S,1,1783,true,0,0,0,
mv_5_5_5_to_7_5_5_S,0,2988,true,0,0,0,
mv_5_5_5_to_7_7_7_S,3,2362,true,0,0,0,
mv_5_5_6_to_3_5_7_S,3,2933,true,0,0,0,
mv_5_5_6_to_4_3_7_S,2,2956,true,0,0,0,
mv_5_5_6_to_4_5_6_S,1,2379,true,0,0,0,
mv_5_5_6_to_4_7_6_S,2,2933,true,0,0,0,
mv_5_5_6_to_5_4_6_S,1,2986,true,0,0,0,
mv_5_5_6_to_5_7_7_S,3,2933,true,0,0,0,
mv_5_5_6_to_6_4_7_S,3,2933,true,0,0,0,
mv_5_5_6_to_6_6_7_S,3,2933,true,0,0,0,
mv_5_5_6_to_7_4_5_S,0,2392,true,0,0,0,
mv_5_5_6_to_7_6_4_S,0,4186,true,0,0,0,
mv_5_5_7_to_3_4_8_S,1,0,true,0,0,0,
mv_5_5_7_to_4_3_7_S,1,0,true,0,0,0,
mv_5_5_7_to_4_5_8_S,1,0,true,0,0,0,
mv_5_5_7_to_5_3_7_S,1,1200,true,0,0,0,
mv_5_5_7_to_5_6_8_S,1,0,true,0,0,0,
mv_5_5_7_to_6_4_5_S,1,0,true,0,0,0,
mv_5_5_7_to_6_6_6_S,1,2379,true,0,0,0,
mv_5_5_7_to_7_4_5_S,0,2392,true,0,0,0,
mv_5_5_7_to_7_6_7_S,1,0,true,0,0,0,
mv_5_6_4_to_3_6_4_S,0,2393,true,0,0,0,
mv_5_6_4_to_4_5_3_S,0,2393,true,0,0,0,
mv_5_6_4_to_5_4_4_S,0,2393,true,0,0,0,
mv_5_6_4_to_5_7_6_S,3,1181,true,0,0,0,
mv_5_6_4_to_6_6_3_S,3,1181,true,0,0,0,
mv_5_6_4_to_6_7_5_S,1,1783,true,0,0,0,
mv_5_6_4_to_7_5_3_S,0,2991,true,0,0,0,
mv_5_6_4_to_7_7_2_S,3,1181,true,0,0,0,
mv_5_6_5_to_3_4_4_S,0,2392,true,0,0,0,
mv_5_6_5_to_3_6_5_S,1,2,true,0,0,0,
mv_5_6_5_to_4_5_6_S,1,2,true,0,0,0,
mv_5_6_5_to_5_4_4_S,0,2392,true,0,0,0,
mv_5_6_5_to_5_7_6_S,1,2,true,0,0,0,
mv_5_6_5_to_6_5_3_S,0,2392,true,0,0,0,
mv_5_6_5_to_6_6_6_S,1,2,true,0,0,0,
mv_5_6_5_to_6_8_3_S,1,2,true,0,0,0,
mv_5_6_5_to_7_5_6_S,1,2,true,0,0,0,
mv_5_6_5_to_7_8_3_S,1,2,true,0,0,0,
mv_5_6_6_to_3_4_6_S,1,0,true,0,0,0,
mv_5_6_6_to_3_7_6_S,1,0,true,0,0,0,
mv_5_6_6_to_4_5_8_S,1,0,true,0,0,0,
mv_5_6_6_to_5_4_4_S,0,2392,true,0,0,0,
mv_5_6_6_to_5_6_8_S,1,0,true,0,0,0,
mv_5_6_6_to_6_4_7_S,1,0,true,0,0,0,
mv_5_6_6_to_6_6_7_S,1,0,true,0,0,0,
mv_5_6_6_to_7_4_5_S,0,2392,true,0,0,0,
mv_5_6_6_to_7_6_4_S,0,4186,true,0,0,0,
mv_5_6_6_to_7_8_6_S,1,0,true,0,0,0,
mv_5_6_7_to_3_7_6_S,1,0,true,0,0,0,
mv_5_6_7_to_4_6_7_S,1,2379,true,0,0,0,
mv_5_6_7_to_5_4_8_S,1,2986,true,0,0,0,
mv_5_6_7_to_6_4_7_S,3,0,true,0,0,0,
mv_5_6_7_to_6_7_7_S,3,0,true,0,0,0,
mv_5_6_7_to_7_5_7_S,3,0,true,0,0,0,
mv_5_6_7_to_7_8_6_S,3,0,true,0,0,0,
mv_6_1_4_to_6_2_3_R,3,2952,true,0,0,0,
mv_6_1_4_to_7_2_2_R,3,2952,true,0,0,0,
mv_6_1_4_to_8_1_5_R,1,4174,true,0,0,0,
mv_6_3_3_to_4_5_3_H,2,0,true,0,0,0,
mv_6_3_3_to_5_4_5_H,1,1194,true,0,0,0,
mv_6_3_3_to_6_2_5_H,3,2968,true,0,0,0,
mv_6_3_3_to_7_2_5_H,3,2968,true,0,0,0,
mv_6_3_3_to_7_5_3_H,3,0,true,0,0,0,
mv_6_3_3_to_8_3_4_H,0,1200,true,0,0,0,
mv_6_4_4_to_4_4_6_R,0,1193,true,0,0,0,
mv_6_4_4_to_5_5_3_R,0,2968,true,0,0,0,
mv_6_4_4_to_6_6_3_R,0,1193,true,0,0,0,
mv_6_4_4_to_7_5_5_R,0,1192,true,0,0,0,
mv_6_4_4_to_8_6_5_R,0,1192,true,0,0,0,
mv_6_5_4_to_4_5_6_H,0,1,true,0,0,0,
mv_6_5_4_to_5_3_5_H,0,0,true,0,0,0,
mv_6_5_4_to_5_7_3_H,0,0,true,0,0,0,
mv_6_5_4_to_6_4_6_H,0,0,true,0,0,0,
mv_6_5_4_to_6_7_2_H,0,0,true,0,0,0,
mv_6_5_4_to_7_4_2_H,0,0,true,0,0,0,
mv_6_5_4_to_7_6_2_H,0,0,true,0,0,0,
mv_6_5_4_to_8_4_3_H,0,0,true,0,0,0,
mv_6_5_4_to_8_6_6_H,0,2990,true,0,0,0,
mv_6_5_6_to_4_3_5_H,2,3526,true,0,0,0,
mv_6_5_6_to_4_4_8_H,2,3526,true,0,0,0,
mv_6_5_6_to_4_7_5_H,2,3526,true,0,0,0,
mv_6_5_6_to_5_4_5_H,1,2379,true,0,0,0,
mv_6_5_6_to_5_7_6_H,1,2379,true,0,0,0,
mv_6_5_6_to_6_4_7_H,3,2354,true,0,0,0,
mv_6_5_6_to_6_6_7_H,1,3564,true,0,0,0,
mv_6_5_6_to_7_4_5_H,4,3526,true,0,0,0,
mv_6_5_6_to_7_6_7_H,3,2354,true,0,0,0,
mv_6_5_6_to_8_6_5_H,4,4709,true,0,0,0,
mv_6_5_6_to_8_7_6_H,4,3527,true,0,0,0,
mv_6_7_3_to_6_7_4_R,1,2379,true,0,0,0,
mv_6_7_3_to_8_5_4_R,0,2393,true,0,0,0,
mv_6_7_6_to_4_7_5_R,2,2919,true,0,0,0,
mv_6_7_6_to_6_6_7_R,3,2354,true,0,0,0,
mv_6_7_6_to_7_8_4_R,4,2919,true,0,0,0,
mv_7_0_3_to_5_1_4_R,2,1180,true,0,0,0,
mv_7_0_3_to_8_-1_4_R,2,2965,true,0,0,0,
mv_7_0_3_to_9_2_2_R,2,2371,true,0,0,0,
mv_7_0_6_to_6_2_7_R,3,4125,true,0,0,0,
mv_7_0_6_to_9_0_4_R,3,4117,true,0,0,0,
mv_7_1_4_to_5_3_3_H,3,0,true,0,0,0,
mv_7_1_4_to_6_1_3_H,3,0,true,0,0,0,
mv_7_1_4_to_6_3_2_H,3,0,true,0,0,0,
mv_7_1_4_to_7_1_6_H,3,0,true,0,0,0,
mv_7_1_4_to_8_-1_3_H,3,0,true,0,0,0,
mv_7_1_4_to_8_1_2_H,3,0,true,0,0,0,
mv_7_1_4_to_9_0_3_H,1,5366,true,0,0,0,
mv_7_1_4_to_9_1_4_H,1,5366,true,0,0,0,
mv_7_1_5_to_5_1_6_H,3,2952,true,0,0,0,
mv_7_1_5_to_5_3_7_H,3,1182,true,0,0,0,
mv_7_1_5_to_6_2_3_H,3,2952,true,0,0,0,
mv_7_1_5_to_6_3_6_H,3,2952,true,0,0,0,
mv_7_1_5_to_7_2_5_H,3,2968,true,0,0,0,
mv_7_1_5_to_8_-1_6_H,3,2952,true,0,0,0,
mv_7_1_5_to_8_3_4_H,0,3572,true,0,0,0,
mv_7_1_5_to_9_1_3_H,1,4770,true,0,0,0,
mv_7_2_3_to_5_3_3_H,3,0,true,0,0,0,
mv_7_2_3_to_6_0_4_H,3,0,true,0,0,0,
mv_7_2_3_to_6_3_2_H,3,0,true,0,0,0,
mv_7_2_3_to_7_3_5_H,3,0,true,0,0,0,
mv_7_2_3_to_8_1_5_H,3,0,true,0,0,0,
mv_7_2_3_to_9_0_3_H,1,5366,true,0,0,0,
mv_7_2_3_to_9_2_2_H,3,0,true,0,0,0,
mv_7_2_4_to_5_2_4_H,3,2968,true,0,0,0,
mv_7_2_4_to_5_4_6_H,3,2952,true,0,0,0,
mv_7_2_4_to_6_2_3_H,3,2952,true,0,0,0,
mv_7_2_4_to_6_3_6_H,3,2952,true,0,0,0,
mv_7_2_4_to_7_2_2_H,3,2952,true,0,0,0,
mv_7_2_4_to_7_4_5_H,3,1777,true,0,0,0,
mv_7_2_4_to_8_3_3_H,3,2952,true,0,0,0,
mv_7_2_4_to_9_0_4_H,1,4770,true,0,0,0,
mv_7_2_4_to_9_2_2_H,3,2952,true,0,0,0,
mv_7_3_3_to_5_2_4_H,3,2968,true,0,0,0,
mv_7_3_3_to_5_5_3_H,3,0,true,0,0,0,
mv_7_3_3_to_6_3_2_H,3,0,true,0,0,0,
mv_7_3_3_to_7_2_5_H,3,2968,true,0,0,0,
mv_7_3_3_to_7_5_5_H,3,1,true,0,0,0,
mv_7_3_3_to_8_4_4_H,0,1200,true,0,0,0,
mv_7_3_3_to_9_3_2_H,3,0,true,0,0,0,
mv_7_3_4_to_5_2_4_H,1,1787,true,0,0,0,
mv_7_3_4_to_5_4_6_H,2,0,true,0,0,0,
mv_7_3_4_to_6_2_5_H,1,1787,true,0,0,0,
mv_7_3_4_to_6_4_6_H,2,0,true,0,0,0,
mv_7_3_4_to_7_2_5_H,1,1787,true,0,0,0,
mv_7_3_4_to_7_5_5_H,2,0,true,0,0,0,
mv_7_3_4_to_8_3_3_H,2,0,true,0,0,0,
mv_7_3_4_to_9_1_4_H,1,4768,true,0,0,0,
mv_7_3_4_to_9_5_5_H,2,0,true,0,0,0,
mv_7_4_3_to_5_4_4_H,2,3,true,0,0,0,
mv_7_4_3_to_6_2_5_H,1,1787,true,0,0,0,
mv_7_4_3_to_6_6_3_H,1,1187,true,0,0,0,
mv_7_4_3_to_7_3_5_H,2,3,true,0,0,0,
mv_7_4_3_to_7_6_4_H,2,3,true,0,0,0,
mv_7_4_3_to_8_6_3_H,2,3,true,0,0,0,
mv_7_4_3_to_9_5_5_H,2,3,true,0,0,0,
mv_7_4_4_to_5_4_4_H,0,0,true,0,0,0,
mv_7_4_4_to_6_2_4_H,0,1787,true,0,0,0,
mv_7_4_4_to_6_4_5_H,0,0,true,0,0,0,
mv_7_4_4_to_6_6_4_H,0,1,true,0,0,0,
mv_7_4_4_to_7_3_5_H,0,0,true,0,0,0,
mv_7_4_4_to_7_6_2_H,0,0,true,0,0,0,
mv_7_4_4_to_8_5_4_H,0,0,true,0,0,0,
mv_7_4_4_to_9_3_2_H,0,0,true,0,0,0,
mv_7_4_4_to_9_6_4_H,0,0,true,0,0,0,
mv_7_5_4_to_5_4_6_H,0,0,true,0,0,0,
mv_7_5_4_to_6_3_6_H,0,1776,true,0,0,0,
mv_7_5_4_to_6_6_3_H,0,1,true,0,0,0,
mv_7_5_4_to_6_7_5_H,0,1,true,0,0,0,
mv_7_5_4_to_7_5_3_H,0,0,true,0,0,0,
mv_7_5_4_to_8_3_3_H,0,1765,true,0,0,0,
mv_7_5_4_to_8_6_5_H,0,1184,true,0,0,0,
mv_7_5_4_to_8_7_6_H,0,1,true,0,0,0,
mv_7_5_4_to_9_5_6_H,0,1783,true,0,0,0,
mv_7_6_3_to_5_4_5_H,1,2379,true,0,0,0,
mv_7_6_3_to_6_5_5_H,1,2379,true,0,0,0,
mv_7_6_3_to_6_7_5_H,1,2379,true,0,0,0,
mv_7_6_3_to_7_5_5_H,3,2944,true,0,0,0,
mv_7_6_3_to_7_8_5_H,4,2920,true,0,0,0,
mv_7_6_3_to_8_7_3_H,4,2920,true,0,0,0,
mv_7_6_3_to_9_7_5_H,4,2920,true,0,0,0,
mv_7_7_3_to_6_6_3_H,1,2379,true,0,0,0,
mv_7_7_3_to_6_8_3_H,3,2353,true,0,0,0,
mv_7_7_3_to_7_8_4_H,3,2353,true,0,0,0,
mv_7_7_3_to_8_7_4_H,3,2353,true,0,0,0,
mv_7_7_4_to_5_5_3_H,3,2353,true,0,0,0,
mv_7_7_4_to_6_6_3_H,1,2379,true,0,0,0,
mv_7_7_4_to_6_7_5_H,1,2379,true,0,0,0,
mv_7_7_4_to_7_5_6_H,3,595,true,0,0,0,
mv_7_7_4_to_7_8_5_H,3,2353,true,0,0,0,
mv_7_7_4_to_8_6_6_H,2,4162,true,0,0,0,
mv_7_7_4_to_9_5_6_H,3,1776,true,0,0,0,
mv_7_7_5_to_5_7_3_H,2,2369,true,0,0,0,
mv_7_7_5_to_6_5_7_H,2,2964,true,0,0,0,
mv_7_7_5_to_6_7_4_H,1,2379,true,0,0,0,
mv_7_7_5_to_7_5_3_H,2,2369,true,0,0,0,
mv_7_7_5_to_7_6_7_H,2,2964,true,0,0,0,
mv_7_7_5_to_8_5_4_H,0,2393,true,0,0,0,
mv_7_7_5_to_8_7_4_H,2,2369,true,0,0,0,
mv_7_7_5_to_9_7_5_H,2,2369,true,0,0,0,
mv_7_7_6_to_5_7_6_H,1,2379,true,0,0,0,
mv_7_7_6_to_6_6_6_H,1,2379,true,0,0,0,
mv_7_7_6_to_6_8_6_H,3,2354,true,0,0,0,
mv_7_7_6_to_7_6_4_H,3,1773,true,0,0,0,
mv_7_7_6_to_8_6_5_H,3,2354,true,0,0,0,
mv_7_7_6_to_9_5_5_H,3,2354,true,0,0,0,
mv_7_7_6_to_9_7_5_H,3,2354,true,0,0,0,
mv_8_0_3_to_10_2_1_H,3,4093,true,0,0,0,
mv_8_0_3_to_6_1_3_H,3,4093,true,0,0,0,
mv_8_0_3_to_7_0_2_H,3,4093,true,0,0,0,
mv_8_0_3_to_8_1_2_H,3,4093,true,0,0,0,
mv_8_0_3_to_9_1_4_H,3,4093,true,0,0,0,
mv_8_0_4_to_6_0_3_H,2,2948,true,0,0,0,
mv_8_0_4_to_6_2_4_H,2,1788,true,0,0,0,
mv_8_0_4_to_7_0_2_H,2,2948,true,0,0,0,
mv_8_0_4_to_8_-1_5_H,2,2948,true,0,0,0,
mv_8_0_4_to_8_1_6_H,2,2948,true,0,0,0,
mv_8_0_4_to_9_1_4_H,2,2948,true,0,0,0,
mv_8_0_5_to_6_0_4_H,3,4094,true,0,0,0,
mv_8_0_5_to_6_2_5_H,3,2968,true,0,0,0,
mv_8_0_5_to_7_0_7_H,3,4094,true,0,0,0,
mv_8_0_5_to_8_-1_6_H,3,4094,true,0,0,0,
mv_8_0_5_to_9_0_4_H,3,4094,true,0,0,0,
mv_8_0_6_to_6_0_4_H,3,4102,true,0,0,0,
mv_8_0_6_to_6_2_7_H,3,4125,true,0,0,0,
mv_8_0_6_to_7_2_5_H,3,2968,true,0,0,0,
mv_8_0_6_to_9_0_5_H,3,4102,true,0,0,0,
mv_8_1_3_to_10_2_4_H,3,3546,true,0,0,0,
mv_8_1_3_to_6_2_4_H,3,2968,true,0,0,0,
mv_8_1_3_to_7_2_2_H,3,4144,true,0,0,0,
mv_8_1_3_to_8_-1_4_H,3,3546,true,0,0,0,
mv_8_1_3_to_8_3_4_H,0,4168,true,0,0,0,
mv_8_1_3_to_9_2_2_H,3,3546,true,0,0,0,
mv_8_1_4_to_10_2_4_H,1,3566,true,0,0,0,
mv_8_1_4_to_6_1_3_H,1,3566,true,0,0,0,
mv_8_1_4_to_6_3_2_H,1,3566,true,0,0,0,
mv_8_1_4_to_7_1_6_H,1,3566,true,0,0,0,
mv_8_1_4_to_8_-1_3_H,1,3566,true,0,0,0,
mv_8_1_4_to_8_1_2_H,1,3566,true,0,0,0,
mv_8_1_4_to_9_0_3_H,1,3566,true,0,0,0,
mv_8_1_4_to_9_2_2_H,1,3566,true,0,0,0,
mv_8_5_7_to_10_4_5_H,3,2354,true,0,0,0,
mv_8_5_7_to_10_5_9_H,3,2354,true,0,0,0,
mv_8_5_7_to_6_3_6_H,3,2354,true,0,0,0,
mv_8_5_7_to_6_5_5_H,1,2379,true,0,0,0,
mv_8_5_7_to_6_7_7_H,3,2354,true,0,0,0,
mv_8_5_7_to_7_5_8_H,3,2354,true,0,0,0,
mv_8_5_7_to_8_6_6_H,3,3556,true,0,0,0,
mv_8_5_7_to_9_4_7_H,3,3554,true,0,0,0,
mv_8_5_7_to_9_6_8_H,3,2354,true,0,0,0,
mv_8_5_8_to_10_3_9_H,3,2354,true,0,0,0,
mv_8_5_8_to_10_5_7_H,3,2354,true,0,0,0,
mv_8_5_8_to_6_3_6_H,3,2354,true,0,0,0,
mv_8_5_8_to_6_6_6_H,1,2379,true,0,0,0,
mv_8_5_8_to_7_6_7_H,3,2354,true,0,0,0,
mv_8_5_8_to_9_4_6_H,3,2354,true,0,0,0,
mv_8_5_8_to_9_6_8_H,3,2354,true,0,0,0,
mv_8_6_7_to_10_5_7_R,2,3560,true,0,0,0,
mv_8_6_7_to_6_5_7_R,2,4156,true,0,0,0,
mv_8_6_7_to_7_5_8_R,2,3560,true,0,0,0,
mv_8_6_7_to_9_4_6_R,2,4154,true,0,0,0,
mv_8_6_7_to_9_8_7_R,2,3560,true,0,0,0,
mv_9_5_7_to_10_4_8_S,3,2354,true,0,0,0,
mv_9_5_7_to_10_6_7_S,3,2354,true,0,0,0,
mv_9_5_7_to_11_3_9_S,3,2354,true,0,0,0,
mv_9_5_7_to_7_3_5_S,0,2392,true,0,0,0,
mv_9_5_7_to_7_5_8_S,3,2354,true,0,0,0,
mv_9_5_7_to_8_6_6_S,2,4758,true,0,0,0,
mv_9_5_7_to_9_4_9_S,3,2354,true,0,0,0,
mv_9_5_7_to_9_7_5_S,3,2354,true,0,0,0,
mv_9_6_5_to_10_6_6_R,4,2338,true,0,0,0,
mv_9_6_5_to_7_5_5_R,0,2392,true,0,0,0,
mv_9_6_5_to_8_4_3_R,0,4168,true,0,0,0,
mv_9_6_5_to_9_4_7_R,3,5316,true,0,0,0,
mv_9_6_6_to_10_4_8_H,3,2961,true,0,0,0,
mv_9_6_6_to_10_7_7_H,3,2944,true,0,0,0,
mv_9_6_6_to_7_4_5_H,3,2944,true,0,0,0,
mv_9_6_6_to_7_6_4_H,3,2944,true,0,0,0,
mv_9_6_6_to_7_8_6_H,3,2944,true,0,0,0,
mv_9_6_6_to_8_6_8_H,3,2944,true,0,0,0,
mv_9_6_6_to_9_4_7_H,3,2961,true,0,0,0,
mv_9_6_6_to_9_6_8_H,3,2944,true,0,0,0,
mv_9_6_7_to_10_4_5_H,3,2951,true,0,0,0,
mv_9_6_7_to_10_5_9_H,3,2951,true,0,0,0,
mv_9_6_7_to_11_5_6_H,3,2951,true,0,0,0,
mv_9_6_7_to_7_5_6_H,1,3564,true,0,0,0,
mv_9_6_7_to_7_8_5_H,3,2951,true,0,0,0,
mv_9_6_7_to_8_6_8_H,3,2951,true,0,0,0,
mv_9_6_7_to_9_4_9_H,3,2951,true,0,0,0,
mv_9_6_7_to_9_7_6_H,3,2951,true,0,0,0,
mv_9_7_7_to_10_5_9_H,3,2942,true,0,0,0,
mv_9_7_7_to_11_5_7_H,3,2354,true,0,0,0,
mv_9_7_7_to_7_5_8_H,3,1768,true,0,0,0,
mv_9_7_7_to_8_5_9_H,3,1773,true,0,0,0,
mv_9_7_7_to_8_7_6_H,3,2367,true,0,0,0,
mv_9_7_7_to_9_7_5_H,3,1768,true,0,0,0,
del_11_3_3,3,4098,true,0,0,0,
del_12_4_2,3,4121,true,0,0,0,
del_14_3_2,5,2925,true,0,0,0,
del_3_5_4,0,0,true,0,0,0,
del_5_2_5,2,0,true,0,0,0,
del_5_5_7,1,0,true,0,0,0,
del_6_7_3,3,2353,true,0,0,0,
del_7_4_3,2,3,true,0,0,0,
del_8_0_5,3,4094,true,0,0,0,
del_9_6_7,3,2951,true,0,0,0,
mv_10_2_2_to_11_1_4_R,3,2933,true,0,0,0,
mv_10_2_2_to_12_2_3_R,3,2933,true,0,0,0,
mv_10_2_2_to_8_4_3_R,0,4168,true,0,0,0,
mv_10_3_2_to_10_2_1_H,2,2959,true,0,0,0,
mv_10_3_2_to_11_1_1_H,2,2959,true,0,0,0,
mv_10_3_2_to_11_3_4_H,2,4158,true,0,0,0,
mv_10_3_2_to_11_5_4_H,2,2959,true,0,0,0,
mv_10_3_2_to_12_2_4_H,2,2959,true,0,0,0,
mv_10_3_2_to_12_5_1_H,2,2959,true,0,0,0,
mv_10_3_2_to_8_3_3_H,2,2950,true,0,0,0,
mv_10_3_2_to_9_1_3_H,1,5366,true,0,0,0,
mv_10_3_3_to_10_2_1_H,2,2949,true,0,0,0,
mv_10_3_3_to_10_4_5_H,2,2949,true,0,0,0,
mv_10_3_3_to_11_2_5_H,2,2949,true,0,0,0,
mv_10_3_3_to_11_4_5_H,2,2949,true,0,0,0,
mv_10_3_3_to_12_2_2_H,2,2949,true,0,0,0,
mv_10_3_3_to_12_4_5_H,2,2949,true,0,0,0,
mv_10_3_3_to_8_1_2_H,2,2949,true,0,0,0,
mv_10_3_3_to_8_4_4_H,0,4168,true,0,0,0,
mv_10_3_3_to_9_3_2_H,2,2949,true,0,0,0,
mv_10_4_6_to_10_6_6_R,3,3555,true,0,0,0,
mv_10_4_6_to_11_5_7_R,3,3554,true,0,0,0,
mv_10_4_6_to_8_4_4_R,0,2982,true,0,0,0,
mv_10_4_6_to_9_6_8_R,3,3555,true,0,0,0,
mv_10_4_9_to_11_5_10_R,5,5254,true,0,0,0,
mv_10_4_9_to_9_6_8_R,3,3555,true,0,0,0,
mv_11_1_2_to_11_1_3_S,3,3527,true,0,0,0,
mv_11_1_2_to_12_2_1_S,4,5276,true,0,0,0,
mv_11_1_2_to_12_3_3_S,4,5276,true,0,0,0,
mv_11_1_2_to_9_0_4_S,1,5366,true,0,0,0,
mv_11_1_2_to_9_3_3_S,3,3527,true,0,0,0,
mv_11_2_2_to_10_4_1_S,3,4713,true,0,0,0,
mv_11_2_2_to_11_1_4_S,3,4713,true,0,0,0,
mv_11_2_2_to_11_4_3_S,2,3563,true,0,0,0,
mv_11_2_2_to_12_3_0_S,3,4713,true,0,0,0,
mv_11_2_2_to_13_3_3_S,3,4713,true,0,0,0,
mv_11_2_2_to_9_0_3_S,1,5366,true,0,0,0,
mv_11_2_2_to_9_3_2_S,3,4713,true,0,0,0,
mv_11_2_3_to_10_2_4_S,2,4160,true,0,0,0,
mv_11_2_3_to_11_1_1_S,2,2370,true,0,0,0,
mv_11_2_3_to_11_3_1_S,2,2371,true,0,0,0,
mv_11_2_3_to_12_1_2_S,2,2370,true,0,0,0,
mv_11_2_3_to_12_3_4_S,2,2370,true,0,0,0,
mv_11_2_3_to_13_4_2_S,2,2387,true,0,0,0,
mv_11_2_3_to_9_0_5_S,1,5366,true,0,0,0,
mv_11_2_3_to_9_3_3_S,2,2370,true,0,0,0,
mv_11_2_4_to_11_4_2_R,2,5921,true,0,0,0,
mv_11_2_4_to_13_3_2_R,2,5920,true,0,0,0,
mv_11_2_4_to_9_1_3_R,1,5366,true,0,0,0,
mv_11_3_3_to_10_2_3_H,2,4161,true,0,0,0,
mv_11_3_3_to_11_1_1_H,3,4098,true,0,0,0,
mv_11_3_3_to_11_3_1_H,2,2958,true,0,0,0,
mv_11_3_3_to_11_5_1_H,3,4098,true,0,0,0,
mv_11_3_3_to_12_2_3_H,3,4098,true,0,0,0,
mv_11_3_3_to_12_5_1_H,3,4098,true,0,0,0,
mv_11_3_3_to_13_3_3_H,3,4098,true,0,0,0,
mv_11_3_3_to_9_1_3_H,1,5366,true,0,0,0,
mv_11_3_3_to_9_5_5_H,3,2353,true,0,0,0,
mv_11_4_1_to_12_2_3_R,2,4159,true,0,0,0,
mv_11_4_1_to_13_4_2_R,2,4734,true,0,0,0,
mv_11_4_4_to_10_6_5_R,2,3560,true,0,0,0,
mv_11_4_4_to_12_2_3_R,2,4159,true,0,0,0,
mv_11_4_4_to_13_3_2_R,2,4158,true,0,0,0,
mv_11_4_4_to_9_4_6_R,2,3541,true,0,0,0,
mv_11_4_6_to_10_4_5_H,3,2944,true,0,0,0,
mv_11_4_6_to_10_6_5_H,3,3555,true,0,0,0,
mv_11_4_6_to_11_3_7_H,3,2944,true,0,0,0,
mv_11_4_6_to_12_2_4_H,2,2973,true,0,0,0,
mv_11_4_6_to_12_6_7_H,3,2944,true,0,0,0,
mv_11_4_6_to_13_4_6_H,3,2944,true,0,0,0,
mv_11_4_6_to_9_4_7_H,3,3555,true,0,0,0,
mv_11_4_6_to_9_6_8_H,3,3555,true,0,0,0,
mv_11_4_7_to_10_4_8_H,3,3555,true,0,0,0,
mv_11_4_7_to_10_6_6_H,3,3555,true,0,0,0,
mv_11_4_7_to_11_3_9_H,3,2358,true,0,0,0,
mv_11_4_7_to_12_4_5_H,3,2358,true,0,0,0,
mv_11_4_7_to_12_6_8_H,3,2358,true,0,0,0,
mv_11_4_7_to_13_5_6_H,3,2358,true,0,0,0,
mv_11_4_7_to_9_4_7_H,3,3555,true,0,0,0,
mv_11_4_7_to_9_6_8_H,3,3555,true,0,0,0,
mv_11_4_8_to_10_4_8_H,3,3555,true,0,0,0,
mv_11_4_8_to_10_6_7_H,3,3555,true,0,0,0,
mv_11_4_8_to_11_5_10_H,4,3522,true,0,0,0,
mv_11_4_8_to_12_4_9_H,4,3522,true,0,0,0,
mv_11_4_8_to_13_3_8_H,4,3522,true,0,0,0,
mv_11_4_8_to_13_6_7_H,4,3522,true,0,0,0,
mv_11_4_8_to_9_4_9_H,4,3522,true,0,0,0,
mv_11_4_9_to_10_4_10_H,6,4634,true,0,0,0,
mv_11_4_9_to_10_6_7_H,3,3555,true,0,0,0,
mv_11_4_9_to_11_6_9_H,6,4634,true,0,0,0,
mv_11_4_9_to_13_4_9_H,6,4634,true,0,0,0,
mv_11_4_9_to_9_4_7_H,3,3555,true,0,0,0,
mv_11_5_9_to_10_4_10_H,6,15,true,0,0,0,
mv_11_5_9_to_10_6_7_H,3,3555,true,0,0,0,
mv_11_5_9_to_11_4_10_H,6,15,true,0,0,0,
mv_11_5_9_to_13_3_7_H,6,15,true,0,0,0,
mv_11_5_9_to_13_6_8_H,5,4669,true,0,0,0,
mv_11_5_9_to_9_6_8_H,3,3555,true,0,0,0,
mv_12_3_1_to_10_4_1_H,5,2915,true,0,0,0,
mv_12_3_1_to_11_4_0_H,5,2915,true,0,0,0,
mv_12_3_1_to_12_2_2_H,2,4159,true,0,0,0,
mv_12_3_1_to_12_5_2_H,5,2915,true,0,0,0,
mv_12_3_1_to_13_4_2_H,3,4105,true,0,0,0,
mv_12_4_1_to_10_2_3_H,2,4161,true,0,0,0,
mv_12_4_1_to_11_4_2_H,2,4159,true,0,0,0,
mv_12_4_1_to_12_2_3_H,2,4159,true,0,0,0,
mv_12_4_1_to_13_3_2_H,4,5854,true,0,0,0,
mv_12_4_1_to_14_2_3_H,5,2911,true,0,0,0,
mv_12_4_2_to_10_4_4_H,2,4137,true,0,0,0,
mv_12_4_2_to_11_4_2_H,2,4159,true,0,0,0,
mv_12_4_2_to_12_2_2_H,2,4159,true,0,0,0,
mv_12_4_2_to_12_3_4_H,3,2933,true,0,0,0,
mv_12_4_2_to_13_3_2_H,3,4121,true,0,0,0,
mv_12_4_2_to_14_2_2_H,3,4121,true,0,0,0,
mv_12_4_3_to_10_2_4_H,2,4160,true,0,0,0,
mv_12_4_3_to_11_2_1_H,2,2953,true,0,0,0,
mv_12_4_3_to_11_4_3_H,2,4159,true,0,0,0,
mv_12_4_3_to_12_2_2_H,2,4159,true,0,0,0,
mv_12_4_3_to_12_4_5_H,2,2953,true,0,0,0,
mv_12_4_3_to_13_3_3_H,2,2953,true,0,0,0,
mv_12_4_3_to_14_2_3_H,2,2953,true,0,0,0,
mv_12_4_4_to_10_4_4_H,2,3541,true,0,0,0,
mv_12_4_4_to_11_2_5_H,2,3541,true,0,0,0,
mv_12_4_4_to_11_4_5_H,2,3541,true,0,0,0,
mv_12_4_4_to_12_2_4_H,2,4159,true,0,0,0,
mv_12_4_4_to_12_5_6_H,2,3542,true,0,0,0,
mv_12_4_4_to_13_4_6_H,2,3541,true,0,0,0,
mv_12_5_7_to_10_3_6_R,5,2925,true,0,0,0,
mv_12_5_7_to_10_6_7_R,3,3555,true,0,0,0,
mv_12_5_7_to_12_4_5_R,5,2925,true,0,0,0,
mv_12_5_7_to_13_6_8_R,5,2925,true,0,0,0,
mv_12_5_8_to_10_4_7_R,3,3554,true,0,0,0,
mv_12_5_8_to_11_3_8_R,3,3554,true,0,0,0,
mv_12_5_8_to_12_6_7_R,3,3554,true,0,0,0,
mv_12_5_8_to_14_4_7_R,3,3554,true,0,0,0,
mv_13_4_7_to_11_3_7_S,3,5325,true,0,0,0,
mv_13_4_7_to_11_5_7_S,3,3555,true,0,0,0,
mv_13_4_7_to_12_5_6_S,4,4710,true,0,0,0,
mv_13_4_7_to_13_5_6_S,5,2925,true,0,0,0,
mv_13_4_7_to_14_5_7_S,5,2925,true,0,0,0,
mv_13_4_8_to_11_3_8_S,3,5325,true,0,0,0,
mv_13_4_8_to_11_5_7_S,3,3555,true,0,0,0,
mv_13_4_8_to_12_6_7_S,6,23,true,0,0,0,
mv_13_4_8_to_13_5_10_S,5,2925,true,0,0,0,
mv_13_4_8_to_14_4_7_S,5,2925,true,0,0,0,
mv_13_5_7_to_11_3_7_S,6,3508,true,0,0,0,
mv_13_5_7_to_11_5_7_S,3,3555,true,0,0,0,
mv_13_5_7_to_12_5_6_S,6,3508,true,0,0,0,
mv_13_5_7_to_13_4_6_S,6,3508,true,0,0,0,
mv_13_5_7_to_14_4_8_S,6,3508,true,0,0,0,
mv_13_5_8_to_11_3_8_S,3,3554,true,0,0,0,
mv_13_5_8_to_11_5_7_S,3,3554,true,0,0,0,
mv_13_5_8_to_12_6_7_S,3,3554,true,0,0,0,
mv_13_5_8_to_13_4_9_S,3,3554,true,0,0,0,
mv_13_5_8_to_14_4_7_S,3,3554,true,0,0,0,
mv_13_5_9_to_11_3_8_S,3,5325,true,0,0,0,
mv_13_5_9_to_11_6_9_S,3,5325,true,0,0,0,
mv_13_5_9_to_13_3_8_S,5,2925,true,0,0,0,
mv_13_5_9_to_14_4_8_S,5,2925,true,0,0,0,
mv_14_3_2_to_12_3_0_R,5,2925,true,0,0,0,
mv_14_3_2_to_13_4_2_R,2,5930,true,0,0,0,
mv_14_3_2_to_15_4_1_R,5,2925,true,0,0,0,
mv_14_3_3_to_12_2_1_R,6,4045,true,0,0,0,
mv_14_3_3_to_12_5_4_R,6,4045,true,0,0,0,
mv_14_3_3_to_15_3_4_R,6,4045,true,0,0,0,
mv_15_3_1_to_13_3_2_H,4,7038,true,0,0,0,
mv_15_3_1_to_14_2_2_H,5,4089,true,0,0,0,
mv_15_3_1_to_15_5_2_H,5,5830,true,0,0,0,
mv_15_3_1_to_16_4_3_H,8,4011,true,0,0,0,
mv_15_3_2_to_13_4_3_H,3,5313,true,0,0,0,
mv_15_3_2_to_15_2_1_H,3,5313,true,0,0,0,
mv_15_3_2_to_15_4_4_H,3,5313,true,0,0,0,
mv_15_3_2_to_16_4_2_H,3,5313,true,0,0,0,
mv_15_3_3_to_13_4_2_H,2,5930,true,0,0,0,
mv_15_3_3_to_14_3_4_H,5,4095,true,0,0,0,
mv_15_3_3_to_15_5_2_H,5,4095,true,0,0,0,
mv_15_3_3_to_16_4_3_H,5,4095,true,0,0,0,
mv_15_4_2_to_13_4_3_H,2,5930,true,0,0,0,
mv_15_4_2_to_15_2_1_H,5,5246,true,0,0,0,
mv_15_4_2_to_15_4_1_H,4,7042,true,0,0,0,
mv_15_4_2_to_16_3_3_H,6,4044,true,0,0,0,
mv_15_4_3_to_13_4_2_H,2,5930,true,0,0,0,
mv_15_4_3_to_14_3_4_H,4,7042,true,0,0,0,
mv_15_4_3_to_15_4_1_H,4,7042,true,0,0,0,
mv_15_4_3_to_16_4_2_H,6,4044,true,0,0,0,
mv_2_5_4_to_3_5_3_H,0,0,true,0,0,0,
mv_2_5_4_to_4_4_4_H,0,0,true,0,0,0,
mv_2_5_4_to_4_7_5_H,0,0,true,0,0,0,
mv_3_3_7_to_3_2_6_H,1,0,true,0,0,0,
mv_3_3_7_to_4_1_5_H,1,0,true,0,0,0,
mv_3_3_7_to_4_3_7_H,1,0,true,0,0,0,
mv_3_3_7_to_4_5_8_H,1,0,true,0,0,0,
mv_3_3_7_to_5_3_5_H,1,0,true,0,0,0,
mv_3_3_7_to_5_4_8_H,1,0,true,0,0,0,
mv_3_4_7_to_3_2_5_H,1,0,true,0,0,0,
mv_3_4_7_to_3_5_7_H,1,0,true,0,0,0,
mv_3_4_7_to_4_3_8_H,1,0,true,0,0,0,
mv_3_4_7_to_4_6_7_H,1,2379,true,0,0,0,
mv_3_4_7_to_5_4_5_H,1,2379,true,0,0,0,
mv_3_5_4_to_1_5_4_H,0,0,true,0,0,0,
mv_3_5_4_to_3_3_6_H,0,0,true,0,0,0,
mv_3_5_4_to_4_4_4_H,0,0,true,0,0,0,
mv_3_5_4_to_4_7_5_H,0,0,true,0,0,0,
mv_3_5_4_to_5_4_5_H,0,1,true,0,0,0,
mv_3_6_6_to_1_5_4_H,0,0,true,0,0,0,
mv_3_6_6_to_3_4_6_H,1,0,true,0,0,0,
mv_3_6_6_to_4_4_4_H,1,0,true,0,0,0,
mv_3_6_6_to_4_6_4_H,1,1186,true,0,0,0,
mv_3_6_6_to_5_4_5_H,1,0,true,0,0,0,
mv_3_6_6_to_5_7_6_H,1,2379,true,0,0,0,
mv_4_2_5_to_3_2_6_H,1,0,true,0,0,0,
mv_4_2_5_to_4_1_6_H,2,0,true,0,0,0,
mv_4_2_5_to_5_1_6_H,2,0,true,0,0,0,
mv_4_2_5_to_5_3_7_H,2,1182,true,0,0,0,
mv_4_2_5_to_6_0_4_H,2,0,true,0,0,0,
mv_4_2_5_to_6_2_5_H,2,2968,true,0,0,0,
mv_4_2_5_to_6_4_6_H,2,0,true,0,0,0,
mv_4_2_6_to_3_3_6_R,2,2375,true,0,0,0,
mv_4_2_6_to_4_4_6_R,3,1177,true,0,0,0,
mv_4_2_6_to_5_4_5_R,1,1194,true,0,0,0,
mv_4_2_6_to_6_3_6_R,3,2370,true,0,0,0,
mv_4_2_8_to_3_4_6_R,3,0,true,0,0,0,
mv_4_2_8_to_5_2_9_R,6,2330,true,0,0,0,
mv_4_2_8_to_6_3_8_R,6,2330,true,0,0,0,
mv_4_4_7_to_2_6_6_S,0,0,true,0,0,0,
mv_4_4_7_to_3_3_6_S,1,0,true,0,0,0,
mv_4_4_7_to_4_2_9_S,1,0,true,0,0,0,
mv_4_4_7_to_4_5_8_S,1,0,true,0,0,0,
mv_4_4_7_to_5_3_9_S,1,0,true,0,0,0,
mv_4_4_7_to_5_6_8_S,1,0,true,0,0,0,
mv_4_4_7_to_6_3_6_S,1,0,true,0,0,0,
mv_4_4_7_to_6_5_5_S,0,2393,true,0,0,0,
mv_4_5_4_to_2_5_3_S,0,0,true,0,0,0,
mv_4_5_4_to_3_4_6_S,0,1,true,0,0,0,
mv_4_5_4_to_4_3_5_S,0,1776,true,0,0,0,
mv_4_5_4_to_4_7_6_S,0,0,true,0,0,0,
mv_4_5_4_to_5_4_6_S,0,2396,true,0,0,0,
mv_4_5_4_to_6_3_6_S,0,1776,true,0,0,0,
mv_4_5_4_to_6_6_3_S,0,1,true,0,0,0,
mv_4_5_4_to_6_7_5_S,0,1,true,0,0,0,
mv_4_5_7_to_3_7_6_R,1,2379,true,0,0,0,
mv_4_5_7_to_5_3_5_R,1,1778,true,0,0,0,
mv_4_5_7_to_6_3_6_R,1,2368,true,0,0,0,
mv_4_5_7_to_6_7_7_R,1,2368,true,0,0,0,
mv_4_6_5_to_3_6_4_R,0,4168,true,0,0,0,
mv_4_6_5_to_5_4_4_R,0,4168,true,0,0,0,
mv_4_6_5_to_6_5_3_R,0,4168,true,0,0,0,
mv_4_6_5_to_6_8_3_R,2,2352,true,0,0,0,
mv_4_6_6_to_3_4_4_H,1,0,true,0,0,0,
mv_4_6_6_to_3_6_5_H,1,0,true,0,0,0,
mv_4_6_6_to_4_5_6_H,1,0,true,0,0,0,
mv_4_6_6_to_5_4_4_H,1,0,true,0,0,0,
mv_4_6_6_to_5_6_8_H,1,0,true,0,0,0,
mv_4_6_6_to_6_4_7_H,1,0,true,0,0,0,
mv_4_6_6_to_6_6_7_H,1,0,true,0,0,0,
mv_5_2_5_to_3_2_5_H,1,0,true,0,0,0,
mv_5_2_5_to_3_4_6_H,1,0,true,0,0,0,
mv_5_2_5_to_4_4_4_H,2,0,true,0,0,0,
mv_5_2_5_to_5_3_3_H,2,0,true,0,0,0,
mv_5_2_5_to_5_4_6_H,2,0,true,0,0,0,
mv_5_2_5_to_6_2_3_H,2,0,true,0,0,0,
mv_5_2_5_to_6_4_5_H,2,1,true,0,0,0,
mv_5_2_5_to_7_2_5_H,2,0,true,0,0,0,
mv_5_2_6_to_3_2_7_H,1,586,true,0,0,0,
mv_5_2_6_to_3_4_8_H,1,586,true,0,0,0,
mv_5_2_6_to_4_3_7_H,2,586,true,0,0,0,
mv_5_2_6_to_5_1_4_H,2,586,true,0,0,0,
mv_5_2_6_to_5_3_7_H,2,586,true,0,0,0,
mv_5_2_6_to_6_0_4_H,2,586,true,0,0,0,
mv_5_2_6_to_6_2_8_H,2,586,true,0,0,0,
mv_5_2_6_to_6_4_7_H,2,586,true,0,0,0,
mv_5_2_6_to_7_4_5_H,2,1,true,0,0,0,
mv_5_2_7_to_3_3_6_H,1,3,true,0,0,0,
mv_5_2_7_to_4_1_8_H,2,3,true,0,0,0,
mv_5_2_7_to_4_4_6_H,2,3,true,0,0,0,
mv_5_2_7_to_5_3_5_H,2,3,true,0,0,0,
mv_5_2_7_to_5_4_8_H,2,3,true,0,0,0,
mv_5_2_7_to_6_3_6_H,2,3,true,0,0,0,
mv_5_2_7_to_7_0_7_H,2,3,true,0,0,0,
mv_5_2_8_to_3_2_6_H,1,579,true,0,0,0,
mv_5_2_8_to_3_4_8_H,1,579,true,0,0,0,
mv_5_2_8_to_4_3_8_H,1,3564,true,0,0,0,
mv_5_2_8_to_5_3_7_H,2,2344,true,0,0,0,
mv_5_2_8_to_6_2_6_H,2,579,true,0,0,0,
mv_5_2_8_to_6_4_7_H,2,2344,true,0,0,0,
mv_5_3_6_to_3_2_7_H,1,3,true,0,0,0,
mv_5_3_6_to_3_4_8_H,1,3,true,0,0,0,
mv_5_3_6_to_4_3_5_H,2,3,true,0,0,0,
mv_5_3_6_to_4_4_8_H,2,3,true,0,0,0,
mv_5_3_6_to_5_1_7_H,3,3,true,0,0,0,
mv_5_3_6_to_5_4_4_H,3,3,true,0,0,0,
mv_5_3_6_to_6_2_4_H,3,2370,true,0,0,0,
mv_5_3_6_to_6_3_8_H,3,3,true,0,0,0,
mv_5_3_6_to_6_5_7_H,2,1784,true,0,0,0,
mv_5_3_6_to_7_5_5_H,3,589,true,0,0,0,
mv_5_3_8_to_3_2_7_H,1,4,true,0,0,0,
mv_5_3_8_to_3_5_7_H,1,4,true,0,0,0,
mv_5_3_8_to_4_3_8_H,3,2355,true,0,0,0,
mv_5_3_8_to_5_1_6_H,3,4,true,0,0,0,
mv_5_3_8_to_5_4_6_H,3,4,true,0,0,0,
mv_5_3_8_to_6_2_8_H,6,4,true,0,0,0,
mv_5_3_8_to_7_1_6_H,3,2346,true,0,0,0,
mv_5_4_7_to_3_2_6_H,1,0,true,0,0,0,
mv_5_4_7_to_3_4_8_H,1,0,true,0,0,0,
mv_5_4_7_to_4_3_7_H,1,0,true,0,0,0,
mv_5_4_7_to_4_5_8_H,1,0,true,0,0,0,
mv_5_4_7_to_5_3_9_H,1,0,true,0,0,0,
mv_5_4_7_to_5_6_8_H,1,0,true,0,0,0,
mv_5_4_7_to_6_3_6_H,1,0,true,0,0,0,
mv_5_4_7_to_6_5_7_H,1,2335,true,0,0,0,
mv_5_4_7_to_7_4_5_H,1,1174,true,0,0,0,
mv_5_4_7_to_7_6_7_H,1,2344,true,0,0,0,
mv_5_5_4_to_3_6_4_H,0,0,true,0,0,0,
mv_5_5_4_to_4_4_6_H,0,0,true,0,0,0,
mv_5_5_4_to_4_7_6_H,0,1,true,0,0,0,
mv_5_5_4_to_5_4_6_H,0,0,true,0,0,0,
mv_5_5_4_to_6_4_5_H,0,0,true,0,0,0,
mv_5_5_4_to_6_6_4_H,0,1,true,0,0,0,
mv_5_5_4_to_7_3_2_H,0,1765,true,0,0,0,
mv_5_5_4_to_7_5_5_H,0,0,true,0,0,0,
mv_5_5_5_to_3_3_6_H,1,2352,true,0,0,0,
mv_5_5_5_to_3_6_4_H,0,4168,true,0,0,0,
mv_5_5_5_to_4_4_4_H,2,2352,true,0,0,0,
mv_5_5_5_to_4_6_7_H,1,1783,true,0,0,0,
mv_5_5_5_to_5_3_7_H,3,1181,true,0,0,0,
mv_5_5_5_to_5_7_6_H,1,1783,true,0,0,0,
mv_5_5_5_to_6_4_7_H,3,1181,true,0,0,0,
mv_5_5_5_to_6_6_4_H,3,2352,true,0,0,0,
mv_5_5_5_to_6_7_7_H,3,2352,true,0,0,0,
mv_5_5_5_to_7_5_6_H,3,5,true,0,0,0,
mv_5_5_6_to_3_3_6_H,1,2933,true,0,0,0,
mv_5_5_6_to_3_6_4_H,0,2392,true,0,0,0,
mv_5_5_6_to_4_3_8_H,3,1764,true,0,0,0,
mv_5_5_6_to_4_5_8_H,2,2933,true,0,0,0,
mv_5_5_6_to_5_3_5_H,3,2933,true,0,0,0,
mv_5_5_6_to_5_4_8_H,3,2933,true,0,0,0,
mv_5_5_6_to_6_3_6_H,3,2933,true,0,0,0,
mv_5_5_6_to_6_5_5_H,1,2379,true,0,0,0,
mv_5_5_6_to_6_7_4_H,1,2379,true,0,0,0,
mv_5_5_6_to_7_5_5_H,3,2938,true,0,0,0,
mv_5_5_6_to_7_6_7_H,2,2956,true,0,0,0,
mv_5_5_7_to_3_5_7_H,1,0,true,0,0,0,
mv_5_5_7_to_4_3_8_H,1,0,true,0,0,0,
mv_5_5_7_to_4_6_7_H,1,2379,true,0,0,0,
mv_5_5_7_to_5_3_9_H,1,0,true,0,0,0,
mv_5_5_7_to_5_7_6_H,1,2379,true,0,0,0,
mv_5_5_7_to_6_4_6_H,1,0,true,0,0,0,
mv_5_5_7_to_6_6_7_H,1,1181,true,0,0,0,
mv_5_5_7_to_7_5_5_H,1,0,true,0,0,0,
mv_5_5_7_to_7_7_7_H,1,0,true,0,0,0,
mv_5_6_4_to_3_6_5_H,3,1181,true,0,0,0,
mv_5_6_4_to_4_5_6_H,1,1783,true,0,0,0,
mv_5_6_4_to_5_4_5_H,3,1181,true,0,0,0,
mv_5_6_4_to_6_4_5_H,3,1181,true,0,0,0,
mv_5_6_4_to_6_6_4_H,3,2353,true,0,0,0,
mv_5_6_4_to_6_8_3_H,3,1181,true,0,0,0,
mv_5_6_4_to_7_5_5_H,3,1181,true,0,0,0,
mv_5_6_4_to_7_8_3_H,3,1181,true,0,0,0,
mv_5_6_5_to_3_4_6_H,1,2,true,0,0,0,
mv_5_6_5_to_3_7_6_H,1,2,true,0,0,0,
mv_5_6_5_to_4_6_4_H,1,1790,true,0,0,0,
mv_5_6_5_to_5_4_5_H,1,2,true,0,0,0,
mv_5_6_5_to_5_7_7_H,1,2,true,0,0,0,
mv_5_6_5_to_6_5_5_H,1,2,true,0,0,0,
mv_5_6_5_to_6_6_7_H,1,2,true,0,0,0,
mv_5_6_5_to_6_8_6_H,1,2,true,0,0,0,
mv_5_6_5_to_7_5_7_H,1,1183,true,0,0,0,
mv_5_6_5_to_7_8_4_H,1,2,true,0,0,0,
mv_5_6_6_to_3_4_8_H,1,0,true,0,0,0,
mv_5_6_6_to_4_4_4_H,1,0,true,0,0,0,
mv_5_6_6_to_4_6_4_H,1,1186,true,0,0,0,
mv_5_6_6_to_5_4_5_H,1,0,true,0,0,0,
mv_5_6_6_to_5_7_6_H,1,0,true,0,0,0,
mv_5_6_6_to_6_5_5_H,1,0,true,0,0,0,
mv_5_6_6_to_6_7_4_H,1,2379,true,0,0,0,
mv_5_6_6_to_7_5_5_H,1,0,true,0,0,0,
mv_5_6_6_to_7_6_7_H,1,0,true,0,0,0,
mv_5_6_7_to_3_4_6_H,1,0,true,0,0,0,
mv_5_6_7_to_4_4_6_H,2,0,true,0,0,0,
mv_5_6_7_to_4_7_5_H,2,0,true,0,0,0,
mv_5_6_7_to_5_5_8_H,3,0,true,0,0,0,
mv_5_6_7_to_6_5_5_H,1,2379,true,0,0,0,
mv_5_6_7_to_6_8_6_H,3,0,true,0,0,0,
mv_5_6_7_to_7_5_8_H,3,3555,true,0,0,0,
mv_6_1_4_to_4_1_5_R,2,3580,true,0,0,0,
mv_6_1_4_to_6_2_4_R,3,2968,true,0,0,0,
mv_6_1_4_to_7_2_5_R,3,2952,true,0,0,0,
mv_6_1_4_to_8_1_6_R,1,4174,true,0,0,0,
mv_6_3_3_to_4_5_3_S,0,1200,true,0,0,0,
mv_6_3_3_to_5_4_5_S,3,0,true,0,0,0,
mv_6_3_3_to_6_2_5_S,3,2952,true,0,0,0,
mv_6_3_3_to_7_2_5_S,3,2952,true,0,0,0,
mv_6_3_3_to_7_5_3_S,0,2995,true,0,0,0,
mv_6_3_3_to_8_3_4_S,0,1200,true,0,0,0,
mv_6_4_4_to_4_5_3_R,0,2968,true,0,0,0,
mv_6_4_4_to_6_2_3_R,0,2968,true,0,0,0,
mv_6_4_4_to_6_6_4_R,0,1193,true,0,0,0,
mv_6_4_4_to_7_5_6_R,0,1195,true,0,0,0,
mv_6_4_4_to_8_6_6_R,0,2981,true,0,0,0,
mv_6_5_4_to_4_5_6_S,0,1,true,0,0,0,
mv_6_5_4_to_5_3_5_S,0,1776,true,0,0,0,
mv_6_5_4_to_5_7_3_S,0,0,true,0,0,0,
mv_6_5_4_to_6_4_6_S,0,1794,true,0,0,0,
mv_6_5_4_to_6_7_2_S,0,0,true,0,0,0,
mv_6_5_4_to_7_4_2_S,0,0,true,0,0,0,
mv_6_5_4_to_7_6_2_S,0,0,true,0,0,0,
mv_6_5_4_to_8_4_3_S,0,2952,true,0,0,0,
mv_6_5_4_to_8_6_6_S,0,594,true,0,0,0,
mv_6_5_6_to_4_3_5_S,4,3526,true,0,0,0,
mv_6_5_6_to_4_4_8_S,3,2354,true,0,0,0,
mv_6_5_6_to_4_7_5_S,2,3526,true,0,0,0,
mv_6_5_6_to_5_4_5_S,3,3526,true,0,0,0,
mv_6_5_6_to_5_7_6_S,3,3526,true,0,0,0,
mv_6_5_6_to_6_4_7_S,3,2354,true,0,0,0,
mv_6_5_6_to_6_6_7_S,3,2354,true,0,0,0,
mv_6_5_6_to_7_4_5_S,0,2392,true,0,0,0,
mv_6_5_6_to_7_6_7_S,3,2354,true,0,0,0,
mv_6_5_6_to_8_6_5_S,4,3525,true,0,0,0,
mv_6_5_6_to_8_7_6_S,4,3526,true,0,0,0,
mv_6_7_3_to_6_7_5_R,1,2379,true,0,0,0,
mv_6_7_3_to_8_6_3_R,3,2353,true,0,0,0,
mv_6_7_6_to_4_7_6_R,1,2379,true,0,0,0,
mv_6_7_6_to_6_7_4_R,1,2379,true,0,0,0,
mv_6_7_6_to_7_8_5_R,4,2919,true,0,0,0,
mv_7_0_3_to_5_2_4_R,2,1788,true,0,0,0,
mv_7_0_3_to_8_-1_5_R,2,2965,true,0,0,0,
mv_7_0_6_to_5_1_4_R,3,1164,true,0,0,0,
mv_7_0_6_to_6_2_8_R,3,4125,true,0,0,0,
mv_7_0_6_to_9_0_5_R,3,4117,true,0,0,0,
mv_7_1_4_to_5_3_3_S,3,0,true,0,0,0,
mv_7_1_4_to_6_1_3_S,3,0,true,0,0,0,
mv_7_1_4_to_6_3_2_S,3,0,true,0,0,0,
mv_7_1_4_to_7_1_6_S,3,1746,true,0,0,0,
mv_7_1_4_to_8_-1_3_S,1,5366,true,0,0,0,
mv_7_1_4_to_8_1_2_S,1,5366,true,0,0,0,
mv_7_1_4_to_9_0_3_S,1,5366,true,0,0,0,
mv_7_1_4_to_9_1_4_S,1,5366,true,0,0,0,
mv_7_1_5_to_5_1_6_S,3,2952,true,0,0,0,
mv_7_1_5_to_5_3_7_S,1,3584,true,0,0,0,
mv_7_1_5_to_6_2_3_S,3,2952,true,0,0,0,
mv_7_1_5_to_6_3_6_S,3,2952,true,0,0,0,
mv_7_1_5_to_7_2_5_S,3,2952,true,0,0,0,
mv_7_1_5_to_8_-1_6_S,1,4770,true,0,0,0,
mv_7_1_5_to_8_3_4_S,0,3572,true,0,0,0,
mv_7_1_5_to_9_1_3_S,1,4770,true,0,0,0,
mv_7_2_3_to_5_3_3_S,3,0,true,0,0,0,
mv_7_2_3_to_6_0_4_S,3,0,true,0,0,0,
mv_7_2_3_to_6_3_2_S,3,0,true,0,0,0,
mv_7_2_3_to_7_3_5_S,0,2976,true,0,0,0,
mv_7_2_3_to_8_1_5_S,1,5366,true,0,0,0,
mv_7_2_3_to_9_0_3_S,1,5366,true,0,0,0,
mv_7_2_3_to_9_2_2_S,3,0,true,0,0,0,
mv_7_2_4_to_5_2_4_S,3,2968,true,0,0,0,
mv_7_2_4_to_5_4_6_S,1,3584,true,0,0,0,
mv_7_2_4_to_6_2_3_S,3,2952,true,0,0,0,
mv_7_2_4_to_6_3_6_S,3,2952,true,0,0,0,
mv_7_2_4_to_7_2_2_S,3,2952,true,0,0,0,
mv_7_2_4_to_7_4_5_S,0,2976,true,0,0,0,
mv_7_2_4_to_8_3_3_S,1,2374,true,0,0,0,
mv_7_2_4_to_9_0_4_S,1,4770,true,0,0,0,
mv_7_2_4_to_9_2_2_S,3,2952,true,0,0,0,
mv_7_3_3_to_5_2_4_S,3,2968,true,0,0,0,
mv_7_3_3_to_5_5_3_S,0,1200,true,0,0,0,
mv_7_3_3_to_6_3_2_S,3,0,true,0,0,0,
mv_7_3_3_to_7_2_5_S,3,2952,true,0,0,0,
mv_7_3_3_to_7_5_5_S,0,1796,true,0,0,0,
mv_7_3_3_to_8_4_4_S,0,1200,true,0,0,0,
mv_7_3_3_to_9_3_2_S,2,4159,true,0,0,0,
mv_7_3_4_to_5_2_4_S,1,1787,true,0,0,0,
mv_7_3_4_to_5_4_6_S,1,2396,true,0,0,0,
mv_7_3_4_to_6_2_5_S,2,1776,true,0,0,0,
mv_7_3_4_to_6_4_6_S,1,1794,true,0,0,0,
mv_7_3_4_to_7_2_5_S,2,1776,true,0,0,0,
mv_7_3_4_to_7_5_5_S,1,1189,true,0,0,0,
mv_7_3_4_to_8_3_3_S,1,2968,true,0,0,0,
mv_7_3_4_to_9_1_4_S,1,4768,true,0,0,0,
mv_7_3_4_to_9_5_5_S,2,0,true,0,0,0,
mv_7_4_3_to_5_4_4_S,2,3,true,0,0,0,
mv_7_4_3_to_6_2_5_S,2,1778,true,0,0,0,
mv_7_4_3_to_6_6_3_S,1,1187,true,0,0,0,
mv_7_4_3_to_7_3_5_S,2,590,true,0,0,0,
mv_7_4_3_to_7_6_4_S,0,3587,true,0,0,0,
mv_7_4_3_to_8_6_3_S,2,3,true,0,0,0,
mv_7_4_3_to_9_5_5_S,2,3,true,0,0,0,
mv_7_4_4_to_5_4_4_S,0,0,true,0,0,0,
mv_7_4_4_to_6_2_4_S,0,1787,true,0,0,0,
mv_7_4_4_to_6_4_5_S,0,0,true,0,0,0,
mv_7_4_4_to_6_6_4_S,0,1,true,0,0,0,
mv_7_4_4_to_7_3_5_S,0,1180,true,0,0,0,
mv_7_4_4_to_7_6_2_S,0,0,true,0,0,0,
mv_7_4_4_to_8_5_4_S,0,0,true,0,0,0,
mv_7_4_4_to_9_3_2_S,0,4159,true,0,0,0,
mv_7_4_4_to_9_6_4_S,0,0,true,0,0,0,
mv_7_5_4_to_5_4_6_S,0,2396,true,0,0,0,
mv_7_5_4_to_6_3_6_S,0,1776,true,0,0,0,
mv_7_5_4_to_6_6_3_S,0,1,true,0,0,0,
mv_7_5_4_to_6_7_5_S,0,1,true,0,0,0,
mv_7_5_4_to_7_5_3_S,0,4187,true,0,0,0,
mv_7_5_4_to_8_3_3_S,0,2952,true,0,0,0,
mv_7_5_4_to_8_6_5_S,0,0,true,0,0,0,
mv_7_5_4_to_8_7_6_S,0,0,true,0,0,0,
mv_7_5_4_to_9_5_6_S,0,1783,true,0,0,0,
mv_7_6_3_to_5_4_5_S,3,2920,true,0,0,0,
mv_7_6_3_to_6_5_5_S,0,2393,true,0,0,0,
mv_7_6_3_to_6_7_5_S,1,2379,true,0,0,0,
mv_7_6_3_to_7_5_5_S,0,2988,true,0,0,0,
mv_7_6_3_to_7_8_5_S,4,2920,true,0,0,0,
mv_7_6_3_to_8_7_3_S,4,2920,true,0,0,0,
mv_7_6_3_to_9_7_5_S,4,2920,true,0,0,0,
mv_7_7_3_to_6_6_3_S,1,2379,true,0,0,0,
mv_7_7_3_to_6_8_3_S,3,2353,true,0,0,0,
mv_7_7_3_to_7_8_4_S,3,2353,true,0,0,0,
mv_7_7_3_to_8_7_4_S,3,2353,true,0,0,0,
mv_7_7_4_to_5_5_3_S,0,2393,true,0,0,0,
mv_7_7_4_to_6_6_3_S,1,2379,true,0,0,0,
mv_7_7_4_to_6_7_5_S,1,2379,true,0,0,0,
mv_7_7_4_to_7_5_6_S,2,2966,true,0,0,0,
mv_7_7_4_to_7_8_5_S,3,2353,true,0,0,0,
mv_7_7_4_to_8_6_6_S,3,2353,true,0,0,0,
mv_7_7_4_to_9_5_6_S,3,1776,true,0,0,0,
mv_7_7_5_to_5_7_3_S,2,2369,true,0,0,0,
mv_7_7_5_to_6_5_7_S,2,2964,true,0,0,0,
mv_7_7_5_to_6_7_4_S,1,2379,true,0,0,0,
mv_7_7_5_to_7_5_3_S,0,3589,true,0,0,0,
mv_7_7_5_to_7_6_7_S,2,2964,true,0,0,0,
mv_7_7_5_to_8_5_4_S,0,2393,true,0,0,0,
mv_7_7_5_to_8_7_4_S,2,2369,true,0,0,0,
mv_7_7_5_to_9_7_5_S,2,2369,true,0,0,0,
mv_7_7_6_to_5_7_6_S,3,2354,true,0,0,0,
mv_7_7_6_to_6_6_6_S,1,2379,true,0,0,0,
mv_7_7_6_to_6_8_6_S,3,2354,true,0,0,0,
mv_7_7_6_to_7_6_4_S,0,4187,true,0,0,0,
mv_7_7_6_to_8_6_5_S,3,2354,true,0,0,0,
mv_7_7_6_to_9_5_5_S,2,1187,true,0,0,0,
mv_7_7_6_to_9_7_5_S,3,2354,true,0,0,0,
mv_8_0_3_to_10_2_1_S,3,4093,true,0,0,0,
mv_8_0_3_to_6_1_3_S,3,4093,true,0,0,0,
mv_8_0_3_to_7_0_2_S,3,4093,true,0,0,0,
mv_8_0_3_to_8_1_2_S,3,3504,true,0,0,0,
mv_8_0_3_to_9_1_4_S,3,4093,true,0,0,0,
mv_8_0_4_to_6_0_3_S,2,2948,true,0,0,0,
mv_8_0_4_to_6_2_4_S,2,1788,true,0,0,0,
mv_8_0_4_to_7_0_2_S,2,2948,true,0,0,0,
mv_8_0_4_to_8_-1_5_S,2,2948,true,0,0,0,
mv_8_0_4_to_8_1_6_S,2,2948,true,0,0,0,
mv_8_0_4_to_9_1_4_S,2,2948,true,0,0,0,
mv_8_0_5_to_6_0_4_S,3,4094,true,0,0,0,
mv_8_0_5_to_6_2_5_S,3,4125,true,0,0,0,
mv_8_0_5_to_7_0_7_S,3,4094,true,0,0,0,
mv_8_0_5_to_8_-1_6_S,3,4094,true,0,0,0,
mv_8_0_5_to_9_0_4_S,3,4094,true,0,0,0,
mv_8_0_6_to_6_0_4_S,3,4102,true,0,0,0,
mv_8_0_6_to_6_2_7_S,3,4125,true,0,0,0,
mv_8_0_6_to_7_2_5_S,3,4125,true,0,0,0,
mv_8_0_6_to_9_0_5_S,3,4102,true,0,0,0,
mv_8_1_3_to_10_2_4_S,3,3546,true,0,0,0,
mv_8_1_3_to_6_2_4_S,3,2968,true,0,0,0,
mv_8_1_3_to_7_2_2_S,3,3546,true,0,0,0,
mv_8_1_3_to_8_-1_4_S,3,3546,true,0,0,0,
mv_8_1_3_to_8_3_4_S,0,4168,true,0,0,0,
mv_8_1_3_to_9_2_2_S,3,3546,true,0,0,0,
mv_8_1_4_to_10_2_4_S,1,3566,true,0,0,0,
mv_8_1_4_to_6_1_3_S,1,3566,true,0,0,0,
mv_8_1_4_to_6_3_2_S,1,3566,true,0,0,0,
mv_8_1_4_to_7_1_6_S,1,3566,true,0,0,0,
mv_8_1_4_to_8_-1_3_S,1,3566,true,0,0,0,
mv_8_1_4_to_8_1_2_S,1,3570,true,0,0,0,
mv_8_1_4_to_9_0_3_S,1,3566,true,0,0,0,
mv_8_1_4_to_9_2_2_S,1,3566,true,0,0,0,
mv_8_5_7_to_10_4_5_S,3,2361,true,0,0,0,
mv_8_5_7_to_10_5_9_S,3,2354,true,0,0,0,
mv_8_5_7_to_6_3_6_S,3,2354,true,0,0,0,
mv_8_5_7_to_6_5_5_S,0,2393,true,0,0,0,
mv_8_5_7_to_6_7_7_S,2,2964,true,0,0,0,
mv_8_5_7_to_7_5_8_S,3,2354,true,0,0,0,
mv_8_5_7_to_8_6_6_S,2,4758,true,0,0,0,
mv_8_5_7_to_9_4_7_S,3,2354,true,0,0,0,
mv_8_5_7_to_9_6_8_S,3,2354,true,0,0,0,
mv_8_5_8_to_10_3_9_S,3,2354,true,0,0,0,
mv_8_5_8_to_10_5_7_S,3,3554,true,0,0,0,
mv_8_5_8_to_6_3_6_S,3,2354,true,0,0,0,
mv_8_5_8_to_6_6_6_S,1,2379,true,0,0,0,
mv_8_5_8_to_7_6_7_S,3,2354,true,0,0,0,
mv_8_5_8_to_9_4_6_S,3,2354,true,0,0,0,
mv_8_5_8_to_9_6_8_S,3,2354,true,0,0,0,
mv_8_6_7_to_10_5_9_R,2,3560,true,0,0,0,
mv_8_6_7_to_6_6_6_R,1,2379,true,0,0,0,
mv_8_6_7_to_7_7_7_R,2,4163,true,0,0,0,
mv_8_6_7_to_9_4_7_R,2,3560,true,0,0,0,
mv_9_5_7_to_10_3_6_H,3,2354,true,0,0,0,
mv_9_5_7_to_10_5_6_H,3,3554,true,0,0,0,
mv_9_5_7_to_10_7_7_H,3,2354,true,0,0,0,
mv_9_5_7_to_11_4_5_H,3,2354,true,0,0,0,
mv_9_5_7_to_7_4_5_H,3,2354,true,0,0,0,
mv_9_5_7_to_7_6_7_H,2,2964,true,0,0,0,
mv_9_5_7_to_8_6_8_H,3,2354,true,0,0,0,
mv_9_5_7_to_9_5_5_H,3,2354,true,0,0,0,
mv_9_5_7_to_9_7_6_H,3,2354,true,0,0,0,
mv_9_6_5_to_10_6_7_R,4,2338,true,0,0,0,
mv_9_6_5_to_7_5_6_R,3,1183,true,0,0,0,
mv_9_6_5_to_8_4_4_R,0,4168,true,0,0,0,
mv_9_6_5_to_9_5_6_R,4,2338,true,0,0,0,
mv_9_6_6_to_10_4_8_S,3,2961,true,0,0,0,
mv_9_6_6_to_10_7_7_S,3,2944,true,0,0,0,
mv_9_6_6_to_7_4_5_S,0,4168,true,0,0,0,
mv_9_6_6_to_7_6_4_S,0,4187,true,0,0,0,
mv_9_6_6_to_7_8_6_S,3,3537,true,0,0,0,
mv_9_6_6_to_8_6_8_S,3,2944,true,0,0,0,
mv_9_6_6_to_9_4_7_S,3,2961,true,0,0,0,
mv_9_6_6_to_9_6_8_S,3,2944,true,0,0,0,
mv_9_6_7_to_10_4_5_S,3,2951,true,0,0,0,
mv_9_6_7_to_10_5_9_S,3,2951,true,0,0,0,
mv_9_6_7_to_11_5_6_S,3,2951,true,0,0,0,
mv_9_6_7_to_7_5_6_S,1,3564,true,0,0,0,
mv_9_6_7_to_7_8_5_S,3,1773,true,0,0,0,
mv_9_6_7_to_8_6_8_S,3,2951,true,0,0,0,
mv_9_6_7_to_9_4_9_S,3,2951,true,0,0,0,
mv_9_6_7_to_9_7_6_S,3,1773,true,0,0,0,
mv_9_7_7_to_10_5_9_S,3,2942,true,0,0,0,
mv_9_7_7_to_11_5_7_S,3,2942,true,0,0,0,
mv_9_7_7_to_7_5_8_S,3,1768,true,0,0,0,
mv_9_7_7_to_8_5_9_S,3,1768,true,0,0,0,
mv_9_7_7_to_8_7_6_S,3,1768,true,0,0,0,
mv_9_7_7_to_9_7_5_S,3,1768,true,0,0,0,
