tick,step,id,event,from,to,y,z
0,3,11,state,2,3,7,12
0,5,8,travel_start,0,,5,20
0,5,1,travel_start,0,,1,16
0,5,6,travel_start,0,,4,19
0,5,18,travel_start,0,,12,19
0,5,2,state,0,1,2,15
0,7,7,travel_finish,,,5,12
0,7,13,travel_finish,,,10,13
0,7,19,state,1,2,13,12
0,7,3,travel_finish,,,2,17
0,7,9,travel_finish,,,6,13
0,8,0,state,3,0,1,14
0,14,4,state,1,2,3,20
0,14,10,travel_finish,,,6,19
0,14,16,travel_finish,,,11,20
0,14,14,travel_finish,,,10,19
0,14,20,travel_finish,,,14,15
0,15,12,state,2,3,9,20
0,16,15,travel_start,0,,11,12
0,16,5,travel_start,0,,4,13
0,16,7,travel_start,0,,5,12
0,16,13,travel_start,0,,10,13
0,16,17,travel_start,0,,12,13
0,16,22,travel_start,0,,15,16
0,16,20,travel_start,0,,14,15
0,16,21,state,0,1,14,17
0,18,23,state,3,0,15,18
1,5,16,travel_start,0,,11,20
1,5,23,travel_start,0,,15,18
1,5,14,state,0,1,10,19
1,7,15,travel_finish,,,11,12
1,7,5,travel_finish,,,4,13
1,7,7,travel_finish,,,5,12
1,7,13,travel_finish,,,10,13
1,7,17,travel_finish,,,12,13
1,7,21,state,1,2,14,17
1,7,22,travel_finish,,,15,16
1,7,20,travel_finish,,,14,15
1,8,12,state,3,0,9,20
1,9,4,state,2,3,3,20
1,13,11,state,3,0,7,12
1,14,0,travel_start,0,,1,14
1,14,10,travel_start,0,,6,19
1,14,11,travel_start,0,,7,12
1,14,3,travel_start,0,,2,17
1,14,5,travel_start,0,,4,13
1,14,7,travel_start,0,,5,12
1,14,9,state,0,1,6,13
1,18,19,state,2,3,13,12
1,19,8,travel_finish,,,5,20
1,19,1,travel_finish,,,1,16
1,19,2,state,1,2,2,15
1,19,6,travel_finish,,,4,19
1,19,18,travel_finish,,,12,19
2,3,21,state,2,3,14,17
2,7,14,state,1,2,10,19
2,7,16,travel_finish,,,11,20
2,7,23,travel_finish,,,15,18
2,8,4,state,3,0,3,20
2,9,4,travel_start,0,,3,20
2,9,8,travel_start,0,,5,20
2,9,12,travel_start,0,,9,20
2,9,16,travel_start,0,,11,20
2,9,18,travel_start,0,,12,19
2,9,22,travel_start,0,,15,16
2,9,23,travel_start,0,,15,18
2,9,6,state,0,1,4,19
2,14,15,travel_start,0,,11,12
2,14,1,travel_start,0,,1,16
2,14,17,travel_start,0,,12,13
2,14,13,state,0,1,10,13
2,15,2,state,2,3,2,15
2,16,0,travel_finish,,,1,14
2,16,9,state,1,2,6,13
2,16,10,travel_finish,,,6,19
2,16,11,travel_finish,,,7,12
2,16,3,travel_finish,,,2,17
2,16,5,travel_finish,,,4,13
2,16,7,travel_finish,,,5,12
2,17,19,state,3,0,13,12
3,3,9,state,2,3,6,13
3,5,13,state,1,2,10,13
3,5,15,travel_finish,,,11,12
3,5,1,travel_finish,,,1,16
3,5,17,travel_finish,,,12,13
3,8,2,state,3,0,2,15
3,11,14,state,2,3,10,19
3,12,21,state,3,0,14,17
3,13,4,travel_finish,,,3,20
3,13,6,state,1,2,4,19
3,13,8,travel_finish,,,5,20
3,13,12,travel_finish,,,9,20
3,13,16,travel_finish,,,11,20
3,13,18,travel_finish,,,12,19
3,13,22,travel_finish,,,15,16
3,13,23,travel_finish,,,15,18
3,17,0,travel_start,0,,1,14
3,17,2,travel_start,0,,2,15
3,17,4,travel_start,0,,3,20
3,17,8,travel_start,0,,5,20
3,17,10,travel_start,0,,6,19
3,17,12,travel_start,0,,9,20
3,17,1,travel_start,0,,1,16
3,17,3,state,0,1,2,17
3,21,19,travel_start,0,,13,12
3,21,11,travel_start,0,,7,12
3,21,15,travel_start,0,,11,12
3,21,21,travel_start,0,,14,17
3,21,22,travel_start,0,,15,16
3,21,23,travel_start,0,,15,18
3,21,20,state,0,1,14,15
4,3,9,state,3,0,6,13
4,4,13,state,2,3,10,13
4,6,14,state,3,0,10,19
4,7,6,state,2,3,4,19
4,10,9,travel_start,0,,6,13
4,10,7,travel_start,0,,5,12
4,10,5,state,0,1,4,13
4,11,19,travel_finish,,,13,12
4,11,11,travel_finish,,,7,12
4,11,15,travel_finish,,,11,12
4,11,20,state,1,2,14,15
4,11,21,travel_finish,,,14,17
4,11,22,travel_finish,,,15,16
4,11,23,travel_finish,,,15,18
4,15,0,travel_finish,,,1,14
4,15,2,travel_finish,,,2,15
4,15,3,state,1,2,2,17
4,15,4,travel_finish,,,3,20
4,15,8,travel_finish,,,5,20
4,15,10,travel_finish,,,6,19
4,15,12,travel_finish,,,9,20
4,15,1,travel_finish,,,1,16
4,17,14,travel_start,0,,10,19
4,17,19,travel_start,0,,13,12
4,17,12,travel_start,0,,9,20
4,17,18,travel_start,0,,12,19
4,17,21,travel_start,0,,14,17
4,17,16,state,0,1,11,20
5,3,6,state,3,0,4,19
5,5,13,state,3,0,10,13
5,7,13,travel_start,0,,10,13
5,7,0,travel_start,0,,1,14
5,7,2,travel_start,0,,2,15
5,7,11,travel_start,0,,7,12
5,7,17,travel_start,0,,12,13
5,7,15,state,0,1,11,12
5,8,5,state,1,2,4,13
5,8,9,travel_finish,,,6,13
5,8,7,travel_finish,,,5,12
5,9,20,state,2,3,14,15
5,12,6,travel_start,0,,4,19
5,12,4,travel_start,0,,3,20
5,12,10,travel_start,0,,6,19
5,12,8,state,0,1,5,20
5,13,3,state,2,3,2,17
5,14,14,travel_finish,,,10,19
5,14,16,state,1,2,11,20
5,14,19,travel_finish,,,13,12
5,14,12,travel_finish,,,9,20
5,14,18,travel_finish,,,12,19
5,14,21,travel_finish,,,14,17
6,3,14,travel_start,0,,10,19
6,3,1,state,0,1,1,16
6,4,9,travel_start,0,,6,13
6,4,19,travel_start,0,,13,12
6,4,21,travel_start,0,,14,17
6,4,22,travel_start,0,,15,16
6,4,23,state,0,1,15,18
6,7,6,travel_finish,,,4,19
6,7,8,state,1,2,5,20
6,7,4,travel_finish,,,3,20
6,7,10,travel_finish,,,6,19
6,8,3,state,3,0,2,17
6,9,16,state,2,3,11,20
6,14,13,travel_finish,,,10,13
6,14,15,state,1,2,11,12
6,14,0,travel_finish,,,1,14
6,14,2,travel_finish,,,2,15
6,14,11,travel_finish,,,7,12
6,14,17,travel_finish,,,12,13
6,15,5,state,2,3,4,13
6,16,20,state,3,0,14,15
7,3,3,travel_start,0,,2,17
7,3,6,travel_start,0,,4,19
7,3,0,travel_start,0,,1,14
7,3,2,travel_start,0,,2,15
7,3,11,travel_start,0,,7,12
7,3,7,state,0,1,5,12
7,4,15,state,2,3,11,12
7,6,5,state,3,0,4,13
7,12,8,state,2,3,5,20
7,14,13,travel_start,0,,10,13
7,14,20,travel_start,0,,14,15
7,14,12,travel_start,0,,9,20
7,14,18,state,0,1,12,19
7,15,1,state,1,2,1,16
7,15,14,travel_finish,,,10,19
7,16,9,travel_finish,,,6,13
7,16,19,travel_finish,,,13,12
7,16,23,state,1,2,15,18
7,16,21,travel_finish,,,14,17
7,16,22,travel_finish,,,15,16
7,17,16,state,3,0,11,20
8,5,5,travel_start,0,,4,13
8,5,9,travel_start,0,,6,13
8,5,17,travel_start,0,,12,13
8,5,19,state,0,1,13,12
8,6,3,travel_finish,,,2,17
8,6,6,travel_finish,,,4,19
8,6,7,state,1,2,5,12
8,6,0,travel_finish,,,1,14
8,6,2,travel_finish,,,2,15
8,6,11,travel_finish,,,7,12
8,7,15,state,3,0,11,12
8,9,16,travel_start,0,,11,20
8,9,6,travel_start,0,,4,19
8,9,10,travel_start,0,,6,19
8,9,14,travel_start,0,,10,19
8,9,4,state,0,1,3,20
8,10,23,state,2,3,15,18
8,11,8,state,3,0,5,20
8,12,13,travel_finish,,,10,13
8,12,18,state,1,2,12,19
8,12,20,travel_finish,,,14,15
8,12,12,travel_finish,,,9,20
8,15,1,state,2,3,1,16
9,4,18,state,2,3,12,19
9,5,15,travel_start,0,,11,12
9,5,13,travel_start,0,,10,13
9,5,20,travel_start,0,,14,15
9,5,22,travel_start,0,,15,16
9,5,21,state,0,1,14,17
9,8,4,state,1,2,3,20
9,8,16,travel_finish,,,11,20
9,8,6,travel_finish,,,4,19
9,8,10,travel_finish,,,6,19
9,8,14,travel_finish,,,10,19
9,9,1,state,3,0,1,16
9,11,23,state,3,0,15,18
9,14,8,travel_start,0,,5,20
9,14,1,travel_start,0,,1,16
9,14,3,travel_start,0,,2,17
9,14,16,travel_start,0,,11,20
9,14,0,travel_start,0,,1,14
9,14,2,state,0,1,2,15
9,15,7,state,2,3,5,12
9,16,5,travel_finish,,,4,13
9,16,19,state,1,2,13,12
9,16,9,travel_finish,,,6,13
9,16,17,travel_finish,,,12,13
10,3,5,travel_start,0,,4,13
10,3,9,travel_start,0,,6,13
10,3,11,state,0,1,7,12
10,4,19,state,2,3,13,12
10,6,7,state,3,0,5,12
10,7,8,travel_finish,,,5,20
10,7,1,travel_finish,,,1,16
10,7,2,state,1,2,2,15
10,7,3,travel_finish,,,2,17
10,7,16,travel_finish,,,11,20
10,7,0,travel_finish,,,1,14
10,12,4,state,2,3,3,20
10,13,23,travel_start,0,,15,18
10,13,12,travel_start,0,,9,20
10,13,16,travel_start,0,,11,20
10,13,14,state,0,1,10,19
10,14,15,travel_finish,,,11,12
10,14,13,travel_finish,,,10,13
10,14,20,travel_finish,,,14,15
10,14,21,state,1,2,14,17
10,14,22,travel_finish,,,15,16
10,15,18,state,3,0,12,19
11,5,8,travel_start,0,,5,20
11,5,18,travel_start,0,,12,19
11,5,10,travel_start,0,,6,19
11,5,20,travel_start,0,,14,15
11,5,6,state,0,1,4,19
11,6,14,state,1,2,10,19
11,6,23,travel_finish,,,15,18
11,6,12,travel_finish,,,9,20
11,6,16,travel_finish,,,11,20
11,8,21,state,2,3,14,17
11,9,4,state,3,0,3,20
11,12,2,state,2,3,2,15
11,14,7,travel_start,0,,5,12
11,14,15,travel_start,0,,11,12
11,14,1,travel_start,0,,1,16
11,14,3,travel_start,0,,2,17
11,14,17,travel_start,0,,12,13
11,14,13,state,0,1,10,13
11,15,5,travel_finish,,,4,13
11,15,11,state,1,2,7,12
11,15,9,travel_finish,,,6,13
11,16,19,state,3,0,13,12
12,3,4,travel_start,0,,3,20
12,3,0,state,0,1,1,14
12,6,7,travel_finish,,,5,12
12,6,13,state,1,2,10,13
12,6,15,travel_finish,,,11,12
12,6,1,travel_finish,,,1,16
12,6,3,travel_finish,,,2,17
12,6,17,travel_finish,,,12,13
12,8,11,state,2,3,7,12
12,9,2,state,3,0,2,15
12,11,6,state,1,2,4,19
12,11,8,travel_finish,,,5,20
12,11,18,travel_finish,,,12,19
12,11,10,travel_finish,,,6,19
12,11,20,travel_finish,,,14,15
12,12,14,state,2,3,10,19
12,14,19,travel_start,0,,13,12
12,14,5,travel_start,0,,4,13
12,14,7,travel_start,0,,5,12
12,14,15,travel_start,0,,11,12
12,14,23,travel_start,0,,15,18
12,14,20,travel_start,0,,14,15
12,14,22,state,0,1,15,16
12,18,21,state,3,0,14,17
13,4,18,travel_start,0,,12,19
13,4,21,travel_start,0,,14,17
13,4,16,travel_start,0,,11,20
13,4,12,state,0,1,9,20
13,6,6,state,2,3,4,19
13,7,19,travel_finish,,,13,12
13,7,5,travel_finish,,,4,13
13,7,7,travel_finish,,,5,12
13,7,15,travel_finish,,,11,12
13,7,22,state,1,2,15,16
13,7,23,travel_finish,,,15,18
13,7,20,travel_finish,,,14,15
13,9,14,state,3,0,10,19
13,15,4,travel_finish,,,3,20
13,15,0,state,1,2,1,14
13,18,11,state,3,0,7,12
13,20,13,state,2,3,10,13
13,23,2,travel_start,0,,2,15
13,23,4,travel_start,0,,3,20
13,23,8,travel_start,0,,5,20
13,23,11,travel_start,0,,7,12
13,23,1,travel_start,0,,1,16
13,23,3,travel_start,0,,2,17
13,23,5,travel_start,0,,4,13
13,23,7,travel_start,0,,5,12
13,23,9,state,0,1,6,13
14,4,2,travel_finish,,,2,15
14,4,4,travel_finish,,,3,20
14,4,8,travel_finish,,,5,20
14,4,9,state,1,2,6,13
14,4,11,travel_finish,,,7,12
14,4,1,travel_finish,,,1,16
14,4,3,travel_finish,,,2,17
14,4,5,travel_finish,,,4,13
14,4,7,travel_finish,,,5,12
14,5,0,state,2,3,1,14
14,7,19,travel_start,0,,13,12
14,7,2,travel_start,0,,2,15
14,7,11,travel_start,0,,7,12
14,7,17,travel_start,0,,12,13
14,7,15,state,0,1,11,12
14,8,13,state,3,0,10,13
14,12,12,state,1,2,9,20
14,12,18,travel_finish,,,12,19
14,12,21,travel_finish,,,14,17
14,12,16,travel_finish,,,11,20
14,15,6,state,3,0,4,19
14,18,22,state,2,3,15,16
14,19,6,travel_start,0,,4,19
14,19,14,travel_start,0,,10,19
14,19,4,travel_start,0,,3,20
14,19,8,travel_start,0,,5,20
14,19,18,travel_start,0,,12,19
14,19,21,travel_start,0,,14,17
14,19,23,travel_start,0,,15,18
14,19,10,state,0,1,6,19
15,3,15,state,1,2,11,12
15,3,19,travel_finish,,,13,12
15,3,2,travel_finish,,,2,15
15,3,11,travel_finish,,,7,12
15,3,17,travel_finish,,,12,13
15,6,9,state,2,3,6,13
15,7,0,state,3,0,1,14
15,8,13,travel_start,0,,10,13
15,8,19,travel_start,0,,13,12
15,8,20,state,0,1,14,15
15,10,22,state,3,0,15,16
15,11,6,travel_finish,,,4,19
15,11,10,state,1,2,6,19
15,11,14,travel_finish,,,10,19
15,11,4,travel_finish,,,3,20
15,11,8,travel_finish,,,5,20
15,11,18,travel_finish,,,12,19
15,11,21,travel_finish,,,14,17
15,11,23,travel_finish,,,15,18
15,12,0,travel_start,0,,1,14
15,12,6,travel_start,0,,4,19
15,12,14,travel_start,0,,10,19
15,12,1,travel_start,0,,1,16
15,12,2,travel_start,0,,2,15
15,12,3,state,0,1,2,17
15,13,12,state,2,3,9,20
16,3,15,state,2,3,11,12
16,4,5,travel_start,0,,4,13
16,4,7,travel_start,0,,5,12
16,4,11,state,0,1,7,12
16,5,9,state,3,0,6,13
16,6,13,travel_finish,,,10,13
16,6,19,travel_finish,,,13,12
16,6,20,state,1,2,14,15
16,10,0,travel_finish,,,1,14
16,10,3,state,1,2,2,17
16,10,6,travel_finish,,,4,19
16,10,14,travel_finish,,,10,19
16,10,1,travel_finish,,,1,16
16,10,2,travel_finish,,,2,15
16,12,10,state,2,3,6,19
16,14,13,travel_start,0,,10,13
16,14,22,travel_start,0,,15,16
16,14,14,travel_start,0,,10,19
16,14,16,travel_start,0,,11,20
16,14,21,travel_start,0,,14,17
16,14,23,travel_start,0,,15,18
16,14,18,state,0,1,12,19
16,15,12,state,3,0,9,20
17,4,15,state,3,0,11,12
17,6,20,state,2,3,14,15
17,8,9,travel_start,0,,6,13
17,8,15,travel_start,0,,11,12
17,8,0,travel_start,0,,1,14
17,8,19,travel_start,0,,13,12
17,8,17,state,0,1,12,13
17,9,11,state,1,2,7,12
17,9,5,travel_finish,,,4,13
17,9,7,travel_finish,,,5,12
17,11,13,travel_finish,,,10,13
17,11,18,state,1,2,12,19
17,11,22,travel_finish,,,15,16
17,11,14,travel_finish,,,10,19
17,11,16,travel_finish,,,11,20
17,11,21,travel_finish,,,14,17
17,11,23,travel_finish,,,15,18
17,12,3,state,2,3,2,17
17,13,12,travel_start,0,,9,20
17,13,4,travel_start,0,,3,20
17,13,6,travel_start,0,,4,19
17,13,22,travel_start,0,,15,16
17,13,8,state,0,1,5,20
17,14,10,state,3,0,6,19
18,3,8,state,1,2,5,20
18,3,12,travel_finish,,,9,20
18,3,4,travel_finish,,,3,20
18,3,6,travel_finish,,,4,19
18,3,22,travel_finish,,,15,16
18,5,3,state,3,0,2,17
18,6,18,state,2,3,12,19
18,9,13,travel_start,0,,10,13
18,9,21,travel_start,0,,14,17
18,9,22,travel_start,0,,15,16
18,9,23,state,0,1,15,18
18,10,10,travel_start,0,,6,19
18,10,3,travel_start,0,,2,17
18,10,12,travel_start,0,,9,20
18,10,2,travel_start,0,,2,15
18,10,1,state,0,1,1,16
18,13,20,state,3,0,14,15
18,14,11,state,2,3,7,12
18,15,9,travel_finish,,,6,13
18,15,15,travel_finish,,,11,12
18,15,17,state,1,2,12,13
18,15,0,travel_finish,,,1,14
18,15,19,travel_finish,,,13,12
19,4,13,travel_finish,,,10,13
19,4,23,state,1,2,15,18
19,4,21,travel_finish,,,14,17
19,4,22,travel_finish,,,15,16
19,5,10,travel_finish,,,6,19
19,5,1,state,1,2,1,16
19,5,3,travel_finish,,,2,17
19,5,12,travel_finish,,,9,20
19,5,2,travel_finish,,,2,15
19,6,18,state,3,0,12,19
19,7,15,travel_start,0,,11,12
19,7,18,travel_start,0,,12,19
19,7,20,travel_start,0,,14,15
19,7,12,travel_start,0,,9,20
19,7,14,travel_start,0,,10,19
19,7,16,state,0,1,11,20
19,9,8,state,2,3,5,20
19,12,9,travel_start,0,,6,13
19,12,10,travel_start,0,,6,19
19,12,0,travel_start,0,,1,14
19,12,3,travel_start,0,,2,17
19,12,7,travel_start,0,,5,12
19,12,5,state,0,1,4,13
19,13,11,state,3,0,7,12
19,14,17,state,2,3,12,13
20,4,8,state,3,0,5,20
20,5,1,state,2,3,1,16
20,6,15,travel_finish,,,11,12
20,6,16,state,1,2,11,20
20,6,18,travel_finish,,,12,19
20,6,20,travel_finish,,,14,15
20,6,12,travel_finish,,,9,20
20,6,14,travel_finish,,,10,19
20,8,23,state,2,3,15,18
20,9,8,travel_start,0,,5,20
20,9,4,travel_start,0,,3,20
20,9,18,travel_start,0,,12,19
20,9,20,travel_start,0,,14,15
20,9,6,state,0,1,4,19
20,11,5,state,1,2,4,13
20,11,9,travel_finish,,,6,13
20,11,10,travel_finish,,,6,19
20,11,0,travel_finish,,,1,14
20,11,3,travel_finish,,,2,17
20,11,7,travel_finish,,,5,12
20,13,17,state,3,0,12,13
20,14,11,travel_start,0,,7,12
20,14,17,travel_start,0,,12,13
20,14,9,travel_start,0,,6,13
20,14,15,travel_start,0,,11,12
20,14,19,travel_start,0,,13,12
20,14,13,state,0,1,10,13
21,3,16,state,2,3,11,20
21,4,10,travel_start,0,,6,19
21,4,0,travel_start,0,,1,14
21,4,2,travel_start,0,,2,15
21,4,3,state,0,1,2,17
21,5,21,travel_start,0,,14,17
21,5,22,state,0,1,15,16
21,7,6,state,1,2,4,19
21,7,8,travel_finish,,,5,20
21,7,4,travel_finish,,,3,20
21,7,18,travel_finish,,,12,19
21,7,20,travel_finish,,,14,15
21,8,1,state,3,0,1,16
21,10,23,state,3,0,15,18
21,12,5,state,2,3,4,13
21,13,11,travel_finish,,,7,12
21,13,13,state,1,2,10,13
21,13,17,travel_finish,,,12,13
21,13,9,travel_finish,,,6,13
21,13,15,travel_finish,,,11,12
21,13,19,travel_finish,,,13,12
22,3,16,state,3,0,11,20
22,4,16,travel_start,0,,11,20
22,4,17,travel_start,0,,12,13
22,4,23,travel_start,0,,15,18
22,4,14,travel_start,0,,10,19
22,4,18,travel_start,0,,12,19
22,4,20,travel_start,0,,14,15
22,4,12,state,0,1,9,20
22,7,22,state,1,2,15,16
22,7,21,travel_finish,,,14,17
22,8,6,state,2,3,4,19
22,10,3,state,1,2,2,17
22,10,10,travel_finish,,,6,19
22,10,0,travel_finish,,,1,14
22,10,2,travel_finish,,,2,15
22,12,13,state,2,3,10,13
22,16,1,travel_start,0,,1,16
22,16,8,travel_start,0,,5,20
22,16,11,travel_start,0,,7,12
22,16,7,travel_start,0,,5,12
22,16,9,state,0,1,6,13
22,19,5,state,3,0,4,13
23,3,12,state,1,2,9,20
23,3,16,travel_finish,,,11,20
23,3,17,travel_finish,,,12,13
23,3,23,travel_finish,,,15,18
23,3,14,travel_finish,,,10,19
23,3,18,travel_finish,,,12,19
23,3,20,travel_finish,,,14,15
23,4,4,travel_start,0,,3,20
23,4,16,travel_start,0,,11,20
23,4,23,travel_start,0,,15,18
23,4,10,state,0,1,6,19
23,5,6,state,3,0,4,19
23,7,3,state,2,3,2,17
23,8,22,state,2,3,15,16
23,13,13,state,3,0,10,13
23,14,5,travel_start,0,,4,13
23,14,13,travel_start,0,,10,13
23,14,17,travel_start,0,,12,13
23,14,19,travel_start,0,,13,12
23,14,15,state,0,1,11,12
23,16,1,travel_finish,,,1,16
23,16,8,travel_finish,,,5,20
23,16,9,state,1,2,6,13
23,16,11,travel_finish,,,7,12
23,16,7,travel_finish,,,5,12
24,4,6,travel_start,0,,4,19
24,4,1,travel_start,0,,1,16
24,4,8,travel_start,0,,5,20
24,4,2,travel_start,0,,2,15
24,4,0,state,0,1,1,14
24,6,5,travel_finish,,,4,13
24,6,13,travel_finish,,,10,13
24,6,15,state,1,2,11,12
24,6,17,travel_finish,,,12,13
24,6,19,travel_finish,,,13,12
24,7,9,state,2,3,6,13
24,8,5,travel_start,0,,4,13
24,8,11,travel_start,0,,7,12
24,8,13,travel_start,0,,10,13
24,8,21,travel_start,0,,14,17
24,8,20,state,0,1,14,15
24,10,3,state,3,0,2,17
24,11,10,state,1,2,6,19
24,11,4,travel_finish,,,3,20
24,11,16,travel_finish,,,11,20
24,11,23,travel_finish,,,15,18
24,12,12,state,2,3,9,20
24,14,22,state,3,0,15,16
25,5,22,travel_start,0,,15,16
25,5,16,travel_start,0,,11,20
25,5,18,travel_start,0,,12,19
25,5,23,travel_start,0,,15,18
25,5,14,state,0,1,10,19
25,7,12,state,3,0,9,20
25,8,10,state,2,3,6,19
25,10,5,travel_finish,,,4,13
25,10,11,travel_finish,,,7,12
25,10,13,travel_finish,,,10,13
25,10,20,state,1,2,14,15
25,10,21,travel_finish,,,14,17
25,12,9,state,3,0,6,13
25,13,3,travel_start,0,,2,17
25,13,9,travel_start,0,,6,13
25,13,5,travel_start,0,,4,13
25,13,11,travel_start,0,,7,12
25,13,7,state,0,1,5,12
25,15,6,travel_finish,,,4,19
25,15,0,state,1,2,1,14
25,15,1,travel_finish,,,1,16
25,15,8,travel_finish,,,5,20
25,15,2,travel_finish,,,2,15
25,16,15,state,2,3,11,12
26,4,0,state,2,3,1,14
26,5,20,state,2,3,14,15
26,6,1,travel_start,0,,1,16
26,6,13,travel_start,0,,10,13
26,6,19,travel_start,0,,13,12
26,6,17,state,0,1,12,13
26,7,15,state,3,0,11,12
26,8,3,travel_finish,,,2,17
26,8,7,state,1,2,5,12
26,8,9,travel_finish,,,6,13
26,8,5,travel_finish,,,4,13
26,8,11,travel_finish,,,7,12
26,12,6,travel_start,0,,4,19
26,12,12,travel_start,0,,9,20
26,12,8,travel_start,0,,5,20
26,12,4,state,0,1,3,20
26,13,10,state,3,0,6,19
26,14,14,state,1,2,10,19
26,14,22,travel_finish,,,15,16
26,14,16,travel_finish,,,11,20
26,14,18,travel_finish,,,12,19
26,14,23,travel_finish,,,15,18
27,5,0,state,3,0,1,14
27,7,20,state,3,0,14,15
27,9,17,state,1,2,12,13
27,9,1,travel_finish,,,1,16
27,9,13,travel_finish,,,10,13
27,9,19,travel_finish,,,13,12
27,10,10,travel_start,0,,6,19
27,10,0,travel_start,0,,1,14
27,10,3,travel_start,0,,2,17
27,10,1,travel_start,0,,1,16
27,10,2,state,0,1,2,15
27,11,7,state,2,3,5,12
27,13,4,state,1,2,3,20
27,13,6,travel_finish,,,4,19
27,13,12,travel_finish,,,9,20
27,13,8,travel_finish,,,5,20
27,14,14,state,2,3,10,19
27,17,15,travel_start,0,,11,12
27,17,9,travel_start,0,,6,13
27,17,20,travel_start,0,,14,15
27,17,22,travel_start,0,,15,16
27,17,21,travel_start,0,,14,17
27,17,23,state,0,1,15,18
28,3,12,travel_start,0,,9,20
28,3,16,travel_start,0,,11,20
28,3,18,state,0,1,12,19
28,4,15,travel_finish,,,11,12
28,4,9,travel_finish,,,6,13
28,4,20,travel_finish,,,14,15
28,4,22,travel_finish,,,15,16
28,4,23,state,1,2,15,18
28,4,21,travel_finish,,,14,17
28,7,14,state,3,0,10,19
28,8,4,state,2,3,3,20
28,12,6,travel_start,0,,4,19
28,12,9,travel_start,0,,6,13
28,12,11,travel_start,0,,7,12
28,12,5,state,0,1,4,13
28,13,10,travel_finish,,,6,19
28,13,0,travel_finish,,,1,14
28,13,2,state,1,2,2,15
28,13,3,travel_finish,,,2,17
28,13,1,travel_finish,,,1,16
28,14,17,state,2,3,12,13
28,16,7,state,3,0,5,12
29,4,7,travel_start,0,,5,12
29,4,15,travel_start,0,,11,12
29,4,0,travel_start,0,,1,14
29,4,3,travel_start,0,,2,17
29,4,19,travel_start,0,,13,12
29,4,13,state,0,1,10,13
29,5,2,state,2,3,2,15
29,6,5,state,1,2,4,13
29,6,6,travel_finish,,,4,19
29,6,9,travel_finish,,,6,13
29,6,11,travel_finish,,,7,12
29,7,17,state,3,0,12,13
29,13,23,state,2,3,15,18
29,15,12,travel_finish,,,9,20
29,15,18,state,1,2,12,19
29,15,16,travel_finish,,,11,20
29,17,4,state,3,0,3,20
29,19,4,travel_start,0,,3,20
29,19,10,travel_start,0,,6,19
29,19,14,travel_start,0,,10,19
29,19,6,travel_start,0,,4,19
29,19,12,travel_start,0,,9,20
29,19,20,travel_start,0,,14,15
29,19,22,travel_start,0,,15,16
29,19,8,state,0,1,5,20
30,5,2,state,3,0,2,15
30,6,5,state,2,3,4,13
30,8,7,travel_finish,,,5,12
30,8,13,state,1,2,10,13
30,8,15,travel_finish,,,11,12
30,8,0,travel_finish,,,1,14
30,8,3,travel_finish,,,2,17
30,8,19,travel_finish,,,13,12
30,10,2,travel_start,0,,2,15
30,10,0,travel_start,0,,1,14
30,10,3,travel_start,0,,2,17
30,10,1,state,0,1,1,16
30,11,17,travel_start,0,,12,13
30,11,7,travel_start,0,,5,12
30,11,15,travel_start,0,,11,12
30,11,21,state,0,1,14,17
30,12,4,travel_finish,,,3,20
30,12,8,state,1,2,5,20
30,12,10,travel_finish,,,6,19
30,12,14,travel_finish,,,10,19
30,12,6,travel_finish,,,4,19
30,12,12,travel_finish,,,9,20
30,12,20,travel_finish,,,14,15
30,12,22,travel_finish,,,15,16
30,13,18,state,2,3,12,19
30,15,23,state,3,0,15,18
31,5,5,state,3,0,4,13
31,6,4,travel_start,0,,3,20
31,6,5,travel_start,0,,4,13
31,6,10,travel_start,0,,6,19
31,6,11,travel_start,0,,7,12
31,6,9,state,0,1,6,13
31,7,13,state,2,3,10,13
31,9,18,state,3,0,12,19
31,10,14,travel_start,0,,10,19
31,10,18,travel_start,0,,12,19
31,10,23,travel_start,0,,15,18
31,10,16,travel_start,0,,11,20
31,10,20,travel_start,0,,14,15
31,10,22,travel_start,0,,15,16
31,10,12,state,0,1,9,20
31,11,8,state,2,3,5,20
31,13,1,state,1,2,1,16
31,13,2,travel_finish,,,2,15
31,13,0,travel_finish,,,1,14
31,13,3,travel_finish,,,2,17
31,14,17,travel_finish,,,12,13
31,14,7,travel_finish,,,5,12
31,14,15,travel_finish,,,11,12
31,14,21,state,1,2,14,17
32,3,13,state,3,0,10,13
32,6,4,travel_finish,,,3,20
32,6,5,travel_finish,,,4,13
32,6,9,state,1,2,6,13
32,6,10,travel_finish,,,6,19
32,6,11,travel_finish,,,7,12
32,8,13,travel_start,0,,10,13
32,8,17,travel_start,0,,12,13
32,8,2,travel_start,0,,2,15
32,8,5,travel_start,0,,4,13
32,8,7,travel_start,0,,5,12
32,8,15,travel_start,0,,11,12
32,8,19,state,0,1,13,12
32,10,12,state,1,2,9,20
32,10,14,travel_finish,,,10,19
32,10,18,travel_finish,,,12,19
32,10,23,travel_finish,,,15,18
32,10,16,travel_finish,,,11,20
32,10,20,travel_finish,,,14,15
32,10,22,travel_finish,,,15,16
32,12,21,state,2,3,14,17
32,14,4,travel_start,0,,3,20
32,14,10,travel_start,0,,6,19
32,14,14,travel_start,0,,10,19
32,14,18,travel_start,0,,12,19
32,14,23,travel_start,0,,15,18
32,14,6,state,0,1,4,19
32,15,8,state,3,0,5,20
32,16,1,state,2,3,1,16
33,4,8,travel_start,0,,5,20
33,4,3,travel_start,0,,2,17
33,4,0,state,0,1,1,14
33,5,22,travel_start,0,,15,16
33,5,20,state,0,1,14,15
33,6,9,state,2,3,6,13
33,7,13,travel_finish,,,10,13
33,7,17,travel_finish,,,12,13
33,7,19,state,1,2,13,12
33,7,2,travel_finish,,,2,15
33,7,5,travel_finish,,,4,13
33,7,7,travel_finish,,,5,12
33,7,15,travel_finish,,,11,12
33,9,1,state,3,0,1,16
33,10,6,state,1,2,4,19
33,10,4,travel_finish,,,3,20
33,10,10,travel_finish,,,6,19
33,10,14,travel_finish,,,10,19
33,10,18,travel_finish,,,12,19
33,10,23,travel_finish,,,15,18
33,11,21,state,3,0,14,17
33,13,12,state,2,3,9,20
34,3,13,travel_start,0,,10,13
34,3,17,travel_start,0,,12,13
34,3,21,travel_start,0,,14,17
34,3,14,travel_start,0,,10,19
34,3,18,travel_start,0,,12,19
34,3,23,travel_start,0,,15,18
34,3,16,state,0,1,11,20
34,4,6,state,2,3,4,19
34,5,12,state,3,0,9,20
34,10,1,travel_start,0,,1,16
34,10,2,travel_start,0,,2,15
34,10,7,travel_start,0,,5,12
34,10,11,travel_start,0,,7,12
34,10,5,state,0,1,4,13
34,12,20,state,1,2,14,15
34,12,22,travel_finish,,,15,16
34,13,9,state,3,0,6,13
34,14,19,state,2,3,13,12
34,15,8,travel_finish,,,5,20
34,15,0,state,1,2,1,14
34,15,3,travel_finish,,,2,17
35,3,8,travel_start,0,,5,20
35,3,12,travel_start,0,,9,20
35,3,4,travel_start,0,,3,20
35,3,10,state,0,1,6,19
35,6,6,state,3,0,4,19
35,7,13,travel_finish,,,10,13
35,7,16,state,1,2,11,20
35,7,17,travel_finish,,,12,13
35,7,21,travel_finish,,,14,17
35,7,14,travel_finish,,,10,19
35,7,18,travel_finish,,,12,19
35,7,23,travel_finish,,,15,18
35,9,20,state,2,3,14,15
35,10,0,state,2,3,1,14
35,11,9,travel_start,0,,6,13
35,11,13,travel_start,0,,10,13
35,11,17,travel_start,0,,12,13
35,11,15,state,0,1,11,12
35,12,19,state,3,0,13,12
35,13,1,travel_finish,,,1,16
35,13,5,state,1,2,4,13
35,13,2,travel_finish,,,2,15
35,13,7,travel_finish,,,5,12
35,13,11,travel_finish,,,7,12
36,5,19,travel_start,0,,13,12
36,5,21,travel_start,0,,14,17
36,5,23,travel_start,0,,15,18
36,5,22,state,0,1,15,16
36,6,16,state,2,3,11,20
36,8,8,travel_finish,,,5,20
36,8,10,state,1,2,6,19
36,8,12,travel_finish,,,9,20
36,8,4,travel_finish,,,3,20
36,9,6,travel_start,0,,4,19
36,9,1,travel_start,0,,1,16
36,9,8,travel_start,0,,5,20
36,9,12,travel_start,0,,9,20
36,9,2,travel_start,0,,2,15
36,9,3,state,0,1,2,17
36,12,5,state,2,3,4,13
36,14,0,state,3,0,1,14
36,15,20,state,3,0,14,15
36,16,9,travel_finish,,,6,13
36,16,15,state,1,2,11,12
36,16,13,travel_finish,,,10,13
36,16,17,travel_finish,,,12,13
37,3,0,travel_start,0,,1,14
37,3,9,travel_start,0,,6,13
37,3,7,travel_start,0,,5,12
37,3,11,state,0,1,7,12
37,6,5,state,3,0,4,13
37,7,15,state,2,3,11,12
37,10,16,state,3,0,11,20
37,11,19,travel_finish,,,13,12
37,11,21,travel_finish,,,14,17
37,11,22,state,1,2,15,16
37,11,23,travel_finish,,,15,18
37,12,16,travel_start,0,,11,20
37,12,19,travel_start,0,,13,12
37,12,20,travel_start,0,,14,15
37,12,18,travel_start,0,,12,19
37,12,21,travel_start,0,,14,17
37,12,14,state,0,1,10,19
37,13,10,state,2,3,6,19
37,14,6,travel_finish,,,4,19
37,14,1,travel_finish,,,1,16
37,14,3,state,1,2,2,17
37,14,8,travel_finish,,,5,20
37,14,12,travel_finish,,,9,20
37,14,2,travel_finish,,,2,15
38,4,14,state,1,2,10,19
38,4,16,travel_finish,,,11,20
38,4,19,travel_finish,,,13,12
38,4,20,travel_finish,,,14,15
38,4,18,travel_finish,,,12,19
38,4,21,travel_finish,,,14,17
38,7,10,state,3,0,6,19
38,9,3,state,2,3,2,17
38,10,6,travel_start,0,,4,19
38,10,10,travel_start,0,,6,19
38,10,8,travel_start,0,,5,20
38,10,12,travel_start,0,,9,20
38,10,16,travel_start,0,,11,20
38,10,20,travel_start,0,,14,15
38,10,4,state,0,1,3,20
38,11,22,state,2,3,15,16
38,13,0,travel_finish,,,1,14
38,13,9,travel_finish,,,6,13
38,13,11,state,1,2,7,12
38,13,7,travel_finish,,,5,12
38,17,5,travel_start,0,,4,13
38,17,0,travel_start,0,,1,14
38,17,1,travel_start,0,,1,16
38,17,9,travel_start,0,,6,13
38,17,17,travel_start,0,,12,13
38,17,19,travel_start,0,,13,12
38,17,13,state,0,1,10,13
38,18,15,state,3,0,11,12
39,3,2,state,0,1,2,15
39,4,11,state,2,3,7,12
39,7,5,travel_finish,,,4,13
39,7,13,state,1,2,10,13
39,7,0,travel_finish,,,1,14
39,7,1,travel_finish,,,1,16
39,7,9,travel_finish,,,6,13
39,7,17,travel_finish,,,12,13
39,7,19,travel_finish,,,13,12
39,9,15,travel_start,0,,11,12
39,9,5,travel_start,0,,4,13
39,9,23,travel_start,0,,15,18
39,9,21,state,0,1,14,17
39,11,22,state,3,0,15,16
39,12,3,state,3,0,2,17
39,13,14,state,2,3,10,19
39,14,4,state,1,2,3,20
39,14,6,travel_finish,,,4,19
39,14,10,travel_finish,,,6,19
39,14,8,travel_finish,,,5,20
39,14,12,travel_finish,,,9,20
39,14,16,travel_finish,,,11,20
39,14,20,travel_finish,,,14,15
40,3,13,state,2,3,10,13
40,4,3,travel_start,0,,2,17
40,4,6,travel_start,0,,4,19
40,4,10,travel_start,0,,6,19
40,4,0,travel_start,0,,1,14
40,4,1,travel_start,0,,1,16
40,4,9,travel_start,0,,6,13
40,4,7,state,0,1,5,12
40,5,2,state,1,2,2,15
40,7,11,state,3,0,7,12
40,12,4,state,2,3,3,20
40,13,22,travel_start,0,,15,16
40,13,16,travel_start,0,,11,20
40,13,18,travel_start,0,,12,19
40,13,20,travel_start,0,,14,15
40,13,12,state,0,1,9,20
40,14,14,state,3,0,10,19
40,15,15,travel_finish,,,11,12
40,15,5,travel_finish,,,4,13
40,15,21,state,1,2,14,17
40,15,23,travel_finish,,,15,18
41,4,13,state,3,0,10,13
41,5,11,travel_start,0,,7,12
41,5,13,travel_start,0,,10,13
41,5,15,travel_start,0,,11,12
41,5,5,travel_start,0,,4,13
41,5,17,travel_start,0,,12,13
41,5,19,state,0,1,13,12
41,6,3,travel_finish,,,2,17
41,6,6,travel_finish,,,4,19
41,6,7,state,1,2,5,12
41,6,10,travel_finish,,,6,19
41,6,0,travel_finish,,,1,14
41,6,1,travel_finish,,,1,16
41,6,9,travel_finish,,,6,13
41,7,2,state,2,3,2,15
41,9,14,travel_start,0,,10,19
41,9,6,travel_start,0,,4,19
41,9,10,travel_start,0,,6,19
41,9,8,state,0,1,5,20
41,11,21,state,2,3,14,17
41,12,12,state,1,2,9,20
41,12,22,travel_finish,,,15,16
41,12,16,travel_finish,,,11,20
41,12,18,travel_finish,,,12,19
41,12,20,travel_finish,,,14,15
41,13,4,state,3,0,3,20
42,3,22,travel_start,0,,15,16
42,3,20,travel_start,0,,14,15
42,3,23,state,0,1,15,18
42,4,21,state,3,0,14,17
42,6,8,state,1,2,5,20
42,6,14,travel_finish,,,10,19
42,6,6,travel_finish,,,4,19
42,6,10,travel_finish,,,6,19
42,7,4,travel_start,0,,3,20
42,7,3,travel_start,0,,2,17
42,7,14,travel_start,0,,10,19
42,7,0,travel_start,0,,1,14
42,7,1,state,0,1,1,16
42,10,12,state,2,3,9,20
42,13,7,state,2,3,5,12
42,14,11,travel_finish,,,7,12
42,14,13,travel_finish,,,10,13
42,14,15,travel_finish,,,11,12
42,14,19,state,1,2,13,12
42,14,5,travel_finish,,,4,13
42,14,17,travel_finish,,,12,13
42,15,2,state,3,0,2,15
43,4,13,travel_start,0,,10,13
43,4,15,travel_start,0,,11,12
43,4,21,travel_start,0,,14,17
43,4,18,travel_start,0,,12,19
43,4,16,state,0,1,11,20
43,7,22,travel_finish,,,15,16
43,7,23,state,1,2,15,18
43,7,20,travel_finish,,,14,15
43,8,4,travel_finish,,,3,20
43,8,1,state,1,2,1,16
43,8,3,travel_finish,,,2,17
43,8,14,travel_finish,,,10,19
43,8,0,travel_finish,,,1,14
43,9,8,state,2,3,5,20
43,10,12,state,3,0,9,20
43,12,2,travel_start,0,,2,15
43,12,4,travel_start,0,,3,20
43,12,11,travel_start,0,,7,12
43,12,3,travel_start,0,,2,17
43,12,9,travel_start,0,,6,13
43,12,5,state,0,1,4,13
43,13,7,state,3,0,5,12
43,17,19,state,2,3,13,12
44,4,12,travel_start,0,,9,20
44,4,10,travel_start,0,,6,19
44,4,14,travel_start,0,,10,19
44,4,22,travel_start,0,,15,16
44,4,6,state,0,1,4,19
44,5,1,state,2,3,1,16
44,6,23,state,2,3,15,18
44,7,8,state,3,0,5,20
44,8,13,travel_finish,,,10,13
44,8,15,travel_finish,,,11,12
44,8,16,state,1,2,11,20
44,8,21,travel_finish,,,14,17
44,8,18,travel_finish,,,12,19
44,12,19,state,3,0,13,12
44,15,7,travel_start,0,,5,12
44,15,19,travel_start,0,,13,12
44,15,13,travel_start,0,,10,13
44,15,15,travel_start,0,,11,12
44,15,17,state,0,1,12,13
44,17,2,travel_finish,,,2,15
44,17,4,travel_finish,,,3,20
44,17,5,state,1,2,4,13
44,17,11,travel_finish,,,7,12
44,17,3,travel_finish,,,2,17
44,17,9,travel_finish,,,6,13
45,4,16,state,2,3,11,20
45,5,6,state,1,2,4,19
45,5,12,travel_finish,,,9,20
45,5,10,travel_finish,,,6,19
45,5,14,travel_finish,,,10,19
45,5,22,travel_finish,,,15,16
45,7,1,state,3,0,1,16
45,9,23,state,3,0,15,18
45,10,8,travel_start,0,,5,20
45,10,1,travel_start,0,,1,16
45,10,2,travel_start,0,,2,15
45,10,4,travel_start,0,,3,20
45,10,12,travel_start,0,,9,20
45,10,0,travel_start,0,,1,14
45,10,3,state,0,1,2,17
45,12,7,travel_finish,,,5,12
45,12,17,state,1,2,12,13
45,12,19,travel_finish,,,13,12
45,12,13,travel_finish,,,10,13
45,12,15,travel_finish,,,11,12
45,13,5,state,2,3,4,13
45,15,7,travel_start,0,,5,12
45,15,11,travel_start,0,,7,12
45,15,19,travel_start,0,,13,12
45,15,21,travel_start,0,,14,17
45,15,23,travel_start,0,,15,18
45,15,22,travel_start,0,,15,16
45,15,20,state,0,1,14,15
46,3,14,travel_start,0,,10,19
46,3,18,state,0,1,12,19
46,5,8,travel_finish,,,5,20
46,5,1,travel_finish,,,1,16
46,5,2,travel_finish,,,2,15
46,5,3,state,1,2,2,17
46,5,4,travel_finish,,,3,20
46,5,12,travel_finish,,,9,20
46,5,0,travel_finish,,,1,14
46,6,6,state,2,3,4,19
46,7,16,state,3,0,11,20
46,9,17,state,2,3,12,13
46,10,5,state,3,0,4,13
46,11,7,travel_finish,,,5,12
46,11,11,travel_finish,,,7,12
46,11,19,travel_finish,,,13,12
46,11,20,state,1,2,14,15
46,11,21,travel_finish,,,14,17
46,11,23,travel_finish,,,15,18
46,11,22,travel_finish,,,15,16
46,13,5,travel_start,0,,4,13
46,13,8,travel_start,0,,5,20
46,13,1,travel_start,0,,1,16
46,13,2,travel_start,0,,2,15
46,13,7,travel_start,0,,5,12
46,13,11,travel_start,0,,7,12
46,13,9,state,0,1,6,13
47,3,6,state,3,0,4,19
47,8,6,travel_start,0,,4,19
47,8,16,travel_start,0,,11,20
47,8,10,travel_start,0,,6,19
47,8,12,travel_start,0,,9,20
47,8,21,travel_start,0,,14,17
47,8,23,travel_start,0,,15,18
47,8,4,state,0,1,3,20
47,9,18,state,1,2,12,19
47,9,14,travel_finish,,,10,19
47,10,3,state,2,3,2,17
47,15,13,travel_start,0,,10,13
47,15,15,travel_start,0,,11,12
47,15,19,state,0,1,13,12
47,16,20,state,2,3,14,15
47,17,5,travel_finish,,,4,13
47,17,8,travel_finish,,,5,20
47,17,9,state,1,2,6,13
47,17,1,travel_finish,,,1,16
47,17,2,travel_finish,,,2,15
47,17,7,travel_finish,,,5,12
47,17,11,travel_finish,,,7,12
47,19,17,state,3,0,12,13
48,4,18,state,2,3,12,19
48,5,17,travel_start,0,,12,13
48,5,5,travel_start,0,,4,13
48,5,22,state,0,1,15,16
48,6,3,state,3,0,2,17
48,8,3,travel_start,0,,2,17
48,8,8,travel_start,0,,5,20
48,8,0,travel_start,0,,1,14
48,8,2,travel_start,0,,2,15
48,8,1,state,0,1,1,16
48,9,4,state,1,2,3,20
48,9,6,travel_finish,,,4,19
48,9,16,travel_finish,,,11,20
48,9,10,travel_finish,,,6,19
48,9,12,travel_finish,,,9,20
48,9,21,travel_finish,,,14,17
48,9,23,travel_finish,,,15,18
48,12,19,state,1,2,13,12
48,12,13,travel_finish,,,10,13
48,12,15,travel_finish,,,11,12
48,13,20,state,3,0,14,15
48,16,9,state,2,3,6,13
49,4,6,travel_start,0,,4,19
49,4,11,travel_start,0,,7,12
49,4,7,state,0,1,5,12
49,5,9,state,3,0,6,13
49,6,19,state,2,3,13,12
49,13,4,state,2,3,3,20
49,14,16,travel_start,0,,11,20
49,14,20,travel_start,0,,14,15
49,14,14,travel_start,0,,10,19
49,14,21,travel_start,0,,14,17
49,14,23,travel_start,0,,15,18
49,14,12,state,0,1,9,20
49,15,1,state,1,2,1,16
49,15,3,travel_finish,,,2,17
49,15,8,travel_finish,,,5,20
49,15,0,travel_finish,,,1,14
49,15,2,travel_finish,,,2,15
49,16,17,travel_finish,,,12,13
49,16,5,travel_finish,,,4,13
49,16,22,state,1,2,15,16
49,18,18,state,3,0,12,19
50,7,12,state,1,2,9,20
50,7,16,travel_finish,,,11,20
50,7,20,travel_finish,,,14,15
50,7,14,travel_finish,,,10,19
50,7,21,travel_finish,,,14,17
50,7,23,travel_finish,,,15,18
50,8,18,travel_start,0,,12,19
50,8,8,travel_start,0,,5,20
50,8,16,travel_start,0,,11,20
50,8,20,travel_start,0,,14,15
50,8,10,state,0,1,6,19
50,9,4,state,3,0,3,20
50,11,1,state,2,3,1,16
50,12,22,state,2,3,15,16
50,14,6,travel_finish,,,4,19
50,14,7,state,1,2,5,12
50,14,11,travel_finish,,,7,12
50,16,9,travel_start,0,,6,13
50,16,17,travel_start,0,,12,13
50,16,3,travel_start,0,,2,17
50,16,5,travel_start,0,,4,13
50,16,13,travel_start,0,,10,13
50,16,15,state,0,1,11,12
50,17,19,state,3,0,13,12
51,4,19,travel_start,0,,13,12
51,4,21,travel_start,0,,14,17
51,4,23,state,0,1,15,18
51,6,9,travel_finish,,,6,13
51,6,15,state,1,2,11,12
51,6,17,travel_finish,,,12,13
51,6,3,travel_finish,,,2,17
51,6,5,travel_finish,,,4,13
51,6,13,travel_finish,,,10,13
51,7,7,state,2,3,5,12
51,9,1,state,3,0,1,16
51,10,22,state,3,0,15,16
51,11,12,state,2,3,9,20
51,13,10,state,1,2,6,19
51,13,18,travel_finish,,,12,19
51,13,8,travel_finish,,,5,20
51,13,16,travel_finish,,,11,20
51,13,20,travel_finish,,,14,15
51,17,4,travel_start,0,,3,20
51,17,1,travel_start,0,,1,16
51,17,6,travel_start,0,,4,19
51,17,18,travel_start,0,,12,19
51,17,0,travel_start,0,,1,14
51,17,3,travel_start,0,,2,17
51,17,2,state,0,1,2,15
52,3,7,state,3,0,5,12
52,4,15,state,2,3,11,12
52,9,7,travel_start,0,,5,12
52,9,9,travel_start,0,,6,13
52,9,11,travel_start,0,,7,12
52,9,5,state,0,1,4,13
52,10,4,travel_finish,,,3,20
52,10,1,travel_finish,,,1,16
52,10,2,state,1,2,2,15
52,10,6,travel_finish,,,4,19
52,10,18,travel_finish,,,12,19
52,10,0,travel_finish,,,1,14
52,10,3,travel_finish,,,2,17
52,13,10,state,2,3,6,19
52,14,12,state,3,0,9,20
52,19,19,travel_finish,,,13,12
52,19,23,state,1,2,15,18
52,19,21,travel_finish,,,14,17
52,20,12,travel_start,0,,9,20
52,20,17,travel_start,0,,12,13
52,20,19,travel_start,0,,13,12
52,20,22,travel_start,0,,15,16
52,20,14,travel_start,0,,10,19
52,20,18,travel_start,0,,12,19
52,20,20,travel_start,0,,14,15
52,20,16,state,0,1,11,20
53,3,15,state,3,0,11,12
53,5,2,state,2,3,2,15
53,6,15,travel_start,0,,11,12
53,6,1,travel_start,0,,1,16
53,6,13,state,0,1,10,13
53,7,5,state,1,2,4,13
53,7,7,travel_finish,,,5,12
53,7,9,travel_finish,,,6,13
53,7,11,travel_finish,,,7,12
53,10,10,state,3,0,6,19
53,13,4,travel_start,0,,3,20
53,13,10,travel_start,0,,6,19
53,13,8,travel_start,0,,5,20
53,13,6,state,0,1,4,19
53,16,23,state,2,3,15,18
53,17,12,travel_finish,,,9,20
53,17,16,state,1,2,11,20
53,17,17,travel_finish,,,12,13
53,17,19,travel_finish,,,13,12
53,17,22,travel_finish,,,15,16
53,17,14,travel_finish,,,10,19
53,17,18,travel_finish,,,12,19
53,17,20,travel_finish,,,14,15
54,3,12,travel_start,0,,9,20
54,3,3,travel_start,0,,2,17
54,3,0,state,0,1,1,14
54,4,7,travel_start,0,,5,12
54,4,9,travel_start,0,,6,13
54,4,17,travel_start,0,,12,13
54,4,19,travel_start,0,,13,12
54,4,22,travel_start,0,,15,16
54,4,21,travel_start,0,,14,17
54,4,20,state,0,1,14,15
54,6,2,state,3,0,2,15
54,7,13,state,1,2,10,13
54,7,15,travel_finish,,,11,12
54,7,1,travel_finish,,,1,16
54,8,5,state,2,3,4,13
54,13,16,state,2,3,11,20
54,14,4,travel_finish,,,3,20
54,14,6,state,1,2,4,19
54,14,10,travel_finish,,,6,19
54,14,8,travel_finish,,,5,20
54,15,23,state,3,0,15,18
55,3,13,state,2,3,10,13
55,4,0,state,1,2,1,14
55,4,12,travel_finish,,,9,20
55,4,3,travel_finish,,,2,17
55,6,7,travel_finish,,,5,12
55,6,9,travel_finish,,,6,13
55,6,17,travel_finish,,,12,13
55,6,19,travel_finish,,,13,12
55,6,20,state,1,2,14,15
55,6,22,travel_finish,,,15,16
55,6,21,travel_finish,,,14,17
55,7,2,travel_start,0,,2,15
55,7,4,travel_start,0,,3,20
55,7,10,travel_start,0,,6,19
55,7,1,travel_start,0,,1,16
55,7,7,travel_start,0,,5,12
55,7,9,travel_start,0,,6,13
55,7,11,state,0,1,7,12
55,8,5,state,3,0,4,13
55,11,15,travel_start,0,,11,12
55,11,23,travel_start,0,,15,18
55,11,12,travel_start,0,,9,20
55,11,14,travel_start,0,,10,19
55,11,22,travel_start,0,,15,16
55,11,18,state,0,1,12,19
55,13,6,state,2,3,4,19
55,14,16,state,3,0,11,20
56,3,15,travel_finish,,,11,12
56,3,18,state,1,2,12,19
56,3,23,travel_finish,,,15,18
56,3,12,travel_finish,,,9,20
56,3,14,travel_finish,,,10,19
56,3,22,travel_finish,,,15,16
56,4,6,state,3,0,4,19
56,6,6,travel_start,0,,4,19
56,6,16,travel_start,0,,11,20
56,6,23,travel_start,0,,15,18
56,6,8,state,0,1,5,20
56,11,5,travel_start,0,,4,13
56,11,15,travel_start,0,,11,12
56,11,17,travel_start,0,,12,13
56,11,19,state,0,1,13,12
56,12,13,state,3,0,10,13
56,13,20,state,2,3,14,15
56,14,2,travel_finish,,,2,15
56,14,4,travel_finish,,,3,20
56,14,10,travel_finish,,,6,19
56,14,11,state,1,2,7,12
56,14,1,travel_finish,,,1,16
56,14,7,travel_finish,,,5,12
56,14,9,travel_finish,,,6,13
56,15,0,state,2,3,1,14
57,7,0,state,3,0,1,14
57,8,11,state,2,3,7,12
57,9,20,state,3,0,14,15
57,12,5,travel_finish,,,4,13
57,12,19,state,1,2,13,12
57,12,15,travel_finish,,,11,12
57,12,17,travel_finish,,,12,13
57,15,0,travel_start,0,,1,14
57,15,2,travel_start,0,,2,15
57,15,4,travel_start,0,,3,20
57,15,10,travel_start,0,,6,19
57,15,1,travel_start,0,,1,16
57,15,3,state,0,1,2,17
57,16,18,state,2,3,12,19
57,17,13,travel_start,0,,10,13
57,17,5,travel_start,0,,4,13
57,17,20,travel_start,0,,14,15
57,17,21,travel_start,0,,14,17
57,17,22,state,0,1,15,16
57,18,6,travel_finish,,,4,19
57,18,8,state,1,2,5,20
57,18,16,travel_finish,,,11,20
57,18,23,travel_finish,,,15,18
58,5,16,travel_start,0,,11,20
58,5,14,travel_start,0,,10,19
58,5,23,travel_start,0,,15,18
58,5,12,state,0,1,9,20
58,6,13,travel_finish,,,10,13
58,6,5,travel_finish,,,4,13
58,6,20,travel_finish,,,14,15
58,6,22,state,1,2,15,16
58,6,21,travel_finish,,,14,17
58,7,0,travel_finish,,,1,14
58,7,2,travel_finish,,,2,15
58,7,3,state,1,2,2,17
58,7,4,travel_finish,,,3,20
58,7,10,travel_finish,,,6,19
58,7,1,travel_finish,,,1,16
58,8,18,state,3,0,12,19
58,10,8,state,2,3,5,20
58,13,11,state,3,0,7,12
58,14,6,travel_start,0,,4,19
58,14,11,travel_start,0,,7,12
58,14,0,travel_start,0,,1,14
58,14,2,travel_start,0,,2,15
58,14,5,travel_start,0,,4,13
58,14,7,travel_start,0,,5,12
58,14,9,state,0,1,6,13
58,16,19,state,2,3,13,12
59,3,6,travel_finish,,,4,19
59,3,9,state,1,2,6,13
59,3,11,travel_finish,,,7,12
59,3,0,travel_finish,,,1,14
59,3,2,travel_finish,,,2,15
59,3,5,travel_finish,,,4,13
59,3,7,travel_finish,,,5,12
59,5,13,travel_start,0,,10,13
59,5,11,travel_start,0,,7,12
59,5,15,travel_start,0,,11,12
59,5,17,state,0,1,12,13
59,7,19,state,3,0,13,12
59,9,12,state,1,2,9,20
59,9,16,travel_finish,,,11,20
59,9,14,travel_finish,,,10,19
59,9,23,travel_finish,,,15,18
59,13,18,travel_start,0,,12,19
59,13,6,travel_start,0,,4,19
59,13,10,travel_start,0,,6,19
59,13,16,travel_start,0,,11,20
59,13,20,travel_start,0,,14,15
59,13,4,state,0,1,3,20
59,14,22,state,2,3,15,16
59,16,8,state,3,0,5,20
59,17,3,state,2,3,2,17
60,3,3,state,3,0,2,17
60,5,19,travel_start,0,,13,12
60,5,21,travel_start,0,,14,17
60,5,23,state,0,1,15,18
60,6,4,state,1,2,3,20
60,6,18,travel_finish,,,12,19
60,6,6,travel_finish,,,4,19
60,6,10,travel_finish,,,6,19
60,6,16,travel_finish,,,11,20
60,6,20,travel_finish,,,14,15
60,7,22,state,3,0,15,16
60,8,8,travel_start,0,,5,20
60,8,3,travel_start,0,,2,17
60,8,18,travel_start,0,,12,19
60,8,0,travel_start,0,,1,14
60,8,2,travel_start,0,,2,15
60,8,1,state,0,1,1,16
60,9,12,state,2,3,9,20
60,14,9,state,2,3,6,13
60,15,13,travel_finish,,,10,13
60,15,17,state,1,2,12,13
60,15,11,travel_finish,,,7,12
60,15,15,travel_finish,,,11,12
61,4,5,travel_start,0,,4,13
61,4,11,travel_start,0,,7,12
61,4,7,state,0,1,5,12
61,5,17,state,2,3,12,13
61,7,9,state,3,0,6,13
61,12,8,travel_finish,,,5,20
61,12,1,state,1,2,1,16
61,12,3,travel_finish,,,2,17
61,12,18,travel_finish,,,12,19
61,12,0,travel_finish,,,1,14
61,12,2,travel_finish,,,2,15
61,13,13,travel_start,0,,10,13
61,13,22,travel_start,0,,15,16
61,13,16,travel_start,0,,11,20
61,13,18,travel_start,0,,12,19
61,13,20,travel_start,0,,14,15
61,13,14,state,0,1,10,19
61,14,12,state,3,0,9,20
61,16,19,travel_finish,,,13,12
61,16,23,state,1,2,15,18
61,16,21,travel_finish,,,14,17
61,17,4,state,2,3,3,20
62,3,1,state,2,3,1,16
62,4,13,travel_finish,,,10,13
62,4,14,state,1,2,10,19
62,4,22,travel_finish,,,15,16
62,4,16,travel_finish,,,11,20
62,4,18,travel_finish,,,12,19
62,4,20,travel_finish,,,14,15
62,7,8,travel_start,0,,5,20
62,7,12,travel_start,0,,9,20
62,7,10,travel_start,0,,6,19
62,7,22,travel_start,0,,15,16
62,7,6,state,0,1,4,19
62,8,4,state,3,0,3,20
62,9,23,state,2,3,15,18
62,17,17,state,3,0,12,13
62,18,9,travel_start,0,,6,13
62,18,17,travel_start,0,,12,13
62,18,19,travel_start,0,,13,12
62,18,3,travel_start,0,,2,17
62,18,13,travel_start,0,,10,13
62,18,15,state,0,1,11,12
62,19,7,state,1,2,5,12
62,19,5,travel_finish,,,4,13
62,19,11,travel_finish,,,7,12
63,3,6,state,1,2,4,19
63,3,8,travel_finish,,,5,20
63,3,12,travel_finish,,,9,20
63,3,10,travel_finish,,,6,19
63,3,22,travel_finish,,,15,16
63,5,20,travel_start,0,,14,15
63,5,22,travel_start,0,,15,16
63,5,21,state,0,1,14,17
63,6,23,state,3,0,15,18
63,7,1,state,3,0,1,16
63,9,14,state,2,3,10,19
63,12,4,travel_start,0,,3,20
63,12,1,travel_start,0,,1,16
63,12,8,travel_start,0,,5,20
63,12,12,travel_start,0,,9,20
63,12,2,travel_start,0,,2,15
63,12,0,state,0,1,1,14
63,15,9,travel_finish,,,6,13
63,15,15,state,1,2,11,12
63,15,17,travel_finish,,,12,13
63,15,19,travel_finish,,,13,12
63,15,3,travel_finish,,,2,17
63,15,13,travel_finish,,,10,13
63,16,7,state,2,3,5,12
64,3,15,state,2,3,11,12
64,4,4,travel_finish,,,3,20
64,4,0,state,1,2,1,14
64,4,1,travel_finish,,,1,16
64,4,8,travel_finish,,,5,20
64,4,12,travel_finish,,,9,20
64,4,2,travel_finish,,,2,15
64,9,4,travel_start,0,,3,20
64,9,9,travel_start,0,,6,13
64,9,1,travel_start,0,,1,16
64,9,3,travel_start,0,,2,17
64,9,5,travel_start,0,,4,13
64,9,11,state,0,1,7,12
64,10,7,state,3,0,5,12
64,12,17,travel_start,0,,12,13
64,12,19,travel_start,0,,13,12
64,12,23,travel_start,0,,15,18
64,12,12,travel_start,0,,9,20
64,12,18,travel_start,0,,12,19
64,12,16,state,0,1,11,20
64,13,14,state,3,0,10,19
64,16,6,state,2,3,4,19
64,17,21,state,1,2,14,17
64,17,20,travel_finish,,,14,15
64,17,22,travel_finish,,,15,16
65,3,0,state,2,3,1,14
65,6,7,travel_start,0,,5,12
65,6,13,state,0,1,10,13
65,7,4,travel_finish,,,3,20
65,7,9,travel_finish,,,6,13
65,7,11,state,1,2,7,12
65,7,1,travel_finish,,,1,16
65,7,3,travel_finish,,,2,17
65,7,5,travel_finish,,,4,13
65,8,15,state,3,0,11,12
65,11,16,state,1,2,11,20
65,11,17,travel_finish,,,12,13
65,11,19,travel_finish,,,13,12
65,11,23,travel_finish,,,15,18
65,11,12,travel_finish,,,9,20
65,11,18,travel_finish,,,12,19
65,12,6,state,3,0,4,19
65,18,6,travel_start,0,,4,19
65,18,14,travel_start,0,,10,19
65,18,4,travel_start,0,,3,20
65,18,10,travel_start,0,,6,19
65,18,23,travel_start,0,,15,18
65,18,8,state,0,1,5,20
65,19,21,state,2,3,14,17
66,3,1,travel_start,0,,1,16
66,3,2,travel_start,0,,2,15
66,3,3,state,0,1,2,17
66,4,16,state,2,3,11,20
66,6,15,travel_start,0,,11,12
66,6,9,travel_start,0,,6,13
66,6,17,travel_start,0,,12,13
66,6,19,travel_start,0,,13,12
66,6,20,travel_start,0,,14,15
66,6,22,state,0,1,15,16
66,7,21,state,3,0,14,17
66,9,6,travel_finish,,,4,19
66,9,8,state,1,2,5,20
66,9,14,travel_finish,,,10,19
66,9,4,travel_finish,,,3,20
66,9,10,travel_finish,,,6,19
66,9,23,travel_finish,,,15,18
66,12,11,state,2,3,7,12
66,13,7,travel_finish,,,5,12
66,13,13,state,1,2,10,13
66,14,0,state,3,0,1,14
67,3,13,state,2,3,10,13
67,4,0,travel_start,0,,1,14
67,4,6,travel_start,0,,4,19
67,4,7,travel_start,0,,5,12
67,4,5,state,0,1,4,13
67,5,11,state,3,0,7,12
67,8,14,travel_start,0,,10,19
67,8,21,travel_start,0,,14,17
67,8,18,travel_start,0,,12,19
67,8,23,travel_start,0,,15,18
67,8,12,state,0,1,9,20
67,10,3,state,1,2,2,17
67,10,1,travel_finish,,,1,16
67,10,2,travel_finish,,,2,15
67,11,8,state,2,3,5,20
67,12,15,travel_finish,,,11,12
67,12,9,travel_finish,,,6,13
67,12,17,travel_finish,,,12,13
67,12,19,travel_finish,,,13,12
67,12,22,state,1,2,15,16
67,12,20,travel_finish,,,14,15
67,13,16,state,3,0,11,20
68,3,16,travel_start,0,,11,20
68,3,10,travel_start,0,,6,19
68,3,4,state,0,1,3,20
68,4,8,state,3,0,5,20
68,5,12,state,1,2,9,20
68,5,14,travel_finish,,,10,19
68,5,21,travel_finish,,,14,17
68,5,18,travel_finish,,,12,19
68,5,23,travel_finish,,,15,18
68,6,22,state,2,3,15,16
68,7,3,state,2,3,2,17
68,12,11,travel_start,0,,7,12
68,12,15,travel_start,0,,11,12
68,12,9,travel_start,0,,6,13
68,12,19,travel_start,0,,13,12
68,12,17,state,0,1,12,13
68,13,0,travel_finish,,,1,14
68,13,5,state,1,2,4,13
68,13,6,travel_finish,,,4,19
68,13,7,travel_finish,,,5,12
68,14,13,state,3,0,10,13
69,5,4,state,1,2,3,20
69,5,16,travel_finish,,,11,20
69,5,10,travel_finish,,,6,19
69,7,12,state,2,3,9,20
69,9,8,travel_start,0,,5,20
69,9,0,travel_start,0,,1,14
69,9,6,travel_start,0,,4,19
69,9,14,travel_start,0,,10,19
69,9,16,travel_start,0,,11,20
69,9,2,travel_start,0,,2,15
69,9,1,state,0,1,1,16
69,10,22,state,3,0,15,16
69,11,13,travel_start,0,,10,13
69,11,7,travel_start,0,,5,12
69,11,21,travel_start,0,,14,17
69,11,22,travel_start,0,,15,16
69,11,20,travel_start,0,,14,15
69,11,23,state,0,1,15,18
69,12,3,state,3,0,2,17
69,14,11,travel_finish,,,7,12
69,14,15,travel_finish,,,11,12
69,14,17,state,1,2,12,13
69,14,9,travel_finish,,,6,13
69,14,19,travel_finish,,,13,12
69,15,5,state,2,3,4,13
70,3,5,state,3,0,4,13
70,4,17,state,2,3,12,13
70,6,3,travel_start,0,,2,17
70,6,5,travel_start,0,,4,13
70,6,11,travel_start,0,,7,12
70,6,9,state,0,1,6,13
70,11,8,travel_finish,,,5,20
70,11,0,travel_finish,,,1,14
70,11,1,state,1,2,1,16
70,11,6,travel_finish,,,4,19
70,11,14,travel_finish,,,10,19
70,11,16,travel_finish,,,11,20
70,11,2,travel_finish,,,2,15
70,12,15,travel_start,0,,11,12
70,12,14,travel_start,0,,10,19
70,12,16,travel_start,0,,11,20
70,12,18,state,0,1,12,19
70,13,13,travel_finish,,,10,13
70,13,7,travel_finish,,,5,12
70,13,21,travel_finish,,,14,17
70,13,22,travel_finish,,,15,16
70,13,23,state,1,2,15,18
70,13,20,travel_finish,,,14,15
70,14,4,state,2,3,3,20
70,15,12,state,3,0,9,20
71,3,23,state,2,3,15,18
71,4,4,state,3,0,3,20
71,5,4,travel_start,0,,3,20
71,5,8,travel_start,0,,5,20
71,5,12,travel_start,0,,9,20
71,5,10,travel_start,0,,6,19
71,5,21,travel_start,0,,14,17
71,5,22,travel_start,0,,15,16
71,5,6,state,0,1,4,19
71,6,1,state,2,3,1,16
71,7,15,travel_finish,,,11,12
71,7,18,state,1,2,12,19
71,7,14,travel_finish,,,10,19
71,7,16,travel_finish,,,11,20
71,11,13,travel_start,0,,10,13
71,11,0,travel_start,0,,1,14
71,11,7,travel_start,0,,5,12
71,11,15,travel_start,0,,11,12
71,11,19,state,0,1,13,12
71,12,17,state,3,0,12,13
71,13,3,travel_finish,,,2,17
71,13,5,travel_finish,,,4,13
71,13,9,state,1,2,6,13
71,13,11,travel_finish,,,7,12
72,3,23,state,3,0,15,18
72,4,1,state,3,0,1,16
72,6,4,travel_finish,,,3,20
72,6,6,state,1,2,4,19
72,6,8,travel_finish,,,5,20
72,6,12,travel_finish,,,9,20
72,6,10,travel_finish,,,6,19
72,6,21,travel_finish,,,14,17
72,6,22,travel_finish,,,15,16
72,8,18,state,2,3,12,19
72,11,13,travel_finish,,,10,13
72,11,19,state,1,2,13,12
72,11,0,travel_finish,,,1,14
72,11,7,travel_finish,,,5,12
72,11,15,travel_finish,,,11,12
72,12,9,state,2,3,6,13
72,15,1,travel_start,0,,1,16
72,15,3,travel_start,0,,2,17
72,15,4,travel_start,0,,3,20
72,15,8,travel_start,0,,5,20
72,15,12,travel_start,0,,9,20
72,15,0,travel_start,0,,1,14
72,15,2,state,0,1,2,15
72,16,17,travel_start,0,,12,13
72,16,5,travel_start,0,,4,13
72,16,11,travel_start,0,,7,12
72,16,13,travel_start,0,,10,13
72,16,23,travel_start,0,,15,18
72,16,21,travel_start,0,,14,17
72,16,22,travel_start,0,,15,16
72,16,20,state,0,1,14,15
73,3,18,state,3,0,12,19
73,4,18,travel_start,0,,12,19
73,4,14,travel_start,0,,10,19
73,4,16,state,0,1,11,20
73,6,6,state,2,3,4,19
73,8,7,state,0,1,5,12
73,10,19,state,2,3,13,12
73,11,1,travel_finish,,,1,16
73,11,2,state,1,2,2,15
73,11,3,travel_finish,,,2,17
73,11,4,travel_finish,,,3,20
73,11,8,travel_finish,,,5,20
73,11,12,travel_finish,,,9,20
73,11,0,travel_finish,,,1,14
73,12,17,travel_finish,,,12,13
73,12,5,travel_finish,,,4,13
73,12,11,travel_finish,,,7,12
73,12,13,travel_finish,,,10,13
73,12,20,state,1,2,14,15
73,12,23,travel_finish,,,15,18
73,12,21,travel_finish,,,14,17
73,12,22,travel_finish,,,15,16
73,13,9,state,3,0,6,13
74,3,4,travel_start,0,,3,20
74,3,8,travel_start,0,,5,20
74,3,12,travel_start,0,,9,20
74,3,23,travel_start,0,,15,18
74,3,10,state,0,1,6,19
74,5,6,state,3,0,4,19
74,8,16,state,1,2,11,20
74,8,18,travel_finish,,,12,19
74,8,14,travel_finish,,,10,19
74,13,9,travel_start,0,,6,13
74,13,17,travel_start,0,,12,13
74,13,1,travel_start,0,,1,16
74,13,3,travel_start,0,,2,17
74,13,5,travel_start,0,,4,13
74,13,11,travel_start,0,,7,12
74,13,13,travel_start,0,,10,13
74,13,15,state,0,1,11,12
74,14,2,state,2,3,2,15
74,15,19,state,3,0,13,12
74,16,20,state,2,3,14,15
74,17,7,state,1,2,5,12
75,3,20,state,3,0,14,15
75,4,9,travel_finish,,,6,13
75,4,15,state,1,2,11,12
75,4,17,travel_finish,,,12,13
75,4,1,travel_finish,,,1,16
75,4,3,travel_finish,,,2,17
75,4,5,travel_finish,,,4,13
75,4,11,travel_finish,,,7,12
75,4,13,travel_finish,,,10,13
75,5,2,state,3,0,2,15
75,7,7,state,2,3,5,12
75,8,6,travel_start,0,,4,19
75,8,2,travel_start,0,,2,15
75,8,18,travel_start,0,,12,19
75,8,1,travel_start,0,,1,16
75,8,3,travel_start,0,,2,17
75,8,0,state,0,1,1,14
75,10,10,state,1,2,6,19
75,10,4,travel_finish,,,3,20
75,10,8,travel_finish,,,5,20
75,10,12,travel_finish,,,9,20
75,10,23,travel_finish,,,15,18
75,11,19,travel_start,0,,13,12
75,11,9,travel_start,0,,6,13
75,11,17,travel_start,0,,12,13
75,11,20,travel_start,0,,14,15
75,11,21,travel_start,0,,14,17
75,11,23,travel_start,0,,15,18
75,11,22,state,0,1,15,16
75,13,16,state,2,3,11,20
76,3,12,travel_start,0,,9,20
76,3,14,state,0,1,10,19
76,5,16,state,3,0,11,20
76,7,10,state,2,3,6,19
76,8,19,travel_finish,,,13,12
76,8,9,travel_finish,,,6,13
76,8,17,travel_finish,,,12,13
76,8,20,travel_finish,,,14,15
76,8,22,state,1,2,15,16
76,8,21,travel_finish,,,14,17
76,8,23,travel_finish,,,15,18
76,10,15,state,2,3,11,12
76,12,5,travel_start,0,,4,13
76,12,9,travel_start,0,,6,13
76,12,11,state,0,1,7,12
76,13,6,travel_finish,,,4,19
76,13,0,state,1,2,1,14
76,13,2,travel_finish,,,2,15
76,13,18,travel_finish,,,12,19
76,13,1,travel_finish,,,1,16
76,13,3,travel_finish,,,2,17
76,14,7,state,3,0,5,12
77,3,7,travel_start,0,,5,12
77,3,19,travel_start,0,,13,12
77,3,2,travel_start,0,,2,15
77,3,13,travel_start,0,,10,13
77,3,17,state,0,1,12,13
77,4,11,state,1,2,7,12
77,4,5,travel_finish,,,4,13
77,4,9,travel_finish,,,6,13
77,5,0,state,2,3,1,14
77,7,15,state,3,0,11,12
77,14,6,travel_start,0,,4,19
77,14,16,travel_start,0,,11,20
77,14,4,travel_start,0,,3,20
77,14,18,travel_start,0,,12,19
77,14,20,travel_start,0,,14,15
77,14,8,state,0,1,5,20
77,15,10,state,3,0,6,19
77,16,22,state,2,3,15,16
77,18,14,state,1,2,10,19
77,18,12,travel_finish,,,9,20
78,3,11,state,2,3,7,12
78,6,7,travel_finish,,,5,12
78,6,17,state,1,2,12,13
78,6,19,travel_finish,,,13,12
78,6,2,travel_finish,,,2,15
78,6,13,travel_finish,,,10,13
78,8,0,state,3,0,1,14
78,11,22,state,3,0,15,16
78,12,15,travel_start,0,,11,12
78,12,7,travel_start,0,,5,12
78,12,19,travel_start,0,,13,12
78,12,22,travel_start,0,,15,16
78,12,23,travel_start,0,,15,18
78,12,21,state,0,1,14,17
78,13,14,state,2,3,10,19
78,14,6,travel_finish,,,4,19
78,14,8,state,1,2,5,20
78,14,16,travel_finish,,,11,20
78,14,4,travel_finish,,,3,20
78,14,18,travel_finish,,,12,19
78,14,20,travel_finish,,,14,15
78,15,10,travel_start,0,,6,19
78,15,0,travel_start,0,,1,14
78,15,6,travel_start,0,,4,19
78,15,16,travel_start,0,,11,20
78,15,1,travel_start,0,,1,16
78,15,2,travel_start,0,,2,15
78,15,3,state,0,1,2,17
79,4,12,travel_start,0,,9,20
79,4,20,travel_start,0,,14,15
79,4,18,state,0,1,12,19
79,5,10,travel_finish,,,6,19
79,5,0,travel_finish,,,1,14
79,5,3,state,1,2,2,17
79,5,6,travel_finish,,,4,19
79,5,16,travel_finish,,,11,20
79,5,1,travel_finish,,,1,16
79,5,2,travel_finish,,,2,15
79,6,14,state,3,0,10,19
79,7,8,state,2,3,5,20
79,8,15,travel_finish,,,11,12
79,8,7,travel_finish,,,5,12
79,8,19,travel_finish,,,13,12
79,8,21,state,1,2,14,17
79,8,22,travel_finish,,,15,16
79,8,23,travel_finish,,,15,18
79,11,10,travel_start,0,,6,19
79,11,0,travel_start,0,,1,14
79,11,5,travel_start,0,,4,13
79,11,7,travel_start,0,,5,12
79,11,9,state,0,1,6,13
79,13,17,state,2,3,12,13
79,14,11,state,3,0,7,12
80,6,9,state,1,2,6,13
80,6,10,travel_finish,,,6,19
80,6,0,travel_finish,,,1,14
80,6,5,travel_finish,,,4,13
80,6,7,travel_finish,,,5,12
80,7,11,travel_start,0,,7,12
80,7,15,travel_start,0,,11,12
80,7,19,travel_start,0,,13,12
80,7,13,state,0,1,10,13
80,8,17,state,3,0,12,13
80,10,14,travel_start,0,,10,19
80,10,4,travel_start,0,,3,20
80,10,10,travel_start,0,,6,19
80,10,16,travel_start,0,,11,20
80,10,22,travel_start,0,,15,16
80,10,6,state,0,1,4,19
80,11,3,state,2,3,2,17
80,13,8,state,3,0,5,20
80,15,18,state,1,2,12,19
80,15,12,travel_finish,,,9,20
80,15,20,travel_finish,,,14,15
80,16,21,state,2,3,14,17
81,4,11,travel_finish,,,7,12
81,4,13,state,1,2,10,13
81,4,15,travel_finish,,,11,12
81,4,19,travel_finish,,,13,12
81,5,17,travel_start,0,,12,13
81,5,11,travel_start,0,,7,12
81,5,15,travel_start,0,,11,12
81,5,23,travel_start,0,,15,18
81,5,20,state,0,1,14,15
81,7,8,travel_start,0,,5,20
81,7,0,travel_start,0,,1,14
81,7,1,travel_start,0,,1,16
81,7,2,state,0,1,2,15
81,8,9,state,2,3,6,13
81,10,6,state,1,2,4,19
81,10,14,travel_finish,,,10,19
81,10,4,travel_finish,,,3,20
81,10,10,travel_finish,,,6,19
81,10,16,travel_finish,,,11,20
81,10,22,travel_finish,,,15,16
81,11,3,state,3,0,2,17
81,12,18,state,2,3,12,19
81,13,21,state,3,0,14,17
82,3,3,travel_start,0,,2,17
82,3,5,travel_start,0,,4,13
82,3,7,state,0,1,5,12
82,4,13,state,2,3,10,13
82,6,8,travel_finish,,,5,20
82,6,2,state,1,2,2,15
82,6,0,travel_finish,,,1,14
82,6,1,travel_finish,,,1,16
82,7,17,travel_finish,,,12,13
82,7,11,travel_finish,,,7,12
82,7,15,travel_finish,,,11,12
82,7,20,state,1,2,14,15
82,7,23,travel_finish,,,15,18
82,8,9,state,3,0,6,13
82,15,18,state,3,0,12,19
82,18,14,travel_start,0,,10,19
82,18,17,travel_start,0,,12,13
82,18,18,travel_start,0,,12,19
82,18,21,travel_start,0,,14,17
82,18,12,travel_start,0,,9,20
82,18,22,travel_start,0,,15,16
82,18,16,state,0,1,11,20
82,19,6,state,2,3,4,19
83,3,14,travel_finish,,,10,19
83,3,16,state,1,2,11,20
83,3,17,travel_finish,,,12,13
83,3,18,travel_finish,,,12,19
83,3,21,travel_finish,,,14,17
83,3,12,travel_finish,,,9,20
83,3,22,travel_finish,,,15,16
83,4,6,state,3,0,4,19
83,5,6,travel_start,0,,4,19
83,5,8,travel_start,0,,5,20
83,5,10,travel_start,0,,6,19
83,5,14,travel_start,0,,10,19
83,5,18,travel_start,0,,12,19
83,5,21,travel_start,0,,14,17
83,5,4,state,0,1,3,20
83,9,9,travel_start,0,,6,13
83,9,11,travel_start,0,,7,12
83,9,17,travel_start,0,,12,13
83,9,19,travel_start,0,,13,12
83,9,15,state,0,1,11,12
83,10,13,state,3,0,10,13
83,11,20,state,2,3,14,15
83,12,2,state,2,3,2,15
83,14,3,travel_finish,,,2,17
83,14,7,state,1,2,5,12
83,14,5,travel_finish,,,4,13
84,3,4,state,1,2,3,20
84,3,6,travel_finish,,,4,19
84,3,8,travel_finish,,,5,20
84,3,10,travel_finish,,,6,19
84,3,14,travel_finish,,,10,19
84,3,18,travel_finish,,,12,19
84,3,21,travel_finish,,,14,17
84,4,3,travel_start,0,,2,17
84,4,6,travel_start,0,,4,19
84,4,8,travel_start,0,,5,20
84,4,0,travel_start,0,,1,14
84,4,1,state,0,1,1,16
84,5,13,travel_start,0,,10,13
84,5,21,travel_start,0,,14,17
84,5,22,travel_start,0,,15,16
84,5,23,state,0,1,15,18
84,7,16,state,2,3,11,20
84,10,9,travel_finish,,,6,13
84,10,15,state,1,2,11,12
84,10,11,travel_finish,,,7,12
84,10,17,travel_finish,,,12,13
84,10,19,travel_finish,,,13,12
84,11,20,state,3,0,14,15
84,12,2,state,3,0,2,15
84,13,7,state,2,3,5,12
85,3,16,state,3,0,11,20
85,4,16,travel_start,0,,11,20
85,4,20,travel_start,0,,14,15
85,4,12,travel_start,0,,9,20
85,4,14,travel_start,0,,10,19
85,4,18,state,0,1,12,19
85,5,13,travel_finish,,,10,13
85,5,23,state,1,2,15,18
85,5,21,travel_finish,,,14,17
85,5,22,travel_finish,,,15,16
85,6,4,state,2,3,3,20
85,8,1,state,1,2,1,16
85,8,3,travel_finish,,,2,17
85,8,6,travel_finish,,,4,19
85,8,8,travel_finish,,,5,20
85,8,0,travel_finish,,,1,14
85,13,2,travel_start,0,,2,15
85,13,9,travel_start,0,,6,13
85,13,3,travel_start,0,,2,17
85,13,11,travel_start,0,,7,12
85,13,5,state,0,1,4,13
85,14,15,state,2,3,11,12
85,16,7,state,3,0,5,12
86,4,15,state,3,0,11,12
86,5,7,travel_start,0,,5,12
86,5,13,travel_start,0,,10,13
86,5,15,travel_start,0,,11,12
86,5,19,travel_start,0,,13,12
86,5,17,state,0,1,12,13
86,6,2,travel_finish,,,2,15
86,6,5,state,1,2,4,13
86,6,9,travel_finish,,,6,13
86,6,3,travel_finish,,,2,17
86,6,11,travel_finish,,,7,12
86,10,6,travel_start,0,,4,19
86,10,8,travel_start,0,,5,20
86,10,10,state,0,1,6,19
86,11,4,state,3,0,3,20
86,12,16,travel_finish,,,11,20
86,12,18,state,1,2,12,19
86,12,20,travel_finish,,,14,15
86,12,12,travel_finish,,,9,20
86,12,14,travel_finish,,,10,19
86,13,1,state,2,3,1,16
86,14,23,state,2,3,15,18
87,5,7,travel_finish,,,5,12
87,5,13,travel_finish,,,10,13
87,5,15,travel_finish,,,11,12
87,5,17,state,1,2,12,13
87,5,19,travel_finish,,,13,12
87,6,5,state,2,3,4,13
87,9,4,travel_start,0,,3,20
87,9,2,travel_start,0,,2,15
87,9,16,travel_start,0,,11,20
87,9,3,travel_start,0,,2,17
87,9,0,state,0,1,1,14
87,11,7,travel_start,0,,5,12
87,11,9,travel_start,0,,6,13
87,11,13,travel_start,0,,10,13
87,11,15,travel_start,0,,11,12
87,11,20,travel_start,0,,14,15
87,11,22,travel_start,0,,15,16
87,11,21,state,0,1,14,17
87,12,1,state,3,0,1,16
87,13,23,state,3,0,15,18
87,14,18,state,2,3,12,19
87,16,10,state,1,2,6,19
87,16,6,travel_finish,,,4,19
87,16,8,travel_finish,,,5,20
88,4,5,state,3,0,4,13
88,5,4,travel_finish,,,3,20
88,5,0,state,1,2,1,14
88,5,2,travel_finish,,,2,15
88,5,16,travel_finish,,,11,20
88,5,3,travel_finish,,,2,17
88,6,1,travel_start,0,,1,16
88,6,4,travel_start,0,,3,20
88,6,5,travel_start,0,,4,13
88,6,2,travel_start,0,,2,15
88,6,11,state,0,1,7,12
88,7,17,state,2,3,12,13
88,10,18,state,3,0,12,19
88,12,7,travel_finish,,,5,12
88,12,9,travel_finish,,,6,13
88,12,13,travel_finish,,,10,13
88,12,15,travel_finish,,,11,12
88,12,20,travel_finish,,,14,15
88,12,21,state,1,2,14,17
88,12,22,travel_finish,,,15,16
88,13,18,travel_start,0,,12,19
88,13,23,travel_start,0,,15,18
88,13,14,travel_start,0,,10,19
88,13,16,travel_start,0,,11,20
88,13,20,travel_start,0,,14,15
88,13,12,state,0,1,9,20
88,14,10,state,2,3,6,19
89,3,7,travel_start,0,,5,12
89,3,9,travel_start,0,,6,13
89,3,15,travel_start,0,,11,12
89,3,19,travel_start,0,,13,12
89,3,13,state,0,1,10,13
89,4,17,state,3,0,12,13
89,5,1,travel_finish,,,1,16
89,5,4,travel_finish,,,3,20
89,5,5,travel_finish,,,4,13
89,5,11,state,1,2,7,12
89,5,2,travel_finish,,,2,15
89,6,0,state,2,3,1,14
89,8,4,travel_start,0,,3,20
89,8,8,travel_start,0,,5,20
89,8,6,state,0,1,4,19
89,9,12,state,1,2,9,20
89,9,18,travel_finish,,,12,19
89,9,23,travel_finish,,,15,18
89,9,14,travel_finish,,,10,19
89,9,16,travel_finish,,,11,20
89,9,20,travel_finish,,,14,15
89,11,21,state,2,3,14,17
89,12,10,state,3,0,6,19
90,3,21,state,3,0,14,17
90,8,10,travel_start,0,,6,19
90,8,1,travel_start,0,,1,16
90,8,18,travel_start,0,,12,19
90,8,2,travel_start,0,,2,15
90,8,3,state,0,1,2,17
90,9,6,state,1,2,4,19
90,9,4,travel_finish,,,3,20
90,9,8,travel_finish,,,5,20
90,10,12,state,2,3,9,20
90,11,17,travel_start,0,,12,13
90,11,5,travel_start,0,,4,13
90,11,21,travel_start,0,,14,17
90,11,23,travel_start,0,,15,18
90,11,20,travel_start,0,,14,15
90,11,22,state,0,1,15,16
90,14,13,state,1,2,10,13
90,14,7,travel_finish,,,5,12
90,14,9,travel_finish,,,6,13
90,14,15,travel_finish,,,11,12
90,14,19,travel_finish,,,13,12
90,15,0,state,3,0,1,14
90,16,11,state,2,3,7,12
91,5,13,state,2,3,10,13
91,6,0,travel_start,0,,1,14
91,6,9,travel_start,0,,6,13
91,6,7,state,0,1,5,12
91,7,11,state,3,0,7,12
91,10,10,travel_finish,,,6,19
91,10,1,travel_finish,,,1,16
91,10,3,state,1,2,2,17
91,10,18,travel_finish,,,12,19
91,10,2,travel_finish,,,2,15
91,12,17,travel_finish,,,12,13
91,12,5,travel_finish,,,4,13
91,12,21,travel_finish,,,14,17
91,12,22,state,1,2,15,16
91,12,23,travel_finish,,,15,18
91,12,20,travel_finish,,,14,15
91,13,12,state,3,0,9,20
91,14,12,travel_start,0,,9,20
91,14,17,travel_start,0,,12,13
91,14,16,travel_start,0,,11,20
91,14,18,travel_start,0,,12,19
91,14,21,travel_start,0,,14,17
91,14,23,travel_start,0,,15,18
91,14,14,state,0,1,10,19
91,16,6,state,2,3,4,19
92,4,13,state,3,0,10,13
92,6,11,travel_start,0,,7,12
92,6,13,travel_start,0,,10,13
92,6,1,travel_start,0,,1,16
92,6,5,travel_start,0,,4,13
92,6,15,travel_start,0,,11,12
92,6,19,state,0,1,13,12
92,8,0,travel_finish,,,1,14
92,8,7,state,1,2,5,12
92,8,9,travel_finish,,,6,13
92,10,12,travel_finish,,,9,20
92,10,14,state,1,2,10,19
92,10,17,travel_finish,,,12,13
92,10,16,travel_finish,,,11,20
92,10,18,travel_finish,,,12,19
92,10,21,travel_finish,,,14,17
92,10,23,travel_finish,,,15,18
92,12,22,state,2,3,15,16
92,13,3,state,2,3,2,17
92,14,6,state,3,0,4,19
92,15,6,travel_start,0,,4,19
92,15,10,travel_start,0,,6,19
92,15,4,travel_start,0,,3,20
92,15,12,travel_start,0,,9,20
92,15,8,state,0,1,5,20
93,3,17,travel_start,0,,12,13
93,3,20,travel_start,0,,14,15
93,3,21,travel_start,0,,14,17
93,3,23,state,0,1,15,18
93,5,22,state,3,0,15,16
93,6,3,state,3,0,2,17
93,7,6,travel_finish,,,4,19
93,7,8,state,1,2,5,20
93,7,10,travel_finish,,,6,19
93,7,4,travel_finish,,,3,20
93,7,12,travel_finish,,,9,20
93,9,14,state,2,3,10,19
93,11,11,travel_finish,,,7,12
93,11,13,travel_finish,,,10,13
93,11,19,state,1,2,13,12
93,11,1,travel_finish,,,1,16
93,11,5,travel_finish,,,4,13
93,11,15,travel_finish,,,11,12
93,12,0,travel_start,0,,1,14
93,12,3,travel_start,0,,2,17
93,12,6,travel_start,0,,4,19
93,12,10,travel_start,0,,6,19
93,12,1,travel_start,0,,1,16
93,12,2,state,0,1,2,15
93,13,7,state,2,3,5,12
94,3,11,travel_start,0,,7,12
94,3,5,travel_start,0,,4,13
94,3,9,state,0,1,6,13
94,5,7,state,3,0,5,12
94,7,0,travel_finish,,,1,14
94,7,2,state,1,2,2,15
94,7,3,travel_finish,,,2,17
94,7,6,travel_finish,,,4,19
94,7,10,travel_finish,,,6,19
94,7,1,travel_finish,,,1,16
94,8,19,state,2,3,13,12
94,11,14,state,3,0,10,19
94,12,17,travel_finish,,,12,13
94,12,23,state,1,2,15,18
94,12,20,travel_finish,,,14,15
94,12,21,travel_finish,,,14,17
94,16,13,travel_start,0,,10,13
94,16,14,travel_start,0,,10,19
94,16,22,travel_start,0,,15,16
94,16,12,travel_start,0,,9,20
94,16,16,travel_start,0,,11,20
94,16,18,state,0,1,12,19
94,20,8,state,2,3,5,20
95,4,7,travel_start,0,,5,12
95,4,0,travel_start,0,,1,14
95,4,3,travel_start,0,,2,17
95,4,17,travel_start,0,,12,13
95,4,15,state,0,1,11,12
95,6,19,state,3,0,13,12
95,7,2,state,2,3,2,15
95,8,9,state,1,2,6,13
95,8,11,travel_finish,,,7,12
95,8,5,travel_finish,,,4,13
95,11,6,travel_start,0,,4,19
95,11,10,travel_start,0,,6,19
95,11,4,state,0,1,3,20
95,12,8,state,3,0,5,20
95,13,23,state,2,3,15,18
95,14,13,travel_finish,,,10,13
95,14,14,travel_finish,,,10,19
95,14,18,state,1,2,12,19
95,14,22,travel_finish,,,15,16
95,14,12,travel_finish,,,9,20
95,14,16,travel_finish,,,11,20
96,4,7,travel_finish,,,5,12
96,4,15,state,1,2,11,12
96,4,0,travel_finish,,,1,14
96,4,3,travel_finish,,,2,17
96,4,17,travel_finish,,,12,13
96,7,2,state,3,0,2,15
96,10,9,state,2,3,6,13
96,11,19,travel_start,0,,13,12
96,11,7,travel_start,0,,5,12
96,11,11,travel_start,0,,7,12
96,11,13,travel_start,0,,10,13
96,11,22,travel_start,0,,15,16
96,11,21,travel_start,0,,14,17
96,11,20,state,0,1,14,15
96,14,18,state,2,3,12,19
96,15,4,state,1,2,3,20
96,15,6,travel_finish,,,4,19
96,15,10,travel_finish,,,6,19
96,16,23,state,3,0,15,18
96,17,8,travel_start,0,,5,20
96,17,2,travel_start,0,,2,15
96,17,14,travel_start,0,,10,19
96,17,0,travel_start,0,,1,14
96,17,3,travel_start,0,,2,17
96,17,1,state,0,1,1,16
97,3,4,state,2,3,3,20
97,5,8,travel_finish,,,5,20
97,5,1,state,1,2,1,16
97,5,2,travel_finish,,,2,15
97,5,14,travel_finish,,,10,19
97,5,0,travel_finish,,,1,14
97,5,3,travel_finish,,,2,17
97,8,18,state,3,0,12,19
97,9,18,travel_start,0,,12,19
97,9,23,travel_start,0,,15,18
97,9,14,travel_start,0,,10,19
97,9,16,travel_start,0,,11,20
97,9,12,state,0,1,9,20
97,11,9,state,3,0,6,13
97,12,15,state,2,3,11,12
97,13,19,travel_finish,,,13,12
97,13,7,travel_finish,,,5,12
97,13,11,travel_finish,,,7,12
97,13,13,travel_finish,,,10,13
97,13,20,state,1,2,14,15
97,13,22,travel_finish,,,15,16
97,13,21,travel_finish,,,14,17
97,16,8,travel_start,0,,5,20
97,16,9,travel_start,0,,6,13
97,16,2,travel_start,0,,2,15
97,16,7,travel_start,0,,5,12
97,16,11,travel_start,0,,7,12
97,16,5,state,0,1,4,13
98,8,15,state,3,0,11,12
98,9,20,state,2,3,14,15
98,11,15,travel_start,0,,11,12
98,11,19,travel_start,0,,13,12
98,11,13,travel_start,0,,10,13
98,11,17,state,0,1,12,13
98,12,5,state,1,2,4,13
98,12,8,travel_finish,,,5,20
98,12,9,travel_finish,,,6,13
98,12,2,travel_finish,,,2,15
98,12,7,travel_finish,,,5,12
98,12,11,travel_finish,,,7,12
98,14,8,travel_start,0,,5,20
98,14,10,travel_start,0,,6,19
98,14,22,travel_start,0,,15,16
98,14,6,state,0,1,4,19
98,15,1,state,2,3,1,16
98,16,12,state,1,2,9,20
98,16,18,travel_finish,,,12,19
98,16,23,travel_finish,,,15,18
98,16,14,travel_finish,,,10,19
98,16,16,travel_finish,,,11,20
98,17,4,state,3,0,3,20
99,3,12,state,2,3,9,20
99,4,1,state,3,0,1,16
99,6,6,state,1,2,4,19
99,6,8,travel_finish,,,5,20
99,6,10,travel_finish,,,6,19
99,6,22,travel_finish,,,15,16
99,14,4,travel_start,0,,3,20
99,14,1,travel_start,0,,1,16
99,14,18,travel_start,0,,12,19
99,14,0,travel_start,0,,1,14
99,14,2,travel_start,0,,2,15
99,14,3,state,0,1,2,17
99,16,9,travel_start,0,,6,13
99,16,23,travel_start,0,,15,18
99,16,22,travel_start,0,,15,16
99,16,21,state,0,1,14,17
99,21,20,state,3,0,14,15
99,22,15,travel_finish,,,11,12
99,22,17,state,1,2,12,13
99,22,19,travel_finish,,,13,12
99,22,13,travel_finish,,,10,13
99,23,5,state,2,3,4,13
100,3,12,state,3,0,9,20
100,4,6,state,2,3,4,19
100,7,4,travel_finish,,,3,20
100,7,1,travel_finish,,,1,16
100,7,3,state,1,2,2,17
100,7,18,travel_finish,,,12,19
100,7,0,travel_finish,,,1,14
100,7,2,travel_finish,,,2,15
100,9,12,travel_start,0,,9,20
100,9,15,travel_start,0,,11,12
100,9,19,travel_start,0,,13,12
100,9,20,travel_start,0,,14,15
100,9,16,travel_start,0,,11,20
100,9,18,travel_start,0,,12,19
100,9,14,state,0,1,10,19
100,10,9,travel_finish,,,6,13
100,10,21,state,1,2,14,17
100,10,23,travel_finish,,,15,18
100,10,22,travel_finish,,,15,16
100,12,17,state,2,3,12,13
100,13,5,state,3,0,4,13
100,19,4,travel_start,0,,3,20
100,19,5,travel_start,0,,4,13
100,19,1,travel_start,0,,1,16
100,19,7,travel_start,0,,5,12
100,19,9,travel_start,0,,6,13
100,19,11,state,0,1,7,12
101,3,17,state,3,0,12,13
101,5,4,travel_finish,,,3,20
101,5,5,travel_finish,,,4,13
101,5,11,state,1,2,7,12
101,5,1,travel_finish,,,1,16
101,5,7,travel_finish,,,5,12
101,5,9,travel_finish,,,6,13
101,7,17,travel_start,0,,12,13
101,7,5,travel_start,0,,4,13
101,7,13,state,0,1,10,13
101,10,4,travel_start,0,,3,20
101,10,8,travel_start,0,,5,20
101,10,23,travel_start,0,,15,18
101,10,10,state,0,1,6,19
101,13,12,travel_finish,,,9,20
101,13,14,state,1,2,10,19
101,13,15,travel_finish,,,11,12
101,13,19,travel_finish,,,13,12
101,13,20,travel_finish,,,14,15
101,13,16,travel_finish,,,11,20
101,13,18,travel_finish,,,12,19
101,14,3,state,2,3,2,17
101,15,21,state,2,3,14,17
101,17,6,state,3,0,4,19
102,3,10,state,1,2,6,19
102,3,4,travel_finish,,,3,20
102,3,8,travel_finish,,,5,20
102,3,23,travel_finish,,,15,18
102,4,3,state,3,0,2,17
102,5,14,state,2,3,10,19
102,6,15,travel_start,0,,11,12
102,6,19,travel_start,0,,13,12
102,6,20,travel_start,0,,14,15
102,6,23,travel_start,0,,15,18
102,6,22,state,0,1,15,16
102,7,21,state,3,0,14,17
102,11,6,travel_start,0,,4,19
102,11,3,travel_start,0,,2,17
102,11,12,travel_start,0,,9,20
102,11,0,travel_start,0,,1,14
102,11,2,travel_start,0,,2,15
102,11,1,state,0,1,1,16
102,14,11,state,2,3,7,12
102,16,13,state,1,2,10,13
102,16,17,travel_finish,,,12,13
102,16,5,travel_finish,,,4,13
103,3,15,travel_finish,,,11,12
103,3,19,travel_finish,,,13,12
103,3,20,travel_finish,,,14,15
103,3,22,state,1,2,15,16
103,3,23,travel_finish,,,15,18
103,4,17,travel_start,0,,12,13
103,4,21,travel_start,0,,14,17
103,4,16,travel_start,0,,11,20
103,4,20,travel_start,0,,14,15
103,4,18,state,0,1,12,19
103,6,6,travel_finish,,,4,19
103,6,1,state,1,2,1,16
103,6,3,travel_finish,,,2,17
103,6,12,travel_finish,,,9,20
103,6,0,travel_finish,,,1,14
103,6,2,travel_finish,,,2,15
103,7,10,state,2,3,6,19
103,9,14,state,3,0,10,19
103,13,13,state,2,3,10,13
103,15,6,travel_start,0,,4,19
103,15,3,travel_start,0,,2,17
103,15,5,travel_start,0,,4,13
103,15,9,travel_start,0,,6,13
103,15,7,state,0,1,5,12
103,17,11,state,3,0,7,12
104,5,14,travel_start,0,,10,19
104,5,8,travel_start,0,,5,20
104,5,12,travel_start,0,,9,20
104,5,4,state,0,1,3,20
104,7,1,state,2,3,1,16
104,8,22,state,2,3,15,16
104,9,10,state,3,0,6,19
104,10,17,travel_finish,,,12,13
104,10,18,state,1,2,12,19
104,10,21,travel_finish,,,14,17
104,10,16,travel_finish,,,11,20
104,10,20,travel_finish,,,14,15
104,13,6,travel_finish,,,4,19
104,13,7,state,1,2,5,12
104,13,3,travel_finish,,,2,17
104,13,5,travel_finish,,,4,13
104,13,9,travel_finish,,,6,13
104,14,13,state,3,0,10,13
104,15,11,travel_start,0,,7,12
104,15,13,travel_start,0,,10,13
104,15,17,travel_start,0,,12,13
104,15,19,travel_start,0,,13,12
104,15,15,state,0,1,11,12
105,5,22,state,3,0,15,16
105,8,10,travel_start,0,,6,19
105,8,6,travel_start,0,,4,19
105,8,0,travel_start,0,,1,14
105,8,2,travel_start,0,,2,15
105,8,3,state,0,1,2,17
105,9,18,state,2,3,12,19
105,11,1,state,3,0,1,16
105,12,4,state,1,2,3,20
105,12,14,travel_finish,,,10,19
105,12,8,travel_finish,,,5,20
105,12,12,travel_finish,,,9,20
105,13,21,travel_start,0,,14,17
105,13,22,travel_start,0,,15,16
105,13,20,travel_start,0,,14,15
105,13,23,state,0,1,15,18
105,15,7,state,2,3,5,12
105,16,11,travel_finish,,,7,12
105,16,13,travel_finish,,,10,13
105,16,15,state,1,2,11,12
105,16,17,travel_finish,,,12,13
105,16,19,travel_finish,,,13,12
106,5,4,state,2,3,3,20
106,7,13,travel_start,0,,10,13
106,7,14,travel_start,0,,10,19
106,7,12,travel_start,0,,9,20
106,7,16,state,0,1,11,20
106,8,21,travel_finish,,,14,17
106,8,22,travel_finish,,,15,16
106,8,23,state,1,2,15,18
106,8,20,travel_finish,,,14,15
106,9,18,state,3,0,12,19
106,10,10,travel_finish,,,6,19
106,10,3,state,1,2,2,17
106,10,6,travel_finish,,,4,19
106,10,0,travel_finish,,,1,14
106,10,2,travel_finish,,,2,15
106,16,7,state,3,0,5,12
106,18,1,travel_start,0,,1,16
106,18,7,travel_start,0,,5,12
106,18,10,travel_start,0,,6,19
106,18,11,travel_start,0,,7,12
106,18,5,travel_start,0,,4,13
106,18,9,state,0,1,6,13
106,20,15,state,2,3,11,12
107,3,17,travel_start,0,,12,13
107,3,19,state,0,1,13,12
107,5,15,state,3,0,11,12
107,6,1,travel_finish,,,1,16
107,6,7,travel_finish,,,5,12
107,6,9,state,1,2,6,13
107,6,10,travel_finish,,,6,19
107,6,11,travel_finish,,,7,12
107,6,5,travel_finish,,,4,13
107,10,18,travel_start,0,,12,19
107,10,6,travel_start,0,,4,19
107,10,10,travel_start,0,,6,19
107,10,21,travel_start,0,,14,17
107,10,22,travel_start,0,,15,16
107,10,8,state,0,1,5,20
107,11,3,state,2,3,2,17
107,13,23,state,2,3,15,18
107,14,13,travel_finish,,,10,13
107,14,14,travel_finish,,,10,19
107,14,16,state,1,2,11,20
107,14,12,travel_finish,,,9,20
107,15,4,state,3,0,3,20
108,4,19,state,1,2,13,12
108,4,17,travel_finish,,,12,13
108,5,4,travel_start,0,,3,20
108,5,1,travel_start,0,,1,16
108,5,14,travel_start,0,,10,19
108,5,2,travel_start,0,,2,15
108,5,0,state,0,1,1,14
108,6,9,state,2,3,6,13
108,11,15,travel_start,0,,11,12
108,11,7,travel_start,0,,5,12
108,11,11,travel_start,0,,7,12
108,11,13,travel_start,0,,10,13
108,11,20,state,0,1,14,15
108,13,8,state,1,2,5,20
108,13,18,travel_finish,,,12,19
108,13,6,travel_finish,,,4,19
108,13,10,travel_finish,,,6,19
108,13,21,travel_finish,,,14,17
108,13,22,travel_finish,,,15,16
108,15,16,state,2,3,11,20
108,16,3,state,3,0,2,17
108,17,23,state,3,0,15,18
109,3,8,state,2,3,5,20
109,5,18,travel_start,0,,12,19
109,5,23,travel_start,0,,15,18
109,5,21,travel_start,0,,14,17
109,5,22,travel_start,0,,15,16
109,5,12,state,0,1,9,20
109,6,16,state,3,0,11,20
109,11,3,travel_start,0,,2,17
109,11,5,state,0,1,4,13
109,12,15,travel_finish,,,11,12
109,12,7,travel_finish,,,5,12
109,12,11,travel_finish,,,7,12
109,12,13,travel_finish,,,10,13
109,12,20,state,1,2,14,15
109,13,4,travel_finish,,,3,20
109,13,0,state,1,2,1,14
109,13,1,travel_finish,,,1,16
109,13,14,travel_finish,,,10,19
109,13,2,travel_finish,,,2,15
109,14,9,state,3,0,6,13
109,15,19,state,2,3,13,12
110,4,3,travel_finish,,,2,17
110,4,5,state,1,2,4,13
110,5,9,travel_start,0,,6,13
110,5,15,travel_start,0,,11,12
110,5,1,travel_start,0,,1,16
110,5,3,travel_start,0,,2,17
110,5,7,travel_start,0,,5,12
110,5,11,travel_start,0,,7,12
110,5,17,travel_start,0,,12,13
110,5,13,state,0,1,10,13
110,6,0,state,2,3,1,14
110,8,19,state,3,0,13,12
110,9,20,state,2,3,14,15
110,13,4,travel_start,0,,3,20
110,13,16,travel_start,0,,11,20
110,13,10,travel_start,0,,6,19
110,13,14,travel_start,0,,10,19
110,13,6,state,0,1,4,19
110,14,12,state,1,2,9,20
110,14,18,travel_finish,,,12,19
110,14,23,travel_finish,,,15,18
110,14,21,travel_finish,,,14,17
110,14,22,travel_finish,,,15,16
110,15,8,state,3,0,5,20
111,3,20,state,3,0,14,15
111,5,5,state,2,3,4,13
111,6,9,travel_finish,,,6,13
111,6,13,state,1,2,10,13
111,6,15,travel_finish,,,11,12
111,6,1,travel_finish,,,1,16
111,6,3,travel_finish,,,2,17
111,6,7,travel_finish,,,5,12
111,6,11,travel_finish,,,7,12
111,6,17,travel_finish,,,12,13
111,7,0,state,3,0,1,14
111,8,8,travel_start,0,,5,20
111,8,0,travel_start,0,,1,14
111,8,18,travel_start,0,,12,19
111,8,1,travel_start,0,,1,16
111,8,3,travel_start,0,,2,17
111,8,2,state,0,1,2,15
111,11,19,travel_start,0,,13,12
111,11,9,travel_start,0,,6,13
111,11,15,travel_start,0,,11,12
111,11,20,travel_start,0,,14,15
111,11,23,travel_start,0,,15,18
111,11,21,travel_start,0,,14,17
111,11,22,state,0,1,15,16
111,12,4,travel_finish,,,3,20
111,12,6,state,1,2,4,19
111,12,16,travel_finish,,,11,20
111,12,10,travel_finish,,,6,19
111,12,14,travel_finish,,,10,19
111,13,12,state,2,3,9,20
112,3,16,travel_start,0,,11,20
112,3,14,state,0,1,10,19
112,4,6,state,2,3,4,19
112,5,19,travel_finish,,,13,12
112,5,9,travel_finish,,,6,13
112,5,15,travel_finish,,,11,12
112,5,20,travel_finish,,,14,15
112,5,22,state,1,2,15,16
112,5,23,travel_finish,,,15,18
112,5,21,travel_finish,,,14,17
112,7,12,state,3,0,9,20
112,10,8,travel_finish,,,5,20
112,10,0,travel_finish,,,1,14
112,10,2,state,1,2,2,15
112,10,18,travel_finish,,,12,19
112,10,1,travel_finish,,,1,16
112,10,3,travel_finish,,,2,17
112,13,13,state,2,3,10,13
112,14,4,travel_start,0,,3,20
112,14,8,travel_start,0,,5,20
112,14,0,travel_start,0,,1,14
112,14,9,travel_start,0,,6,13
112,14,11,travel_start,0,,7,12
112,14,7,state,0,1,5,12
112,18,5,state,3,0,4,13
113,3,6,state,3,0,4,19
113,6,14,state,1,2,10,19
113,6,16,travel_finish,,,11,20
113,8,22,state,2,3,15,16
113,11,6,travel_start,0,,4,19
113,11,12,travel_start,0,,9,20
113,11,16,travel_start,0,,11,20
113,11,18,travel_start,0,,12,19
113,11,20,travel_start,0,,14,15
113,11,23,travel_start,0,,15,18
113,11,10,state,0,1,6,19
113,14,2,state,2,3,2,15
113,17,13,state,3,0,10,13
113,18,4,travel_finish,,,3,20
113,18,7,state,1,2,5,12
113,18,8,travel_finish,,,5,20
113,18,0,travel_finish,,,1,14
113,18,9,travel_finish,,,6,13
113,18,11,travel_finish,,,7,12
113,19,5,travel_start,0,,4,13
113,19,13,travel_start,0,,10,13
113,19,19,travel_start,0,,13,12
113,19,17,travel_start,0,,12,13
113,19,15,state,0,1,11,12
114,5,2,state,3,0,2,15
114,6,2,travel_start,0,,2,15
114,6,4,travel_start,0,,3,20
114,6,8,travel_start,0,,5,20
114,6,1,travel_start,0,,1,16
114,6,3,travel_start,0,,2,17
114,6,0,state,0,1,1,14
114,7,5,travel_finish,,,4,13
114,7,13,travel_finish,,,10,13
114,7,15,state,1,2,11,12
114,7,19,travel_finish,,,13,12
114,7,17,travel_finish,,,12,13
114,8,7,state,2,3,5,12
114,10,6,travel_finish,,,4,19
114,10,10,state,1,2,6,19
114,10,12,travel_finish,,,9,20
114,10,16,travel_finish,,,11,20
114,10,18,travel_finish,,,12,19
114,10,20,travel_finish,,,14,15
114,10,23,travel_finish,,,15,18
114,11,22,state,3,0,15,16
114,12,5,travel_start,0,,4,13
114,12,13,travel_start,0,,10,13
114,12,19,travel_start,0,,13,12
114,12,22,travel_start,0,,15,16
114,12,20,travel_start,0,,14,15
114,12,23,travel_start,0,,15,18
114,12,21,state,0,1,14,17
114,13,14,state,2,3,10,19
115,3,10,state,2,3,6,19
115,4,12,travel_start,0,,9,20
115,4,18,travel_start,0,,12,19
115,4,16,state,0,1,11,20
115,6,5,travel_finish,,,4,13
115,6,13,travel_finish,,,10,13
115,6,19,travel_finish,,,13,12
115,6,21,state,1,2,14,17
115,6,22,travel_finish,,,15,16
115,6,20,travel_finish,,,14,15
115,6,23,travel_finish,,,15,18
115,7,14,state,3,0,10,19
115,9,0,state,1,2,1,14
115,9,2,travel_finish,,,2,15
115,9,4,travel_finish,,,3,20
115,9,8,travel_finish,,,5,20
115,9,1,travel_finish,,,1,16
115,9,3,travel_finish,,,2,17
115,12,6,travel_start,0,,4,19
115,12,2,travel_start,0,,2,15
115,12,5,travel_start,0,,4,13
115,12,9,travel_start,0,,6,13
115,12,11,state,0,1,7,12
115,13,7,state,3,0,5,12
115,14,15,state,2,3,11,12
116,3,6,travel_finish,,,4,19
116,3,11,state,1,2,7,12
116,3,2,travel_finish,,,2,15
116,3,5,travel_finish,,,4,13
116,3,9,travel_finish,,,6,13
116,4,0,state,2,3,1,14
116,5,7,travel_start,0,,5,12
116,5,17,travel_start,0,,12,13
116,5,19,travel_start,0,,13,12
116,5,13,state,0,1,10,13
116,6,15,state,3,0,11,12
116,10,10,state,3,0,6,19
116,13,21,state,2,3,14,17
116,16,12,travel_finish,,,9,20
116,16,16,state,1,2,11,20
116,16,18,travel_finish,,,12,19
116,17,10,travel_start,0,,6,19
116,17,14,travel_start,0,,10,19
116,17,4,travel_start,0,,3,20
116,17,6,travel_start,0,,4,19
116,17,12,travel_start,0,,9,20
116,17,22,travel_start,0,,15,16
116,17,8,state,0,1,5,20
117,3,21,state,3,0,14,17
117,5,1,travel_start,0,,1,16
117,5,2,travel_start,0,,2,15
117,5,3,state,0,1,2,17
117,6,16,state,2,3,11,20
117,7,15,travel_start,0,,11,12
117,7,21,travel_start,0,,14,17
117,7,20,travel_start,0,,14,15
117,7,23,state,0,1,15,18
117,8,8,state,1,2,5,20
117,8,10,travel_finish,,,6,19
117,8,14,travel_finish,,,10,19
117,8,4,travel_finish,,,3,20
117,8,6,travel_finish,,,4,19
117,8,12,travel_finish,,,9,20
117,8,22,travel_finish,,,15,16
117,10,7,travel_finish,,,5,12
117,10,13,state,1,2,10,13
117,10,17,travel_finish,,,12,13
117,10,19,travel_finish,,,13,12
117,11,11,state,2,3,7,12
117,12,0,state,3,0,1,14
118,3,0,travel_start,0,,1,14
118,3,7,travel_start,0,,5,12
118,3,10,travel_start,0,,6,19
118,3,9,travel_start,0,,6,13
118,3,5,state,0,1,4,13
118,5,11,state,3,0,7,12
118,6,13,state,2,3,10,13
118,9,15,travel_finish,,,11,12
118,9,21,travel_finish,,,14,17
118,9,23,state,1,2,15,18
118,9,20,travel_finish,,,14,15
118,12,3,state,1,2,2,17
118,12,1,travel_finish,,,1,16
118,12,2,travel_finish,,,2,15
118,14,14,travel_start,0,,10,19
118,14,15,travel_start,0,,11,12
118,14,18,travel_start,0,,12,19
118,14,21,travel_start,0,,14,17
118,14,22,travel_start,0,,15,16
118,14,12,state,0,1,9,20
118,15,16,state,3,0,11,20
118,17,8,state,2,3,5,20
119,3,23,state,2,3,15,18
119,5,12,state,1,2,9,20
119,5,14,travel_finish,,,10,19
119,5,15,travel_finish,,,11,12
119,5,18,travel_finish,,,12,19
119,5,21,travel_finish,,,14,17
119,5,22,travel_finish,,,15,16
119,6,16,travel_start,0,,11,20
119,6,4,travel_start,0,,3,20
119,6,14,travel_start,0,,10,19
119,6,6,state,0,1,4,19
119,7,3,state,2,3,2,17
119,8,8,state,3,0,5,20
119,14,13,state,3,0,10,13
119,16,11,travel_start,0,,7,12
119,16,13,travel_start,0,,10,13
119,16,15,travel_start,0,,11,12
119,16,17,travel_start,0,,12,13
119,16,19,state,0,1,13,12
119,17,0,travel_finish,,,1,14
119,17,5,state,1,2,4,13
119,17,7,travel_finish,,,5,12
119,17,10,travel_finish,,,6,19
119,17,9,travel_finish,,,6,13
120,3,5,state,2,3,4,13
120,4,7,travel_start,0,,5,12
120,4,21,travel_start,0,,14,17
120,4,22,travel_start,0,,15,16
120,4,20,state,0,1,14,15
120,5,8,travel_start,0,,5,20
120,5,0,travel_start,0,,1,14
120,5,10,travel_start,0,,6,19
120,5,1,travel_start,0,,1,16
120,5,2,state,0,1,2,15
120,6,11,travel_finish,,,7,12
120,6,13,travel_finish,,,10,13
120,6,19,state,1,2,13,12
120,6,15,travel_finish,,,11,12
120,6,17,travel_finish,,,12,13
120,9,6,state,1,2,4,19
120,9,16,travel_finish,,,11,20
120,9,4,travel_finish,,,3,20
120,9,14,travel_finish,,,10,19
120,10,23,state,3,0,15,18
120,11,3,state,3,0,2,17
120,12,12,state,2,3,9,20
121,3,12,state,3,0,9,20
121,4,12,travel_start,0,,9,20
121,4,13,travel_start,0,,10,13
121,4,16,travel_start,0,,11,20
121,4,23,travel_start,0,,15,18
121,4,18,travel_start,0,,12,19
121,4,14,state,0,1,10,19
121,6,6,state,2,3,4,19
121,9,3,travel_start,0,,2,17
121,9,11,travel_start,0,,7,12
121,9,9,state,0,1,6,13
121,10,8,travel_finish,,,5,20
121,10,0,travel_finish,,,1,14
121,10,2,state,1,2,2,15
121,10,10,travel_finish,,,6,19
121,10,1,travel_finish,,,1,16
121,12,5,state,3,0,4,13
121,14,7,travel_finish,,,5,12
121,14,20,state,1,2,14,15
121,14,21,travel_finish,,,14,17
121,14,22,travel_finish,,,15,16
121,15,19,state,2,3,13,12
122,3,12,travel_finish,,,9,20
122,3,13,travel_finish,,,10,13
122,3,14,state,1,2,10,19
122,3,16,travel_finish,,,11,20
122,3,23,travel_finish,,,15,18
122,3,18,travel_finish,,,12,19
122,5,8,travel_start,0,,5,20
122,5,10,travel_start,0,,6,19
122,5,12,travel_start,0,,9,20
122,5,16,travel_start,0,,11,20
122,5,23,travel_start,0,,15,18
122,5,4,state,0,1,3,20
122,8,6,state,3,0,4,19
122,14,19,state,3,0,13,12
122,15,3,travel_finish,,,2,17
122,15,9,state,1,2,6,13
122,15,11,travel_finish,,,7,12
122,16,5,travel_start,0,,4,13
122,16,19,travel_start,0,,13,12
122,16,0,travel_start,0,,1,14
122,16,3,travel_start,0,,2,17
122,16,7,travel_start,0,,5,12
122,16,11,travel_start,0,,7,12
122,16,13,travel_start,0,,10,13
122,16,17,travel_start,0,,12,13
122,16,15,state,0,1,11,12
122,17,20,state,2,3,14,15
122,18,2,state,2,3,2,15
123,3,5,travel_finish,,,4,13
123,3,15,state,1,2,11,12
123,3,19,travel_finish,,,13,12
123,3,0,travel_finish,,,1,14
123,3,3,travel_finish,,,2,17
123,3,7,travel_finish,,,5,12
123,3,11,travel_finish,,,7,12
123,3,13,travel_finish,,,10,13
123,3,17,travel_finish,,,12,13
123,4,20,state,3,0,14,15
123,5,2,state,3,0,2,15
123,6,9,state,2,3,6,13
123,8,6,travel_start,0,,4,19
123,8,2,travel_start,0,,2,15
123,8,0,travel_start,0,,1,14
123,8,3,travel_start,0,,2,17
123,8,1,state,0,1,1,16
123,9,14,state,2,3,10,19
123,11,4,state,1,2,3,20
123,11,8,travel_finish,,,5,20
123,11,10,travel_finish,,,6,19
123,11,12,travel_finish,,,9,20
123,11,16,travel_finish,,,11,20
123,11,23,travel_finish,,,15,18
123,12,5,travel_start,0,,4,13
123,12,19,travel_start,0,,13,12
123,12,20,travel_start,0,,14,15
123,12,22,travel_start,0,,15,16
123,12,23,travel_start,0,,15,18
123,12,21,state,0,1,14,17
124,3,12,travel_start,0,,9,20
124,3,16,travel_start,0,,11,20
124,3,18,state,0,1,12,19
124,4,6,travel_finish,,,4,19
124,4,1,state,1,2,1,16
124,4,2,travel_finish,,,2,15
124,4,0,travel_finish,,,1,14
124,4,3,travel_finish,,,2,17
124,6,4,state,2,3,3,20
124,8,5,travel_finish,,,4,13
124,8,19,travel_finish,,,13,12
124,8,20,travel_finish,,,14,15
124,8,21,state,1,2,14,17
124,8,22,travel_finish,,,15,16
124,8,23,travel_finish,,,15,18
124,9,14,state,3,0,10,19
124,13,6,travel_start,0,,4,19
124,13,8,travel_start,0,,5,20
124,13,2,travel_start,0,,2,15
124,13,5,travel_start,0,,4,13
124,13,7,travel_start,0,,5,12
124,13,11,state,0,1,7,12
124,14,15,state,2,3,11,12
124,17,9,state,3,0,6,13
125,4,1,state,2,3,1,16
125,8,14,travel_start,0,,10,19
125,8,20,travel_start,0,,14,15
125,8,10,state,0,1,6,19
125,9,18,state,1,2,12,19
125,9,12,travel_finish,,,9,20
125,9,16,travel_finish,,,11,20
125,10,4,state,3,0,3,20
125,11,21,state,2,3,14,17
125,13,9,travel_start,0,,6,13
125,13,13,travel_start,0,,10,13
125,13,17,travel_start,0,,12,13
125,13,19,state,0,1,13,12
125,14,15,state,3,0,11,12
125,16,6,travel_finish,,,4,19
125,16,8,travel_finish,,,5,20
125,16,11,state,1,2,7,12
125,16,2,travel_finish,,,2,15
125,16,5,travel_finish,,,4,13
125,16,7,travel_finish,,,5,12
126,4,4,travel_start,0,,3,20
126,4,6,travel_start,0,,4,19
126,4,8,travel_start,0,,5,20
126,4,2,travel_start,0,,2,15
126,4,3,travel_start,0,,2,17
126,4,0,state,0,1,1,14
126,5,9,travel_finish,,,6,13
126,5,19,state,1,2,13,12
126,5,13,travel_finish,,,10,13
126,5,17,travel_finish,,,12,13
126,8,11,state,2,3,7,12
126,10,10,state,1,2,6,19
126,10,14,travel_finish,,,10,19
126,10,20,travel_finish,,,14,15
126,11,1,state,3,0,1,16
126,13,15,travel_start,0,,11,12
126,13,9,travel_start,0,,6,13
126,13,20,travel_start,0,,14,15
126,13,23,travel_start,0,,15,18
126,13,22,state,0,1,15,16
126,15,18,state,2,3,12,19
126,16,21,state,3,0,14,17
127,3,15,travel_finish,,,11,12
127,3,9,travel_finish,,,6,13
127,3,22,state,1,2,15,16
127,3,20,travel_finish,,,14,15
127,3,23,travel_finish,,,15,18
127,5,18,state,3,0,12,19
127,6,10,state,2,3,6,19
127,7,14,travel_start,0,,10,19
127,7,15,travel_start,0,,11,12
127,7,18,travel_start,0,,12,19
127,7,21,travel_start,0,,14,17
127,7,16,travel_start,0,,11,20
127,7,12,state,0,1,9,20
127,12,11,state,3,0,7,12
127,13,1,travel_start,0,,1,16
127,13,11,travel_start,0,,7,12
127,13,7,travel_start,0,,5,12
127,13,9,travel_start,0,,6,13
127,13,5,state,0,1,4,13
127,14,19,state,2,3,13,12
127,15,4,travel_finish,,,3,20
127,15,0,state,1,2,1,14
127,15,6,travel_finish,,,4,19
127,15,8,travel_finish,,,5,20
127,15,2,travel_finish,,,2,15
127,15,3,travel_finish,,,2,17
128,3,13,travel_start,0,,10,13
128,3,17,state,0,1,12,13
128,4,1,travel_finish,,,1,16
128,4,5,state,1,2,4,13
128,4,11,travel_finish,,,7,12
128,4,7,travel_finish,,,5,12
128,4,9,travel_finish,,,6,13
128,5,19,state,3,0,13,12
128,8,0,state,2,3,1,14
128,10,12,state,1,2,9,20
128,10,14,travel_finish,,,10,19
128,10,15,travel_finish,,,11,12
128,10,18,travel_finish,,,12,19
128,10,21,travel_finish,,,14,17
128,10,16,travel_finish,,,11,20
128,11,22,state,2,3,15,16
128,12,10,state,3,0,6,19
128,14,4,travel_start,0,,3,20
128,14,10,travel_start,0,,6,19
128,14,6,travel_start,0,,4,19
128,14,14,travel_start,0,,10,19
128,14,18,travel_start,0,,12,19
128,14,21,travel_start,0,,14,17
128,14,8,state,0,1,5,20
129,3,19,travel_start,0,,13,12
129,3,11,travel_start,0,,7,12
129,3,15,travel_start,0,,11,12
129,3,23,travel_start,0,,15,18
129,3,20,state,0,1,14,15
129,5,17,state,1,2,12,13
129,5,13,travel_finish,,,10,13
129,6,1,travel_start,0,,1,16
129,6,3,travel_start,0,,2,17
129,6,2,state,0,1,2,15
129,7,0,state,3,0,1,14
129,8,5,state,2,3,4,13
129,11,22,state,3,0,15,16
129,13,4,travel_finish,,,3,20
129,13,8,state,1,2,5,20
129,13,10,travel_finish,,,6,19
129,13,6,travel_finish,,,4,19
129,13,14,travel_finish,,,10,19
129,13,18,travel_finish,,,12,19
129,13,21,travel_finish,,,14,17
129,14,12,state,2,3,9,20
130,6,22,travel_start,0,,15,16
130,6,14,travel_start,0,,10,19
130,6,16,travel_start,0,,11,20
130,6,21,travel_start,0,,14,17
130,6,18,state,0,1,12,19
130,7,8,state,2,3,5,20
130,8,12,state,3,0,9,20
130,11,0,travel_start,0,,1,14
130,11,4,travel_start,0,,3,20
130,11,10,travel_start,0,,6,19
130,11,7,travel_start,0,,5,12
130,11,9,state,0,1,6,13
130,12,5,state,3,0,4,13
130,13,1,travel_finish,,,1,16
130,13,2,state,1,2,2,15
130,13,3,travel_finish,,,2,17
130,14,17,state,2,3,12,13
130,15,19,travel_finish,,,13,12
130,15,11,travel_finish,,,7,12
130,15,15,travel_finish,,,11,12
130,15,20,state,1,2,14,15
130,15,23,travel_finish,,,15,18
131,3,0,travel_finish,,,1,14
131,3,4,travel_finish,,,3,20
131,3,9,state,1,2,6,13
131,3,10,travel_finish,,,6,19
131,3,7,travel_finish,,,5,12
131,4,2,state,2,3,2,15
131,5,5,travel_start,0,,4,13
131,5,19,travel_start,0,,13,12
131,5,0,travel_start,0,,1,14
131,5,1,travel_start,0,,1,16
131,5,11,travel_start,0,,7,12
131,5,13,travel_start,0,,10,13
131,5,15,state,0,1,11,12
131,6,17,state,3,0,12,13
131,7,20,state,2,3,14,15
131,9,18,state,1,2,12,19
131,9,22,travel_finish,,,15,16
131,9,14,travel_finish,,,10,19
131,9,16,travel_finish,,,11,20
131,9,21,travel_finish,,,14,17
131,13,12,travel_start,0,,9,20
131,13,4,travel_start,0,,3,20
131,13,10,travel_start,0,,6,19
131,13,22,travel_start,0,,15,16
131,13,6,state,0,1,4,19
131,15,8,state,3,0,5,20
132,3,9,state,2,3,6,13
132,4,20,state,3,0,14,15
132,5,2,state,3,0,2,15
132,8,5,travel_finish,,,4,13
132,8,15,state,1,2,11,12
132,8,19,travel_finish,,,13,12
132,8,0,travel_finish,,,1,14
132,8,1,travel_finish,,,1,16
132,8,11,travel_finish,,,7,12
132,8,13,travel_finish,,,10,13
132,11,18,state,2,3,12,19
132,12,6,state,1,2,4,19
132,12,12,travel_finish,,,9,20
132,12,4,travel_finish,,,3,20
132,12,10,travel_finish,,,6,19
132,12,22,travel_finish,,,15,16
132,14,8,travel_start,0,,5,20
132,14,2,travel_start,0,,2,15
132,14,12,travel_start,0,,9,20
132,14,0,travel_start,0,,1,14
132,14,1,travel_start,0,,1,16
132,14,3,state,0,1,2,17
132,16,17,travel_start,0,,12,13
132,16,5,travel_start,0,,4,13
132,16,19,travel_start,0,,13,12
132,16,20,travel_start,0,,14,15
132,16,22,travel_start,0,,15,16
132,16,23,travel_start,0,,15,18
132,16,21,state,0,1,14,17
133,4,7,travel_start,0,,5,12
133,4,11,state,0,1,7,12
133,5,9,state,3,0,6,13
133,6,15,state,2,3,11,12
133,8,8,travel_finish,,,5,20
133,8,2,travel_finish,,,2,15
133,8,3,state,1,2,2,17
133,8,12,travel_finish,,,9,20
133,8,0,travel_finish,,,1,14
133,8,1,travel_finish,,,1,16
133,9,18,state,3,0,12,19
133,10,6,state,2,3,4,19
133,12,18,travel_start,0,,12,19
133,12,12,travel_start,0,,9,20
133,12,14,travel_start,0,,10,19
133,12,16,state,0,1,11,20
133,14,17,travel_finish,,,12,13
133,14,5,travel_finish,,,4,13
133,14,19,travel_finish,,,13,12
133,14,20,travel_finish,,,14,15
133,14,21,state,1,2,14,17
133,14,22,travel_finish,,,15,16
133,14,23,travel_finish,,,15,18
134,4,8,travel_start,0,,5,20
134,4,4,travel_start,0,,3,20
134,4,20,travel_start,0,,14,15
134,4,10,state,0,1,6,19
134,6,21,state,2,3,14,17
134,7,6,state,3,0,4,19
134,9,16,state,1,2,11,20
134,9,18,travel_finish,,,12,19
134,9,12,travel_finish,,,9,20
134,9,14,travel_finish,,,10,19
134,11,3,state,2,3,2,17
134,13,9,travel_start,0,,6,13
134,13,17,travel_start,0,,12,13
134,13,2,travel_start,0,,2,15
134,13,5,travel_start,0,,4,13
134,13,19,travel_start,0,,13,12
134,13,13,state,0,1,10,13
134,14,11,state,1,2,7,12
134,14,7,travel_finish,,,5,12
134,16,15,state,3,0,11,12
135,5,15,travel_start,0,,11,12
135,5,22,travel_start,0,,15,16
135,5,23,state,0,1,15,18
135,7,3,state,3,0,2,17
135,9,21,state,3,0,14,17
135,10,8,travel_finish,,,5,20
135,10,10,state,1,2,6,19
135,10,4,travel_finish,,,3,20
135,10,20,travel_finish,,,14,15
135,11,16,state,2,3,11,20
135,12,6,travel_start,0,,4,19
135,12,3,travel_start,0,,2,17
135,12,8,travel_start,0,,5,20
135,12,18,travel_start,0,,12,19
135,12,0,travel_start,0,,1,14
135,12,1,state,0,1,1,16
135,14,11,state,2,3,7,12
135,16,9,travel_finish,,,6,13
135,16,13,state,1,2,10,13
135,16,17,travel_finish,,,12,13
135,16,2,travel_finish,,,2,15
135,16,5,travel_finish,,,4,13
135,16,19,travel_finish,,,13,12
136,5,9,travel_start,0,,6,13
136,5,2,travel_start,0,,2,15
136,5,5,travel_start,0,,4,13
136,5,7,state,0,1,5,12
136,6,11,state,3,0,7,12
136,7,13,state,2,3,10,13
136,11,10,state,2,3,6,19
136,12,6,travel_finish,,,4,19
136,12,1,state,1,2,1,16
136,12,3,travel_finish,,,2,17
136,12,8,travel_finish,,,5,20
136,12,18,travel_finish,,,12,19
136,12,0,travel_finish,,,1,14
136,13,15,travel_finish,,,11,12
136,13,23,state,1,2,15,18
136,13,22,travel_finish,,,15,16
136,14,16,state,3,0,11,20
136,16,15,travel_start,0,,11,12
136,16,16,travel_start,0,,11,20
136,16,17,travel_start,0,,12,13
136,16,21,travel_start,0,,14,17
136,16,12,travel_start,0,,9,20
136,16,18,travel_start,0,,12,19
136,16,20,travel_start,0,,14,15
136,16,14,state,0,1,10,19
137,4,1,state,2,3,1,16
137,5,6,travel_start,0,,4,19
137,5,4,travel_start,0,,3,20
137,5,8,state,0,1,5,20
137,8,23,state,2,3,15,18
137,9,10,state,3,0,6,19
137,10,14,state,1,2,10,19
137,10,15,travel_finish,,,11,12
137,10,16,travel_finish,,,11,20
137,10,17,travel_finish,,,12,13
137,10,21,travel_finish,,,14,17
137,10,12,travel_finish,,,9,20
137,10,18,travel_finish,,,12,19
137,10,20,travel_finish,,,14,15
137,12,7,state,1,2,5,12
137,12,9,travel_finish,,,6,13
137,12,2,travel_finish,,,2,15
137,12,5,travel_finish,,,4,13
137,13,11,travel_start,0,,7,12
137,13,3,travel_start,0,,2,17
137,13,9,travel_start,0,,6,13
137,13,15,travel_start,0,,11,12
137,13,17,travel_start,0,,12,13
137,13,19,state,0,1,13,12
137,14,13,state,3,0,10,13
138,3,10,travel_start,0,,6,19
138,3,16,travel_start,0,,11,20
138,3,2,travel_start,0,,2,15
138,3,0,state,0,1,1,14
138,5,13,travel_start,0,,10,13
138,5,21,travel_start,0,,14,17
138,5,22,travel_start,0,,15,16
138,5,20,state,0,1,14,15
138,6,11,travel_finish,,,7,12
138,6,19,state,1,2,13,12
138,6,3,travel_finish,,,2,17
138,6,9,travel_finish,,,6,13
138,6,15,travel_finish,,,11,12
138,6,17,travel_finish,,,12,13
138,7,7,state,2,3,5,12
138,9,23,state,3,0,15,18
138,11,6,travel_finish,,,4,19
138,11,8,state,1,2,5,20
138,11,4,travel_finish,,,3,20
138,12,1,state,3,0,1,16
138,13,14,state,2,3,10,19
139,3,19,state,2,3,13,12
139,4,13,travel_finish,,,10,13
139,4,20,state,1,2,14,15
139,4,21,travel_finish,,,14,17
139,4,22,travel_finish,,,15,16
139,7,7,state,3,0,5,12
139,8,1,travel_start,0,,1,16
139,8,6,travel_start,0,,4,19
139,8,7,travel_start,0,,5,12
139,8,11,travel_start,0,,7,12
139,8,3,travel_start,0,,2,17
139,8,5,travel_start,0,,4,13
139,8,9,state,0,1,6,13
139,10,10,travel_finish,,,6,19
139,10,0,state,1,2,1,14
139,10,16,travel_finish,,,11,20
139,10,2,travel_finish,,,2,15
139,14,13,travel_start,0,,10,13
139,14,23,travel_start,0,,15,18
139,14,16,travel_start,0,,11,20
139,14,18,travel_start,0,,12,19
139,14,21,travel_start,0,,14,17
139,14,12,state,0,1,9,20
139,16,8,state,2,3,5,20
139,18,14,state,3,0,10,19
140,3,20,state,2,3,14,15
140,4,0,state,2,3,1,14
140,5,15,travel_start,0,,11,12
140,5,17,state,0,1,12,13
140,6,19,state,3,0,13,12
140,7,1,travel_finish,,,1,16
140,7,6,travel_finish,,,4,19
140,7,7,travel_finish,,,5,12
140,7,9,state,1,2,6,13
140,7,11,travel_finish,,,7,12
140,7,3,travel_finish,,,2,17
140,7,5,travel_finish,,,4,13
140,11,12,state,1,2,9,20
140,11,13,travel_finish,,,10,13
140,11,23,travel_finish,,,15,18
140,11,16,travel_finish,,,11,20
140,11,18,travel_finish,,,12,19
140,11,21,travel_finish,,,14,17
140,14,10,travel_start,0,,6,19
140,14,14,travel_start,0,,10,19
140,14,6,travel_start,0,,4,19
140,14,23,travel_start,0,,15,18
140,14,4,state,0,1,3,20
140,15,8,state,3,0,5,20
141,3,8,travel_start,0,,5,20
141,3,1,travel_start,0,,1,16
141,3,3,travel_start,0,,2,17
141,3,2,state,0,1,2,15
141,4,9,state,2,3,6,13
141,6,17,state,1,2,12,13
141,6,15,travel_finish,,,11,12
141,9,20,state,3,0,14,15
141,10,0,state,3,0,1,14
141,15,4,state,1,2,3,20
141,15,10,travel_finish,,,6,19
141,15,14,travel_finish,,,10,19
141,15,6,travel_finish,,,4,19
141,15,23,travel_finish,,,15,18
141,17,19,travel_start,0,,13,12
141,17,7,travel_start,0,,5,12
141,17,11,travel_start,0,,7,12
141,17,13,travel_start,0,,10,13
141,17,20,travel_start,0,,14,15
141,17,21,travel_start,0,,14,17
141,17,23,travel_start,0,,15,18
141,17,22,state,0,1,15,16
141,18,12,state,2,3,9,20
142,5,0,travel_start,0,,1,14
142,5,10,travel_start,0,,6,19
142,5,5,state,0,1,4,13
142,6,17,state,2,3,12,13
142,7,8,travel_finish,,,5,20
142,7,1,travel_finish,,,1,16
142,7,2,state,1,2,2,15
142,7,3,travel_finish,,,2,17
142,8,9,state,3,0,6,13
142,11,14,travel_start,0,,10,19
142,11,16,travel_start,0,,11,20
142,11,18,state,0,1,12,19
142,15,19,travel_finish,,,13,12
142,15,7,travel_finish,,,5,12
142,15,11,travel_finish,,,7,12
142,15,13,travel_finish,,,10,13
142,15,20,travel_finish,,,14,15
142,15,22,state,1,2,15,16
142,15,21,travel_finish,,,14,17
142,15,23,travel_finish,,,15,18
142,16,12,state,3,0,9,20
142,17,4,state,2,3,3,20
143,6,8,travel_start,0,,5,20
143,6,12,travel_start,0,,9,20
143,6,20,travel_start,0,,14,15
143,6,6,state,0,1,4,19
143,7,22,state,2,3,15,16
143,8,4,state,3,0,3,20
143,10,14,travel_finish,,,10,19
143,10,18,state,1,2,12,19
143,10,16,travel_finish,,,11,20
143,14,9,travel_start,0,,6,13
143,14,19,travel_start,0,,13,12
143,14,1,travel_start,0,,1,16
143,14,7,travel_start,0,,5,12
143,14,11,travel_start,0,,7,12
143,14,15,travel_start,0,,11,12
143,14,13,state,0,1,10,13
143,15,0,travel_finish,,,1,14
143,15,5,state,1,2,4,13
143,15,10,travel_finish,,,6,19
143,16,2,state,2,3,2,15
143,17,17,state,3,0,12,13
144,4,17,travel_start,0,,12,13
144,4,21,travel_start,0,,14,17
144,4,23,state,0,1,15,18
144,6,18,state,2,3,12,19
144,9,6,state,1,2,4,19
144,9,8,travel_finish,,,5,20
144,9,12,travel_finish,,,9,20
144,9,20,travel_finish,,,14,15
144,10,22,state,3,0,15,16
144,12,4,travel_start,0,,3,20
144,12,0,travel_start,0,,1,14
144,12,8,travel_start,0,,5,20
144,12,10,travel_start,0,,6,19
144,12,12,travel_start,0,,9,20
144,12,14,travel_start,0,,10,19
144,12,3,state,0,1,2,17
144,15,9,travel_finish,,,6,13
144,15,13,state,1,2,10,13
144,15,19,travel_finish,,,13,12
144,15,1,travel_finish,,,1,16
144,15,7,travel_finish,,,5,12
144,15,11,travel_finish,,,7,12
144,15,15,travel_finish,,,11,12
144,16,5,state,2,3,4,13
144,18,2,state,3,0,2,15
145,4,6,state,2,3,4,19
145,5,4,travel_finish,,,3,20
145,5,0,travel_finish,,,1,14
145,5,3,state,1,2,2,17
145,5,8,travel_finish,,,5,20
145,5,10,travel_finish,,,6,19
145,5,12,travel_finish,,,9,20
145,5,14,travel_finish,,,10,19
145,6,19,travel_start,0,,13,12
145,6,22,travel_start,0,,15,16
145,6,12,travel_start,0,,9,20
145,6,14,travel_start,0,,10,19
145,6,20,travel_start,0,,14,15
145,6,16,state,0,1,11,20
145,7,17,travel_finish,,,12,13
145,7,23,state,1,2,15,18
145,7,21,travel_finish,,,14,17
145,9,18,state,3,0,12,19
145,14,2,travel_start,0,,2,15
145,14,4,travel_start,0,,3,20
145,14,9,travel_start,0,,6,13
145,14,0,travel_start,0,,1,14
145,14,1,travel_start,0,,1,16
145,14,7,travel_start,0,,5,12
145,14,11,state,0,1,7,12
145,15,13,state,2,3,10,13
145,16,5,state,3,0,4,13
146,3,16,state,1,2,11,20
146,3,19,travel_finish,,,13,12
146,3,22,travel_finish,,,15,16
146,3,12,travel_finish,,,9,20
146,3,14,travel_finish,,,10,19
146,3,20,travel_finish,,,14,15
146,5,18,travel_start,0,,12,19
146,5,10,travel_start,0,,6,19
146,5,22,travel_start,0,,15,16
146,5,8,state,0,1,5,20
146,6,6,state,3,0,4,19
146,7,3,state,2,3,2,17
146,8,23,state,2,3,15,18
146,14,2,travel_finish,,,2,15
146,14,4,travel_finish,,,3,20
146,14,9,travel_finish,,,6,13
146,14,11,state,1,2,7,12
146,14,0,travel_finish,,,1,14
146,14,1,travel_finish,,,1,16
146,14,7,travel_finish,,,5,12
146,16,13,state,3,0,10,13
146,19,5,travel_start,0,,4,13
146,19,13,travel_start,0,,10,13
146,19,17,travel_start,0,,12,13
146,19,2,travel_start,0,,2,15
146,19,9,travel_start,0,,6,13
146,19,19,travel_start,0,,13,12
146,19,15,state,0,1,11,12
147,3,20,travel_start,0,,14,15
147,3,21,state,0,1,14,17
147,6,6,travel_start,0,,4,19
147,6,4,travel_start,0,,3,20
147,6,0,travel_start,0,,1,14
147,6,1,state,0,1,1,16
147,8,16,state,2,3,11,20
147,9,8,state,1,2,5,20
147,9,18,travel_finish,,,12,19
147,9,10,travel_finish,,,6,19
147,9,22,travel_finish,,,15,16
147,10,23,state,3,0,15,18
147,11,3,state,3,0,2,17
147,15,5,travel_finish,,,4,13
147,15,13,travel_finish,,,10,13
147,15,15,state,1,2,11,12
147,15,17,travel_finish,,,12,13
147,15,2,travel_finish,,,2,15
147,15,9,travel_finish,,,6,13
147,15,19,travel_finish,,,13,12
147,16,11,state,2,3,7,12
148,3,15,state,2,3,11,12
148,6,11,state,3,0,7,12
148,10,8,state,2,3,5,20
148,11,16,state,3,0,11,20
148,17,3,travel_start,0,,2,17
148,17,5,travel_start,0,,4,13
148,17,11,travel_start,0,,7,12
148,17,2,travel_start,0,,2,15
148,17,9,travel_start,0,,6,13
148,17,7,state,0,1,5,12
148,19,13,travel_start,0,,10,13
148,19,16,travel_start,0,,11,20
148,19,17,travel_start,0,,12,13
148,19,18,travel_start,0,,12,19
148,19,23,travel_start,0,,15,18
148,19,12,travel_start,0,,9,20
148,19,22,travel_start,0,,15,16
148,19,14,state,0,1,10,19
148,20,6,travel_finish,,,4,19
148,20,1,state,1,2,1,16
148,20,4,travel_finish,,,3,20
148,20,0,travel_finish,,,1,14
148,21,21,state,1,2,14,17
148,21,20,travel_finish,,,14,15
149,4,8,state,3,0,5,20
149,6,13,travel_finish,,,10,13
149,6,14,state,1,2,10,19
149,6,16,travel_finish,,,11,20
149,6,17,travel_finish,,,12,13
149,6,18,travel_finish,,,12,19
149,6,23,travel_finish,,,15,18
149,6,12,travel_finish,,,9,20
149,6,22,travel_finish,,,15,16
149,7,6,travel_start,0,,4,19
149,7,8,travel_start,0,,5,20
149,7,4,travel_start,0,,3,20
149,7,16,travel_start,0,,11,20
149,7,18,travel_start,0,,12,19
149,7,23,travel_start,0,,15,18
149,7,10,state,0,1,6,19
149,8,1,state,2,3,1,16
149,9,21,state,2,3,14,17
149,11,15,state,3,0,11,12
149,13,15,travel_start,0,,11,12
149,13,13,travel_start,0,,10,13
149,13,17,travel_start,0,,12,13
149,13,19,state,0,1,13,12
149,15,3,travel_finish,,,2,17
149,15,5,travel_finish,,,4,13
149,15,7,state,1,2,5,12
149,15,11,travel_finish,,,7,12
149,15,2,travel_finish,,,2,15
149,15,9,travel_finish,,,6,13
150,4,7,state,2,3,5,12
150,6,3,travel_start,0,,2,17
150,6,0,travel_start,0,,1,14
150,6,2,state,0,1,2,15
150,9,5,travel_start,0,,4,13
150,9,11,travel_start,0,,7,12
150,9,22,travel_start,0,,15,16
150,9,20,state,0,1,14,15
150,10,15,travel_finish,,,11,12
150,10,19,state,1,2,13,12
150,10,13,travel_finish,,,10,13
150,10,17,travel_finish,,,12,13
150,12,6,travel_finish,,,4,19
150,12,8,travel_finish,,,5,20
150,12,10,state,1,2,6,19
150,12,4,travel_finish,,,3,20
150,12,16,travel_finish,,,11,20
150,12,18,travel_finish,,,12,19
150,12,23,travel_finish,,,15,18
150,13,1,state,3,0,1,16
150,15,21,state,3,0,14,17
150,16,14,state,2,3,10,19
151,4,5,travel_finish,,,4,13
151,4,11,travel_finish,,,7,12
151,4,20,state,1,2,14,15
151,4,22,travel_finish,,,15,16
151,5,19,state,2,3,13,12
151,6,1,travel_start,0,,1,16
151,6,6,travel_start,0,,4,19
151,6,8,travel_start,0,,5,20
151,6,5,travel_start,0,,4,13
151,6,11,travel_start,0,,7,12
151,6,9,state,0,1,6,13
151,7,7,state,3,0,5,12
151,9,2,state,1,2,2,15
151,9,3,travel_finish,,,2,17
151,9,0,travel_finish,,,1,14
151,14,15,travel_start,0,,11,12
151,14,21,travel_start,0,,14,17
151,14,16,travel_start,0,,11,20
151,14,18,travel_start,0,,12,19
151,14,23,travel_start,0,,15,18
151,14,12,state,0,1,9,20
151,15,14,state,3,0,10,19
151,16,10,state,2,3,6,19
152,3,7,travel_start,0,,5,12
152,3,3,travel_start,0,,2,17
152,3,13,travel_start,0,,10,13
152,3,17,state,0,1,12,13
152,4,20,state,2,3,14,15
152,5,2,state,2,3,2,15
152,6,19,state,3,0,13,12
152,7,1,travel_finish,,,1,16
152,7,6,travel_finish,,,4,19
152,7,8,travel_finish,,,5,20
152,7,9,state,1,2,6,13
152,7,5,travel_finish,,,4,13
152,7,11,travel_finish,,,7,12
152,13,12,state,1,2,9,20
152,13,15,travel_finish,,,11,12
152,13,21,travel_finish,,,14,17
152,13,16,travel_finish,,,11,20
152,13,18,travel_finish,,,12,19
152,13,23,travel_finish,,,15,18
152,14,14,travel_start,0,,10,19
152,14,6,travel_start,0,,4,19
152,14,8,travel_start,0,,5,20
152,14,21,travel_start,0,,14,17
152,14,4,state,0,1,3,20
152,16,10,state,3,0,6,19
153,5,20,state,3,0,14,15
153,7,10,travel_start,0,,6,19
153,7,1,travel_start,0,,1,16
153,7,0,state,0,1,1,14
153,9,7,travel_finish,,,5,12
153,9,17,state,1,2,12,13
153,9,3,travel_finish,,,2,17
153,9,13,travel_finish,,,10,13
153,10,2,state,3,0,2,15
153,11,9,state,2,3,6,13
153,16,12,state,2,3,9,20
153,18,19,travel_start,0,,13,12
153,18,7,travel_start,0,,5,12
153,18,15,travel_start,0,,11,12
153,18,20,travel_start,0,,14,15
153,18,23,travel_start,0,,15,18
153,18,22,state,0,1,15,16
153,20,4,state,1,2,3,20
153,20,14,travel_finish,,,10,19
153,20,6,travel_finish,,,4,19
153,20,8,travel_finish,,,5,20
153,20,21,travel_finish,,,14,17
154,3,12,state,3,0,9,20
154,4,19,travel_finish,,,13,12
154,4,7,travel_finish,,,5,12
154,4,15,travel_finish,,,11,12
154,4,20,travel_finish,,,14,15
154,4,22,state,1,2,15,16
154,4,23,travel_finish,,,15,18
154,5,4,state,2,3,3,20
154,7,12,travel_start,0,,9,20
154,7,14,travel_start,0,,10,19
154,7,19,travel_start,0,,13,12
154,7,18,travel_start,0,,12,19
154,7,20,travel_start,0,,14,15
154,7,21,travel_start,0,,14,17
154,7,16,state,0,1,11,20
154,15,2,travel_start,0,,2,15
154,15,3,travel_start,0,,2,17
154,15,7,travel_start,0,,5,12
154,15,11,travel_start,0,,7,12
154,15,5,state,0,1,4,13
154,16,17,state,2,3,12,13
154,17,9,state,3,0,6,13
154,18,10,travel_finish,,,6,19
154,18,0,state,1,2,1,14
154,18,1,travel_finish,,,1,16
155,3,9,travel_start,0,,6,13
155,3,1,travel_start,0,,1,16
155,3,13,travel_start,0,,10,13
155,3,15,state,0,1,11,12
155,4,17,state,3,0,12,13
155,5,0,state,2,3,1,14
155,6,2,travel_finish,,,2,15
155,6,5,state,1,2,4,13
155,6,3,travel_finish,,,2,17
155,6,7,travel_finish,,,5,12
155,6,11,travel_finish,,,7,12
155,8,12,travel_finish,,,9,20
155,8,14,travel_finish,,,10,19
155,8,16,state,1,2,11,20
155,8,19,travel_finish,,,13,12
155,8,18,travel_finish,,,12,19
155,8,20,travel_finish,,,14,15
155,8,21,travel_finish,,,14,17
155,9,4,state,3,0,3,20
155,10,4,travel_start,0,,3,20
155,10,10,travel_start,0,,6,19
155,10,8,travel_start,0,,5,20
155,10,12,travel_start,0,,9,20
155,10,14,travel_start,0,,10,19
155,10,6,state,0,1,4,19
155,13,22,state,2,3,15,16
156,3,17,travel_start,0,,12,13
156,3,19,travel_start,0,,13,12
156,3,20,travel_start,0,,14,15
156,3,21,travel_start,0,,14,17
156,3,23,state,0,1,15,18
156,4,22,state,3,0,15,16
156,5,4,travel_finish,,,3,20
156,5,6,state,1,2,4,19
156,5,10,travel_finish,,,6,19
156,5,8,travel_finish,,,5,20
156,5,12,travel_finish,,,9,20
156,5,14,travel_finish,,,10,19
156,7,16,state,2,3,11,20
156,8,2,travel_start,0,,2,15
156,8,4,travel_start,0,,3,20
156,8,10,travel_start,0,,6,19
156,8,3,state,0,1,2,17
156,10,0,state,3,0,1,14
156,11,9,travel_finish,,,6,13
156,11,15,state,1,2,11,12
156,11,1,travel_finish,,,1,16
156,11,13,travel_finish,,,10,13
156,14,5,state,2,3,4,13
157,4,22,travel_start,0,,15,16
157,4,12,travel_start,0,,9,20
157,4,18,travel_start,0,,12,19
157,4,14,state,0,1,10,19
157,5,2,travel_finish,,,2,15
157,5,3,state,1,2,2,17
157,5,4,travel_finish,,,3,20
157,5,10,travel_finish,,,6,19
157,6,6,state,2,3,4,19
157,8,16,state,3,0,11,20
157,9,17,travel_finish,,,12,13
157,9,19,travel_finish,,,13,12
157,9,23,state,1,2,15,18
157,9,20,travel_finish,,,14,15
157,9,21,travel_finish,,,14,17
157,11,5,state,3,0,4,13
157,13,15,state,2,3,11,12
157,18,0,travel_start,0,,1,14
157,18,5,travel_start,0,,4,13
157,18,9,travel_start,0,,6,13
157,18,1,travel_start,0,,1,16
157,18,2,travel_start,0,,2,15
157,18,7,travel_start,0,,5,12
157,18,11,state,0,1,7,12
158,3,16,travel_start,0,,11,20
158,3,4,travel_start,0,,3,20
158,3,10,travel_start,0,,6,19
158,3,8,state,0,1,5,20
158,4,6,state,3,0,4,19
158,5,14,state,1,2,10,19
158,5,22,travel_finish,,,15,16
158,5,12,travel_finish,,,9,20
158,5,18,travel_finish,,,12,19
158,6,3,state,2,3,2,17
158,8,23,state,2,3,15,18
158,11,17,travel_start,0,,12,13
158,11,19,travel_start,0,,13,12
158,11,13,state,0,1,10,13
158,12,15,state,3,0,11,12
158,13,0,travel_finish,,,1,14
158,13,5,travel_finish,,,4,13
158,13,9,travel_finish,,,6,13
158,13,11,state,1,2,7,12
158,13,1,travel_finish,,,1,16
158,13,2,travel_finish,,,2,15
158,13,7,travel_finish,,,5,12
159,3,15,travel_start,0,,11,12
159,3,5,travel_start,0,,4,13
159,3,9,travel_start,0,,6,13
159,3,22,travel_start,0,,15,16
159,3,20,travel_start,0,,14,15
159,3,21,state,0,1,14,17
159,4,3,state,3,0,2,17
159,6,23,state,3,0,15,18
159,7,14,state,2,3,10,19
159,8,8,state,1,2,5,20
159,8,16,travel_finish,,,11,20
159,8,4,travel_finish,,,3,20
159,8,10,travel_finish,,,6,19
159,9,6,travel_start,0,,4,19
159,9,0,travel_start,0,,1,14
159,9,3,travel_start,0,,2,17
159,9,16,travel_start,0,,11,20
159,9,2,travel_start,0,,2,15
159,9,1,state,0,1,1,16
159,12,11,state,2,3,7,12
159,14,13,state,1,2,10,13
159,14,17,travel_finish,,,12,13
159,14,19,travel_finish,,,13,12
160,3,11,state,3,0,7,12
160,6,13,state,2,3,10,13
160,7,11,travel_start,0,,7,12
160,7,7,state,0,1,5,12
160,9,17,travel_start,0,,12,13
160,9,23,travel_start,0,,15,18
160,9,18,travel_start,0,,12,19
160,9,12,state,0,1,9,20
160,10,14,state,3,0,10,19
160,12,6,travel_finish,,,4,19
160,12,0,travel_finish,,,1,14
160,12,1,state,1,2,1,16
160,12,3,travel_finish,,,2,17
160,12,16,travel_finish,,,11,20
160,12,2,travel_finish,,,2,15
160,14,8,state,2,3,5,20
160,15,15,travel_finish,,,11,12
160,15,5,travel_finish,,,4,13
160,15,9,travel_finish,,,6,13
160,15,21,state,1,2,14,17
160,15,22,travel_finish,,,15,16
160,15,20,travel_finish,,,14,15
161,6,7,state,1,2,5,12
161,6,11,travel_finish,,,7,12
161,7,13,state,3,0,10,13
161,9,13,travel_start,0,,10,13
161,9,15,travel_start,0,,11,12
161,9,0,travel_start,0,,1,14
161,9,3,travel_start,0,,2,17
161,9,5,travel_start,0,,4,13
161,9,9,travel_start,0,,6,13
161,9,11,travel_start,0,,7,12
161,9,19,state,0,1,13,12
161,13,6,travel_start,0,,4,19
161,13,14,travel_start,0,,10,19
161,13,10,travel_start,0,,6,19
161,13,16,travel_start,0,,11,20
161,13,22,travel_start,0,,15,16
161,13,4,state,0,1,3,20
161,14,21,state,2,3,14,17
161,15,1,state,2,3,1,16
161,16,12,state,1,2,9,20
161,16,17,travel_finish,,,12,13
161,16,23,travel_finish,,,15,18
161,16,18,travel_finish,,,12,19
161,17,8,state,3,0,5,20
162,3,13,travel_finish,,,10,13
162,3,15,travel_finish,,,11,12
162,3,19,state,1,2,13,12
162,3,0,travel_finish,,,1,14
162,3,3,travel_finish,,,2,17
162,3,5,travel_finish,,,4,13
162,3,9,travel_finish,,,6,13
162,3,11,travel_finish,,,7,12
162,4,8,travel_start,0,,5,20
162,4,0,travel_start,0,,1,14
162,4,3,travel_start,0,,2,17
162,4,2,state,0,1,2,15
162,6,13,travel_start,0,,10,13
162,6,15,travel_start,0,,11,12
162,6,17,travel_start,0,,12,13
162,6,23,travel_start,0,,15,18
162,6,20,state,0,1,14,15
162,7,7,state,2,3,5,12
162,9,21,state,3,0,14,17
162,10,12,state,2,3,9,20
162,11,4,state,1,2,3,20
162,11,6,travel_finish,,,4,19
162,11,14,travel_finish,,,10,19
162,11,10,travel_finish,,,6,19
162,11,16,travel_finish,,,11,20
162,11,22,travel_finish,,,15,16
162,12,1,state,3,0,1,16
163,3,19,state,2,3,13,12
163,4,1,travel_start,0,,1,16
163,4,6,travel_start,0,,4,19
163,4,5,travel_start,0,,4,13
163,4,11,travel_start,0,,7,12
163,4,9,state,0,1,6,13
163,5,7,state,3,0,5,12
163,6,13,travel_finish,,,10,13
163,6,15,travel_finish,,,11,12
163,6,17,travel_finish,,,12,13
163,6,20,state,1,2,14,15
163,6,23,travel_finish,,,15,18
163,7,8,travel_finish,,,5,20
163,7,2,state,1,2,2,15
163,7,0,travel_finish,,,1,14
163,7,3,travel_finish,,,2,17
163,13,14,travel_start,0,,10,19
163,13,21,travel_start,0,,14,17
163,13,18,travel_start,0,,12,19
163,13,22,travel_start,0,,15,16
163,13,23,travel_start,0,,15,18
163,13,16,state,0,1,11,20
163,16,4,state,2,3,3,20
163,17,12,state,3,0,9,20
164,6,8,travel_start,0,,5,20
164,6,12,travel_start,0,,9,20
164,6,10,state,0,1,6,19
164,7,14,travel_finish,,,10,19
164,7,16,state,1,2,11,20
164,7,21,travel_finish,,,14,17
164,7,18,travel_finish,,,12,19
164,7,22,travel_finish,,,15,16
164,7,23,travel_finish,,,15,18
164,8,4,state,3,0,3,20
164,10,7,travel_start,0,,5,12
164,10,13,travel_start,0,,10,13
164,10,17,travel_start,0,,12,13
164,10,15,state,0,1,11,12
164,11,20,state,2,3,14,15
164,12,19,state,3,0,13,12
164,14,1,travel_finish,,,1,16
164,14,6,travel_finish,,,4,19
164,14,9,state,1,2,6,13
164,14,5,travel_finish,,,4,13
164,14,11,travel_finish,,,7,12
164,15,2,state,2,3,2,15
165,6,4,travel_start,0,,3,20
165,6,1,travel_start,0,,1,16
165,6,6,travel_start,0,,4,19
165,6,14,travel_start,0,,10,19
165,6,0,travel_start,0,,1,14
165,6,3,state,0,1,2,17
165,7,16,state,2,3,11,20
165,8,19,travel_start,0,,13,12
165,8,21,travel_start,0,,14,17
165,8,22,travel_start,0,,15,16
165,8,23,state,0,1,15,18
165,10,8,travel_finish,,,5,20
165,10,10,state,1,2,6,19
165,10,12,travel_finish,,,9,20
165,12,7,travel_finish,,,5,12
165,12,15,state,1,2,11,12
165,12,13,travel_finish,,,10,13
165,12,17,travel_finish,,,12,13
165,13,9,state,2,3,6,13
165,14,20,state,3,0,14,15
165,17,2,state,3,0,2,15
166,4,2,travel_start,0,,2,15
166,4,7,travel_start,0,,5,12
166,4,8,travel_start,0,,5,20
166,4,5,travel_start,0,,4,13
166,4,11,state,0,1,7,12
166,7,15,state,2,3,11,12
166,8,9,state,3,0,6,13
166,11,16,state,3,0,11,20
166,12,19,travel_finish,,,13,12
166,12,21,travel_finish,,,14,17
166,12,23,state,1,2,15,18
166,12,22,travel_finish,,,15,16
166,13,4,travel_finish,,,3,20
166,13,1,travel_finish,,,1,16
166,13,3,state,1,2,2,17
166,13,6,travel_finish,,,4,19
166,13,14,travel_finish,,,10,19
166,13,0,travel_finish,,,1,14
166,14,12,travel_start,0,,9,20
166,14,16,travel_start,0,,11,20
166,14,19,travel_start,0,,13,12
166,14,20,travel_start,0,,14,15
166,14,14,travel_start,0,,10,19
166,14,21,travel_start,0,,14,17
166,14,18,state,0,1,12,19
166,15,10,state,2,3,6,19
167,3,2,travel_finish,,,2,15
167,3,7,travel_finish,,,5,12
167,3,8,travel_finish,,,5,20
167,3,11,state,1,2,7,12
167,3,5,travel_finish,,,4,13
167,4,9,travel_start,0,,6,13
167,4,1,travel_start,0,,1,16
167,4,2,travel_start,0,,2,15
167,4,7,travel_start,0,,5,12
167,4,17,travel_start,0,,12,13
167,4,13,state,0,1,10,13
167,5,15,state,3,0,11,12
167,9,10,state,3,0,6,19
167,10,23,state,2,3,15,18
167,11,4,travel_start,0,,3,20
167,11,10,travel_start,0,,6,19
167,11,8,travel_start,0,,5,20
167,11,6,state,0,1,4,19
167,12,3,state,2,3,2,17
167,13,12,travel_finish,,,9,20
167,13,16,travel_finish,,,11,20
167,13,18,state,1,2,12,19
167,13,19,travel_finish,,,13,12
167,13,20,travel_finish,,,14,15
167,13,14,travel_finish,,,10,19
167,13,21,travel_finish,,,14,17
168,3,15,travel_start,0,,11,12
168,3,19,travel_start,0,,13,12
168,3,20,travel_start,0,,14,15
168,3,21,travel_start,0,,14,17
168,3,22,state,0,1,15,16
168,5,4,travel_finish,,,3,20
168,5,6,state,1,2,4,19
168,5,10,travel_finish,,,6,19
168,5,8,travel_finish,,,5,20
168,6,3,state,3,0,2,17
168,8,23,state,3,0,15,18
168,9,18,state,2,3,12,19
168,12,11,state,2,3,7,12
168,14,9,travel_finish,,,6,13
168,14,13,state,1,2,10,13
168,14,1,travel_finish,,,1,16
168,14,2,travel_finish,,,2,15
168,14,7,travel_finish,,,5,12
168,14,17,travel_finish,,,12,13
168,15,3,travel_start,0,,2,17
168,15,4,travel_start,0,,3,20
168,15,10,travel_start,0,,6,19
168,15,12,travel_start,0,,9,20
168,15,16,travel_start,0,,11,20
168,15,1,travel_start,0,,1,16
168,15,2,travel_start,0,,2,15
168,15,0,state,0,1,1,14
169,3,18,state,3,0,12,19
169,6,15,travel_finish,,,11,12
169,6,19,travel_finish,,,13,12
169,6,20,travel_finish,,,14,15
169,6,22,state,1,2,15,16
169,6,21,travel_finish,,,14,17
169,7,15,travel_start,0,,11,12
169,7,18,travel_start,0,,12,19
169,7,23,travel_start,0,,15,18
169,7,20,travel_start,0,,14,15
169,7,14,state,0,1,10,19
169,8,6,state,2,3,4,19
169,11,13,state,2,3,10,13
169,13,0,state,1,2,1,14
169,13,3,travel_finish,,,2,17
169,13,4,travel_finish,,,3,20
169,13,10,travel_finish,,,6,19
169,13,12,travel_finish,,,9,20
169,13,16,travel_finish,,,11,20
169,13,1,travel_finish,,,1,16
169,13,2,travel_finish,,,2,15
169,14,9,travel_start,0,,6,13
169,14,3,travel_start,0,,2,17
169,14,7,travel_start,0,,5,12
169,14,5,state,0,1,4,13
169,15,11,state,3,0,7,12
170,3,13,state,3,0,10,13
170,5,5,state,1,2,4,13
170,5,9,travel_finish,,,6,13
170,5,3,travel_finish,,,2,17
170,5,7,travel_finish,,,5,12
170,7,11,travel_start,0,,7,12
170,7,13,travel_start,0,,10,13
170,7,9,travel_start,0,,6,13
170,7,17,travel_start,0,,12,13
170,7,19,state,0,1,13,12
170,8,0,state,2,3,1,14
170,11,4,travel_start,0,,3,20
170,11,8,travel_start,0,,5,20
170,11,12,travel_start,0,,9,20
170,11,16,travel_start,0,,11,20
170,11,10,state,0,1,6,19
170,12,14,state,1,2,10,19
170,12,15,travel_finish,,,11,12
170,12,18,travel_finish,,,12,19
170,12,23,travel_finish,,,15,18
170,12,20,travel_finish,,,14,15
170,13,22,state,2,3,15,16
170,14,6,state,3,0,4,19
171,3,5,state,2,3,4,13
171,4,15,travel_start,0,,11,12
171,4,23,travel_start,0,,15,18
171,4,21,travel_start,0,,14,17
171,4,20,state,0,1,14,15
171,6,0,state,3,0,1,14
171,7,6,travel_start,0,,4,19
171,7,0,travel_start,0,,1,14
171,7,18,travel_start,0,,12,19
171,7,1,travel_start,0,,1,16
171,7,3,travel_start,0,,2,17
171,7,2,state,0,1,2,15
171,8,11,travel_finish,,,7,12
171,8,13,travel_finish,,,10,13
171,8,19,state,1,2,13,12
171,8,9,travel_finish,,,6,13
171,8,17,travel_finish,,,12,13
171,10,14,state,2,3,10,19
171,11,10,state,1,2,6,19
171,11,4,travel_finish,,,3,20
171,11,8,travel_finish,,,5,20
171,11,12,travel_finish,,,9,20
171,11,16,travel_finish,,,11,20
171,12,22,state,3,0,15,16
172,4,14,state,3,0,10,19
172,6,13,travel_start,0,,10,13
172,6,14,travel_start,0,,10,19
172,6,22,travel_start,0,,15,16
172,6,16,travel_start,0,,11,20
172,6,12,state,0,1,9,20
172,8,10,state,2,3,6,19
172,10,5,state,3,0,4,13
172,11,5,travel_start,0,,4,13
172,11,11,travel_start,0,,7,12
172,11,9,travel_start,0,,6,13
172,11,7,state,0,1,5,12
172,12,6,travel_finish,,,4,19
172,12,0,travel_finish,,,1,14
172,12,2,state,1,2,2,15
172,12,18,travel_finish,,,12,19
172,12,1,travel_finish,,,1,16
172,12,3,travel_finish,,,2,17
172,13,15,travel_finish,,,11,12
172,13,20,state,1,2,14,15
172,13,23,travel_finish,,,15,18
172,13,21,travel_finish,,,14,17
172,14,19,state,2,3,13,12
173,3,12,state,1,2,9,20
173,3,13,travel_finish,,,10,13
173,3,14,travel_finish,,,10,19
173,3,22,travel_finish,,,15,16
173,3,16,travel_finish,,,11,20
173,8,10,state,3,0,6,19
173,9,6,travel_start,0,,4,19
173,9,10,travel_start,0,,6,19
173,9,8,travel_start,0,,5,20
173,9,14,travel_start,0,,10,19
173,9,18,travel_start,0,,12,19
173,9,22,travel_start,0,,15,16
173,9,23,travel_start,0,,15,18
173,9,4,state,0,1,3,20
173,12,19,state,3,0,13,12
173,13,19,travel_start,0,,13,12
173,13,0,travel_start,0,,1,14
173,13,13,travel_start,0,,10,13
173,13,17,travel_start,0,,12,13
173,13,15,state,0,1,11,12
173,14,2,state,2,3,2,15
173,15,20,state,2,3,14,15
173,16,5,travel_finish,,,4,13
173,16,7,state,1,2,5,12
173,16,11,travel_finish,,,7,12
173,16,9,travel_finish,,,6,13
174,5,15,state,1,2,11,12
174,5,19,travel_finish,,,13,12
174,5,0,travel_finish,,,1,14
174,5,13,travel_finish,,,10,13
174,5,17,travel_finish,,,12,13
174,7,7,state,2,3,5,12
174,8,2,state,3,0,2,15
174,9,20,state,3,0,14,15
174,11,4,state,1,2,3,20
174,11,6,travel_finish,,,4,19
174,11,10,travel_finish,,,6,19
174,11,8,travel_finish,,,5,20
174,11,14,travel_finish,,,10,19
174,11,18,travel_finish,,,12,19
174,11,22,travel_finish,,,15,16
174,11,23,travel_finish,,,15,18
174,12,2,travel_start,0,,2,15
174,12,6,travel_start,0,,4,19
174,12,10,travel_start,0,,6,19
174,12,0,travel_start,0,,1,14
174,12,1,travel_start,0,,1,16
174,12,3,state,0,1,2,17
174,13,5,travel_start,0,,4,13
174,13,11,travel_start,0,,7,12
174,13,19,travel_start,0,,13,12
174,13,20,travel_start,0,,14,15
174,13,22,travel_start,0,,15,16
174,13,23,travel_start,0,,15,18
174,13,21,state,0,1,14,17
174,15,12,state,2,3,9,20
175,3,4,state,2,3,3,20
175,4,5,travel_finish,,,4,13
175,4,11,travel_finish,,,7,12
175,4,19,travel_finish,,,13,12
175,4,20,travel_finish,,,14,15
175,4,21,state,1,2,14,17
175,4,22,travel_finish,,,15,16
175,4,23,travel_finish,,,15,18
175,6,16,travel_start,0,,11,20
175,6,18,travel_start,0,,12,19
175,6,20,travel_start,0,,14,15
175,6,14,state,0,1,10,19
175,7,2,travel_finish,,,2,15
175,7,3,state,1,2,2,17
175,7,6,travel_finish,,,4,19
175,7,10,travel_finish,,,6,19
175,7,0,travel_finish,,,1,14
175,7,1,travel_finish,,,1,16
175,8,12,state,3,0,9,20
175,15,2,travel_start,0,,2,15
175,15,5,travel_start,0,,4,13
175,15,11,travel_start,0,,7,12
175,15,9,state,0,1,6,13
175,17,15,state,2,3,11,12
175,18,7,state,3,0,5,12
176,3,12,travel_start,0,,9,20
176,3,8,travel_start,0,,5,20
176,3,10,travel_start,0,,6,19
176,3,6,state,0,1,4,19
176,4,4,state,3,0,3,20
176,5,3,state,2,3,2,17
176,7,21,state,2,3,14,17
176,10,14,state,1,2,10,19
176,10,16,travel_finish,,,11,20
176,10,18,travel_finish,,,12,19
176,10,20,travel_finish,,,14,15
176,12,7,travel_start,0,,5,12
176,12,17,travel_start,0,,12,13
176,12,19,travel_start,0,,13,12
176,12,13,state,0,1,10,13
176,15,15,state,3,0,11,12
176,16,9,state,1,2,6,13
176,16,2,travel_finish,,,2,15
176,16,5,travel_finish,,,4,13
176,16,11,travel_finish,,,7,12
177,5,15,travel_start,0,,11,12
177,5,22,travel_start,0,,15,16
177,5,23,travel_start,0,,15,18
177,5,20,state,0,1,14,15
177,6,4,travel_start,0,,3,20
177,6,1,travel_start,0,,1,16
177,6,2,travel_start,0,,2,15
177,6,0,state,0,1,1,14
177,7,7,travel_finish,,,5,12
177,7,13,state,1,2,10,13
177,7,17,travel_finish,,,12,13
177,7,19,travel_finish,,,13,12
177,8,9,state,2,3,6,13
177,10,3,state,3,0,2,17
177,11,6,state,1,2,4,19
177,11,12,travel_finish,,,9,20
177,11,8,travel_finish,,,5,20
177,11,10,travel_finish,,,6,19
177,13,14,state,2,3,10,19
177,15,21,state,3,0,14,17
178,3,4,travel_finish,,,3,20
178,3,0,state,1,2,1,14
178,3,1,travel_finish,,,1,16
178,3,2,travel_finish,,,2,15
178,4,3,travel_start,0,,2,17
178,4,4,travel_start,0,,3,20
178,4,7,travel_start,0,,5,12
178,4,11,travel_start,0,,7,12
178,4,5,state,0,1,4,13
178,6,13,state,2,3,10,13
178,7,15,travel_finish,,,11,12
178,7,20,state,1,2,14,15
178,7,22,travel_finish,,,15,16
178,7,23,travel_finish,,,15,18
178,8,9,state,3,0,6,13
178,11,12,travel_start,0,,9,20
178,11,15,travel_start,0,,11,12
178,11,21,travel_start,0,,14,17
178,11,18,travel_start,0,,12,19
178,11,16,state,0,1,11,20
178,17,6,state,2,3,4,19
178,18,14,state,3,0,10,19
179,3,6,state,3,0,4,19
179,4,6,travel_start,0,,4,19
179,4,14,travel_start,0,,10,19
179,4,8,travel_start,0,,5,20
179,4,10,state,0,1,6,19
179,7,12,travel_finish,,,9,20
179,7,15,travel_finish,,,11,12
179,7,16,state,1,2,11,20
179,7,21,travel_finish,,,14,17
179,7,18,travel_finish,,,12,19
179,10,9,travel_start,0,,6,13
179,10,15,travel_start,0,,11,12
179,10,17,travel_start,0,,12,13
179,10,19,state,0,1,13,12
179,11,0,state,2,3,1,14
179,12,3,travel_finish,,,2,17
179,12,4,travel_finish,,,3,20
179,12,5,state,1,2,4,13
179,12,7,travel_finish,,,5,12
179,12,11,travel_finish,,,7,12
179,13,13,state,3,0,10,13
179,14,20,state,2,3,14,15
180,3,20,state,3,0,14,15
180,4,5,state,2,3,4,13
180,7,3,travel_start,0,,2,17
180,7,4,travel_start,0,,3,20
180,7,12,travel_start,0,,9,20
180,7,1,travel_start,0,,1,16
180,7,2,state,0,1,2,15
180,8,0,state,3,0,1,14
180,9,9,travel_finish,,,6,13
180,9,19,state,1,2,13,12
180,9,15,travel_finish,,,11,12
180,9,17,travel_finish,,,12,13
180,12,13,travel_start,0,,10,13
180,12,7,travel_start,0,,5,12
180,12,9,travel_start,0,,6,13
180,12,20,travel_start,0,,14,15
180,12,21,travel_start,0,,14,17
180,12,22,travel_start,0,,15,16
180,12,23,state,0,1,15,18
180,13,16,state,2,3,11,20
180,15,6,travel_finish,,,4,19
180,15,10,state,1,2,6,19
180,15,14,travel_finish,,,10,19
180,15,8,travel_finish,,,5,20
181,3,2,state,1,2,2,15
181,3,3,travel_finish,,,2,17
181,3,4,travel_finish,,,3,20
181,3,12,travel_finish,,,9,20
181,3,1,travel_finish,,,1,16
181,4,0,travel_start,0,,1,14
181,4,6,travel_start,0,,4,19
181,4,3,travel_start,0,,2,17
181,4,11,state,0,1,7,12
181,5,5,state,3,0,4,13
181,6,19,state,2,3,13,12
181,11,14,travel_start,0,,10,19
181,11,12,travel_start,0,,9,20
181,11,18,state,0,1,12,19
181,12,13,travel_finish,,,10,13
181,12,7,travel_finish,,,5,12
181,12,9,travel_finish,,,6,13
181,12,20,travel_finish,,,14,15
181,12,21,travel_finish,,,14,17
181,12,23,state,1,2,15,18
181,12,22,travel_finish,,,15,16
181,13,16,state,3,0,11,20
181,15,10,state,2,3,6,19
182,4,2,state,2,3,2,15
182,5,5,travel_start,0,,4,13
182,5,13,travel_start,0,,10,13
182,5,7,travel_start,0,,5,12
182,5,9,travel_start,0,,6,13
182,5,15,travel_start,0,,11,12
182,5,17,state,0,1,12,13
182,7,0,travel_finish,,,1,14
182,7,6,travel_finish,,,4,19
182,7,11,state,1,2,7,12
182,7,3,travel_finish,,,2,17
182,8,19,state,3,0,13,12
182,14,16,travel_start,0,,11,20
182,14,6,travel_start,0,,4,19
182,14,8,travel_start,0,,5,20
182,14,20,travel_start,0,,14,15
182,14,21,travel_start,0,,14,17
182,14,4,state,0,1,3,20
182,15,10,state,3,0,6,19
182,17,23,state,2,3,15,18
182,18,14,travel_finish,,,10,19
182,18,18,state,1,2,12,19
182,18,12,travel_finish,,,9,20
183,4,11,state,2,3,7,12
183,5,5,travel_finish,,,4,13
183,5,13,travel_finish,,,10,13
183,5,17,state,1,2,12,13
183,5,7,travel_finish,,,5,12
183,5,9,travel_finish,,,6,13
183,5,15,travel_finish,,,11,12
183,7,2,state,3,0,2,15
183,9,18,state,2,3,12,19
183,10,19,travel_start,0,,13,12
183,10,5,travel_start,0,,4,13
183,10,13,travel_start,0,,10,13
183,10,22,state,0,1,15,16
183,12,4,state,1,2,3,20
183,12,16,travel_finish,,,11,20
183,12,6,travel_finish,,,4,19
183,12,8,travel_finish,,,5,20
183,12,20,travel_finish,,,14,15
183,12,21,travel_finish,,,14,17
183,15,10,travel_start,0,,6,19
183,15,0,travel_start,0,,1,14
183,15,2,travel_start,0,,2,15
183,15,14,travel_start,0,,10,19
183,15,16,travel_start,0,,11,20
183,15,3,travel_start,0,,2,17
183,15,1,state,0,1,1,16
183,16,23,state,3,0,15,18
184,3,19,travel_finish,,,13,12
184,3,5,travel_finish,,,4,13
184,3,13,travel_finish,,,10,13
184,3,22,state,1,2,15,16
184,4,19,travel_start,0,,13,12
184,4,23,travel_start,0,,15,18
184,4,20,travel_start,0,,14,15
184,4,21,travel_start,0,,14,17
184,4,12,state,0,1,9,20
184,5,18,state,3,0,12,19
184,7,4,state,2,3,3,20
184,9,10,travel_finish,,,6,19
184,9,0,travel_finish,,,1,14
184,9,1,state,1,2,1,16
184,9,2,travel_finish,,,2,15
184,9,14,travel_finish,,,10,19
184,9,16,travel_finish,,,11,20
184,9,3,travel_finish,,,2,17
184,13,17,state,2,3,12,13
184,15,11,state,3,0,7,12
184,17,10,travel_start,0,,6,19
184,17,11,travel_start,0,,7,12
184,17,0,travel_start,0,,1,14
184,17,2,travel_start,0,,2,15
184,17,5,travel_start,0,,4,13
184,17,9,travel_start,0,,6,13
184,17,7,state,0,1,5,12
185,3,13,travel_start,0,,10,13
185,3,15,state,0,1,11,12
185,4,17,state,3,0,12,13
185,5,7,state,1,2,5,12
185,5,10,travel_finish,,,6,19
185,5,11,travel_finish,,,7,12
185,5,0,travel_finish,,,1,14
185,5,2,travel_finish,,,2,15
185,5,5,travel_finish,,,4,13
185,5,9,travel_finish,,,6,13
185,8,1,state,2,3,1,16
185,11,22,state,2,3,15,16
185,12,18,travel_start,0,,12,19
185,12,8,travel_start,0,,5,20
185,12,10,travel_start,0,,6,19
185,12,14,travel_start,0,,10,19
185,12,16,travel_start,0,,11,20
185,12,6,state,0,1,4,19
185,14,12,state,1,2,9,20
185,14,19,travel_finish,,,13,12
185,14,23,travel_finish,,,15,18
185,14,20,travel_finish,,,14,15
185,14,21,travel_finish,,,14,17
185,15,4,state,3,0,3,20
186,3,7,state,2,3,5,12
186,4,4,travel_start,0,,3,20
186,4,0,travel_start,0,,1,14
186,4,3,travel_start,0,,2,17
186,4,2,state,0,1,2,15
186,10,15,state,1,2,11,12
186,10,13,travel_finish,,,10,13
186,11,17,travel_start,0,,12,13
186,11,11,travel_start,0,,7,12
186,11,19,travel_start,0,,13,12
186,11,23,travel_start,0,,15,18
186,11,21,travel_start,0,,14,17
186,11,20,state,0,1,14,15
186,13,6,state,1,2,4,19
186,13,18,travel_finish,,,12,19
186,13,8,travel_finish,,,5,20
186,13,10,travel_finish,,,6,19
186,13,14,travel_finish,,,10,19
186,13,16,travel_finish,,,11,20
186,14,1,state,3,0,1,16
186,15,12,state,2,3,9,20
186,16,22,state,3,0,15,16
187,3,4,travel_finish,,,3,20
187,3,2,state,1,2,2,15
187,3,0,travel_finish,,,1,14
187,3,3,travel_finish,,,2,17
187,4,17,travel_finish,,,12,13
187,4,11,travel_finish,,,7,12
187,4,19,travel_finish,,,13,12
187,4,20,state,1,2,14,15
187,4,23,travel_finish,,,15,18
187,4,21,travel_finish,,,14,17
187,5,1,travel_start,0,,1,16
187,5,4,travel_start,0,,3,20
187,5,5,travel_start,0,,4,13
187,5,11,travel_start,0,,7,12
187,5,9,state,0,1,6,13
187,6,15,state,2,3,11,12
187,7,7,state,3,0,5,12
187,10,12,state,3,0,9,20
187,12,12,travel_start,0,,9,20
187,12,17,travel_start,0,,12,13
187,12,18,travel_start,0,,12,19
187,12,22,travel_start,0,,15,16
187,12,14,travel_start,0,,10,19
187,12,23,travel_start,0,,15,18
187,12,16,state,0,1,11,20
187,15,6,state,2,3,4,19
188,3,10,travel_start,0,,6,19
188,3,8,state,0,1,5,20
188,4,12,travel_finish,,,9,20
188,4,16,state,1,2,11,20
188,4,17,travel_finish,,,12,13
188,4,18,travel_finish,,,12,19
188,4,22,travel_finish,,,15,16
188,4,14,travel_finish,,,10,19
188,4,23,travel_finish,,,15,18
188,7,6,state,3,0,4,19
188,10,7,travel_start,0,,5,12
188,10,17,travel_start,0,,12,13
188,10,19,travel_start,0,,13,12
188,10,13,state,0,1,10,13
188,11,2,state,2,3,2,15
188,13,20,state,2,3,14,15
188,14,1,travel_finish,,,1,16
188,14,4,travel_finish,,,3,20
188,14,9,state,1,2,6,13
188,14,5,travel_finish,,,4,13
188,14,11,travel_finish,,,7,12
188,15,15,state,3,0,11,12
189,3,6,travel_start,0,,4,19
189,3,1,travel_start,0,,1,16
189,3,4,travel_start,0,,3,20
189,3,12,travel_start,0,,9,20
189,3,18,travel_start,0,,12,19
189,3,0,travel_start,0,,1,14
189,3,3,state,0,1,2,17
189,4,8,state,1,2,5,20
189,4,10,travel_finish,,,6,19
189,6,15,travel_start,0,,11,12
189,6,22,travel_start,0,,15,16
189,6,23,travel_start,0,,15,18
189,6,21,state,0,1,14,17
189,7,16,state,2,3,11,20
189,10,9,state,2,3,6,13
189,11,7,travel_finish,,,5,12
189,11,13,state,1,2,10,13
189,11,17,travel_finish,,,12,13
189,11,19,travel_finish,,,13,12
189,12,2,state,3,0,2,15
189,14,20,state,3,0,14,15
190,5,6,travel_finish,,,4,19
190,5,1,travel_finish,,,1,16
190,5,3,state,1,2,2,17
190,5,4,travel_finish,,,3,20
190,5,12,travel_finish,,,9,20
190,5,18,travel_finish,,,12,19
190,5,0,travel_finish,,,1,14
190,6,16,state,3,0,11,20
190,7,8,state,2,3,5,20
190,8,16,travel_start,0,,11,20
190,8,20,travel_start,0,,14,15
190,8,12,travel_start,0,,9,20
190,8,18,travel_start,0,,12,19
190,8,14,state,0,1,10,19
190,9,15,travel_finish,,,11,12
190,9,21,state,1,2,14,17
190,9,22,travel_finish,,,15,16
190,9,23,travel_finish,,,15,18
190,14,9,state,3,0,6,13
190,15,2,travel_start,0,,2,15
190,15,6,travel_start,0,,4,19
190,15,7,travel_start,0,,5,12
190,15,9,travel_start,0,,6,13
190,15,1,travel_start,0,,1,16
190,15,5,travel_start,0,,4,13
190,15,11,state,0,1,7,12
190,17,13,state,2,3,10,13
191,4,4,travel_start,0,,3,20
191,4,22,travel_start,0,,15,16
191,4,10,state,0,1,6,19
191,5,8,state,3,0,5,20
191,6,14,state,1,2,10,19
191,6,16,travel_finish,,,11,20
191,6,20,travel_finish,,,14,15
191,6,12,travel_finish,,,9,20
191,6,18,travel_finish,,,12,19
191,7,3,state,2,3,2,17
191,8,21,state,2,3,14,17
191,12,15,travel_start,0,,11,12
191,12,17,travel_start,0,,12,13
191,12,19,state,0,1,13,12
191,13,13,state,3,0,10,13
191,14,2,travel_finish,,,2,15
191,14,6,travel_finish,,,4,19
191,14,7,travel_finish,,,5,12
191,14,9,travel_finish,,,6,13
191,14,11,state,1,2,7,12
191,14,1,travel_finish,,,1,16
191,14,5,travel_finish,,,4,13
192,4,11,state,2,3,7,12
192,8,8,travel_start,0,,5,20
192,8,2,travel_start,0,,2,15
192,8,6,travel_start,0,,4,19
192,8,16,travel_start,0,,11,20
192,8,1,travel_start,0,,1,16
192,8,0,state,0,1,1,14
192,9,15,travel_finish,,,11,12
192,9,19,state,1,2,13,12
192,9,17,travel_finish,,,12,13
192,15,10,state,1,2,6,19
192,15,4,travel_finish,,,3,20
192,15,22,travel_finish,,,15,16
192,17,13,travel_start,0,,10,13
192,17,7,travel_start,0,,5,12
192,17,9,travel_start,0,,6,13
192,17,15,travel_start,0,,11,12
192,17,20,travel_start,0,,14,15
192,17,22,travel_start,0,,15,16
192,17,23,state,0,1,15,18
192,18,3,state,3,0,2,17
192,19,14,state,2,3,10,19
192,21,21,state,3,0,14,17
193,4,8,travel_finish,,,5,20
193,4,0,state,1,2,1,14
193,4,2,travel_finish,,,2,15
193,4,6,travel_finish,,,4,19
193,4,16,travel_finish,,,11,20
193,4,1,travel_finish,,,1,16
193,5,3,travel_start,0,,2,17
193,5,8,travel_start,0,,5,20
193,5,2,travel_start,0,,2,15
193,5,5,state,0,1,4,13
193,6,11,state,3,0,7,12
193,7,19,state,2,3,13,12
193,12,14,state,3,0,10,19
193,14,14,travel_start,0,,10,19
193,14,21,travel_start,0,,14,17
193,14,16,travel_start,0,,11,20
193,14,18,travel_start,0,,12,19
193,14,12,state,0,1,9,20
193,15,10,state,2,3,6,19
193,18,13,travel_finish,,,10,13
193,18,7,travel_finish,,,5,12
193,18,9,travel_finish,,,6,13
193,18,15,travel_finish,,,11,12
193,18,20,travel_finish,,,14,15
193,18,23,state,1,2,15,18
193,18,22,travel_finish,,,15,16
194,7,11,travel_start,0,,7,12
194,7,13,travel_start,0,,10,13
194,7,7,travel_start,0,,5,12
194,7,9,travel_start,0,,6,13
194,7,15,travel_start,0,,11,12
194,7,17,state,0,1,12,13
194,8,19,state,3,0,13,12
194,9,0,state,2,3,1,14
194,10,3,travel_finish,,,2,17
194,10,5,state,1,2,4,13
194,10,8,travel_finish,,,5,20
194,10,2,travel_finish,,,2,15
194,16,12,state,1,2,9,20
194,16,14,travel_finish,,,10,19
194,16,21,travel_finish,,,14,17
194,16,16,travel_finish,,,11,20
194,16,18,travel_finish,,,12,19
194,19,23,state,2,3,15,18
194,20,4,travel_start,0,,3,20
194,20,8,travel_start,0,,5,20
194,20,14,travel_start,0,,10,19
194,20,20,travel_start,0,,14,15
194,20,21,travel_start,0,,14,17
194,20,6,state,0,1,4,19
194,21,10,state,3,0,6,19
195,3,19,travel_start,0,,13,12
195,3,22,state,0,1,15,16
195,6,10,travel_start,0,,6,19
195,6,3,travel_start,0,,2,17
195,6,2,travel_start,0,,2,15
195,6,1,state,0,1,1,16
195,9,12,state,2,3,9,20
195,10,23,state,3,0,15,18
195,11,6,state,1,2,4,19
195,11,4,travel_finish,,,3,20
195,11,8,travel_finish,,,5,20
195,11,14,travel_finish,,,10,19
195,11,20,travel_finish,,,14,15
195,11,21,travel_finish,,,14,17
195,13,5,state,2,3,4,13
195,14,0,state,3,0,1,14
195,15,11,travel_finish,,,7,12
195,15,13,travel_finish,,,10,13
195,15,17,state,1,2,12,13
195,15,7,travel_finish,,,5,12
195,15,9,travel_finish,,,6,13
195,15,15,travel_finish,,,11,12
196,5,17,state,2,3,12,13
196,7,5,state,3,0,4,13
196,9,13,travel_start,0,,10,13
196,9,23,travel_start,0,,15,18
196,9,16,travel_start,0,,11,20
196,9,18,travel_start,0,,12,19
196,9,20,travel_start,0,,14,15
196,9,21,travel_start,0,,14,17
196,9,14,state,0,1,10,19
196,10,19,travel_finish,,,13,12
196,10,22,state,1,2,15,16
196,12,10,travel_finish,,,6,19
196,12,1,state,1,2,1,16
196,12,3,travel_finish,,,2,17
196,12,2,travel_finish,,,2,15
196,15,0,travel_start,0,,1,14
196,15,5,travel_start,0,,4,13
196,15,10,travel_start,0,,6,19
196,15,11,travel_start,0,,7,12
196,15,3,travel_start,0,,2,17
196,15,9,travel_start,0,,6,13
196,15,7,state,0,1,5,12
196,19,12,state,3,0,9,20
196,20,6,state,2,3,4,19
197,4,19,travel_start,0,,13,12
197,4,15,state,0,1,11,12
197,5,0,travel_finish,,,1,14
197,5,5,travel_finish,,,4,13
197,5,7,state,1,2,5,12
197,5,10,travel_finish,,,6,19
197,5,11,travel_finish,,,7,12
197,5,3,travel_finish,,,2,17
197,5,9,travel_finish,,,6,13
197,8,6,state,3,0,4,19
197,10,1,state,2,3,1,16
197,12,6,travel_start,0,,4,19
197,12,12,travel_start,0,,9,20
197,12,8,travel_start,0,,5,20
197,12,10,travel_start,0,,6,19
197,12,4,state,0,1,3,20
197,14,13,travel_finish,,,10,13
197,14,14,state,1,2,10,19
197,14,23,travel_finish,,,15,18
197,14,16,travel_finish,,,11,20
197,14,18,travel_finish,,,12,19
197,14,20,travel_finish,,,14,15
197,14,21,travel_finish,,,14,17
197,15,22,state,2,3,15,16
197,17,17,state,3,0,12,13
198,6,14,state,2,3,10,19
198,7,22,state,3,0,15,16
198,8,17,travel_start,0,,12,13
198,8,5,travel_start,0,,4,13
198,8,11,travel_start,0,,7,12
198,8,13,travel_start,0,,10,13
198,8,22,travel_start,0,,15,16
198,8,23,travel_start,0,,15,18
198,8,20,travel_start,0,,14,15
198,8,21,state,0,1,14,17
198,9,4,state,1,2,3,20
198,9,6,travel_finish,,,4,19
198,9,12,travel_finish,,,9,20
198,9,8,travel_finish,,,5,20
198,9,10,travel_finish,,,6,19
198,10,1,state,3,0,1,16
198,11,0,travel_start,0,,1,14
198,11,1,travel_start,0,,1,16
198,11,6,travel_start,0,,4,19
198,11,12,travel_start,0,,9,20
198,11,2,travel_start,0,,2,15
198,11,3,state,0,1,2,17
198,15,15,state,1,2,11,12
198,15,19,travel_finish,,,13,12
198,16,7,state,2,3,5,12
199,4,9,state,0,1,6,13
199,5,7,state,3,0,5,12
199,6,15,state,2,3,11,12
199,9,19,travel_start,0,,13,12
199,9,18,travel_start,0,,12,19
199,9,16,state,0,1,11,20
199,10,0,travel_finish,,,1,14
199,10,1,travel_finish,,,1,16
199,10,3,state,1,2,2,17
199,10,6,travel_finish,,,4,19
199,10,12,travel_finish,,,9,20
199,10,2,travel_finish,,,2,15
199,12,17,travel_finish,,,12,13
199,12,5,travel_finish,,,4,13
199,12,11,travel_finish,,,7,12
199,12,13,travel_finish,,,10,13
199,12,21,state,1,2,14,17
199,12,22,travel_finish,,,15,16
199,12,23,travel_finish,,,15,18
199,12,20,travel_finish,,,14,15
199,14,14,state,3,0,10,19
199,15,4,state,2,3,3,20
200,6,15,state,3,0,11,12
200,9,9,state,1,2,6,13
200,10,7,travel_start,0,,5,12
200,10,15,travel_start,0,,11,12
200,10,17,travel_start,0,,12,13
200,10,0,travel_start,0,,1,14
200,10,1,travel_start,0,,1,16
200,10,5,travel_start,0,,4,13
200,10,11,travel_start,0,,7,12
200,10,13,state,0,1,10,13
200,12,14,travel_start,0,,10,19
200,12,6,travel_start,0,,4,19
200,12,8,travel_start,0,,5,20
200,12,12,travel_start,0,,9,20
200,12,22,travel_start,0,,15,16
200,12,23,travel_start,0,,15,18
200,12,10,state,0,1,6,19
200,13,3,state,2,3,2,17
200,14,21,state,2,3,14,17
200,15,16,state,1,2,11,20
200,15,19,travel_finish,,,13,12
200,15,18,travel_finish,,,12,19
200,16,4,state,3,0,3,20
201,3,7,travel_finish,,,5,12
201,3,13,state,1,2,10,13
201,3,15,travel_finish,,,11,12
201,3,17,travel_finish,,,12,13
201,3,0,travel_finish,,,1,14
201,3,1,travel_finish,,,1,16
201,3,5,travel_finish,,,4,13
201,3,11,travel_finish,,,7,12
201,4,7,travel_start,0,,5,12
201,4,15,travel_start,0,,11,12
201,4,17,travel_start,0,,12,13
201,4,19,travel_start,0,,13,12
201,4,20,state,0,1,14,15
201,5,4,travel_start,0,,3,20
201,5,0,travel_start,0,,1,14
201,5,1,travel_start,0,,1,16
201,5,2,state,0,1,2,15
201,6,9,state,2,3,6,13
201,11,10,state,1,2,6,19
201,11,14,travel_finish,,,10,19
201,11,6,travel_finish,,,4,19
201,11,8,travel_finish,,,5,20
201,11,12,travel_finish,,,9,20
201,11,22,travel_finish,,,15,16
201,11,23,travel_finish,,,15,18
201,12,21,state,3,0,14,17
201,13,16,state,2,3,11,20
201,14,3,state,3,0,2,17
202,3,14,travel_start,0,,10,19
202,3,21,travel_start,0,,14,17
202,3,12,travel_start,0,,9,20
202,3,22,travel_start,0,,15,16
202,3,23,travel_start,0,,15,18
202,3,18,state,0,1,12,19
202,5,16,state,3,0,11,20
202,7,10,state,2,3,6,19
202,11,3,travel_start,0,,2,17
202,11,11,travel_start,0,,7,12
202,11,5,state,0,1,4,13
202,12,13,state,2,3,10,13
202,13,4,travel_finish,,,3,20
202,13,2,state,1,2,2,15
202,13,0,travel_finish,,,1,14
202,13,1,travel_finish,,,1,16
202,14,7,travel_finish,,,5,12
202,14,15,travel_finish,,,11,12
202,14,17,travel_finish,,,12,13
202,14,19,travel_finish,,,13,12
202,14,20,state,1,2,14,15
202,15,9,state,3,0,6,13
203,3,4,travel_start,0,,3,20
203,3,16,travel_start,0,,11,20
203,3,6,travel_start,0,,4,19
203,3,8,state,0,1,5,20
203,4,14,travel_finish,,,10,19
203,4,18,state,1,2,12,19
203,4,21,travel_finish,,,14,17
203,4,12,travel_finish,,,9,20
203,4,22,travel_finish,,,15,16
203,4,23,travel_finish,,,15,18
203,6,10,state,3,0,6,19
203,10,9,travel_start,0,,6,13
203,10,7,travel_start,0,,5,12
203,10,15,travel_start,0,,11,12
203,10,17,travel_start,0,,12,13
203,10,19,state,0,1,13,12
203,11,3,travel_finish,,,2,17
203,11,5,state,1,2,4,13
203,11,11,travel_finish,,,7,12
203,12,2,state,2,3,2,15
203,13,20,state,2,3,14,15
203,14,13,state,3,0,10,13
204,3,10,travel_start,0,,6,19
204,3,3,travel_start,0,,2,17
204,3,14,travel_start,0,,10,19
204,3,0,travel_start,0,,1,14
204,3,1,state,0,1,1,16
204,4,13,travel_start,0,,10,13
204,4,21,travel_start,0,,14,17
204,4,22,travel_start,0,,15,16
204,4,23,state,0,1,15,18
204,5,4,travel_finish,,,3,20
204,5,8,state,1,2,5,20
204,5,16,travel_finish,,,11,20
204,5,6,travel_finish,,,4,19
204,7,18,state,2,3,12,19
204,9,2,state,3,0,2,15
204,10,5,state,2,3,4,13
204,11,9,travel_finish,,,6,13
204,11,19,state,1,2,13,12
204,11,7,travel_finish,,,5,12
204,11,15,travel_finish,,,11,12
204,11,17,travel_finish,,,12,13
204,12,20,state,3,0,14,15
205,5,16,travel_start,0,,11,20
205,5,20,travel_start,0,,14,15
205,5,12,state,0,1,9,20
205,6,13,travel_finish,,,10,13
205,6,21,travel_finish,,,14,17
205,6,23,state,1,2,15,18
205,6,22,travel_finish,,,15,16
205,7,18,state,3,0,12,19
205,8,8,state,2,3,5,20
205,9,10,travel_finish,,,6,19
205,9,1,state,1,2,1,16
205,9,3,travel_finish,,,2,17
205,9,14,travel_finish,,,10,19
205,9,0,travel_finish,,,1,14
205,14,19,state,2,3,13,12
205,15,2,travel_start,0,,2,15
205,15,4,travel_start,0,,3,20
205,15,9,travel_start,0,,6,13
205,15,10,travel_start,0,,6,19
205,15,3,travel_start,0,,2,17
205,15,11,travel_start,0,,7,12
205,15,7,state,0,1,5,12
205,18,5,state,3,0,4,13
206,4,1,state,2,3,1,16
206,7,23,state,2,3,15,18
206,8,12,state,1,2,9,20
206,8,16,travel_finish,,,11,20
206,8,20,travel_finish,,,14,15
206,9,18,travel_start,0,,12,19
206,9,14,travel_start,0,,10,19
206,9,16,travel_start,0,,11,20
206,9,20,travel_start,0,,14,15
206,9,21,travel_start,0,,14,17
206,9,6,state,0,1,4,19
206,11,8,state,3,0,5,20
206,13,2,travel_finish,,,2,15
206,13,4,travel_finish,,,3,20
206,13,7,state,1,2,5,12
206,13,9,travel_finish,,,6,13
206,13,10,travel_finish,,,6,19
206,13,3,travel_finish,,,2,17
206,13,11,travel_finish,,,7,12
206,16,19,state,3,0,13,12
206,17,5,travel_start,0,,4,13
206,17,13,travel_start,0,,10,13
206,17,19,travel_start,0,,13,12
206,17,2,travel_start,0,,2,15
206,17,9,travel_start,0,,6,13
206,17,15,travel_start,0,,11,12
206,17,17,state,0,1,12,13
207,3,7,state,2,3,5,12
207,5,8,travel_start,0,,5,20
207,5,4,travel_start,0,,3,20
207,5,10,travel_start,0,,6,19
207,5,3,travel_start,0,,2,17
207,5,0,state,0,1,1,14
207,6,5,travel_finish,,,4,13
207,6,13,travel_finish,,,10,13
207,6,17,state,1,2,12,13
207,6,19,travel_finish,,,13,12
207,6,2,travel_finish,,,2,15
207,6,9,travel_finish,,,6,13
207,6,15,travel_finish,,,11,12
207,8,12,state,2,3,9,20
207,9,6,state,1,2,4,19
207,9,18,travel_finish,,,12,19
207,9,14,travel_finish,,,10,19
207,9,16,travel_finish,,,11,20
207,9,20,travel_finish,,,14,15
207,9,21,travel_finish,,,14,17
207,10,1,state,3,0,1,16
207,11,23,state,3,0,15,18
207,12,5,travel_start,0,,4,13
207,12,13,travel_start,0,,10,13
207,12,19,travel_start,0,,13,12
207,12,23,travel_start,0,,15,18
207,12,20,travel_start,0,,14,15
207,12,21,travel_start,0,,14,17
207,12,22,state,0,1,15,16
208,3,8,travel_finish,,,5,20
208,3,0,state,1,2,1,14
208,3,4,travel_finish,,,3,20
208,3,10,travel_finish,,,6,19
208,3,3,travel_finish,,,2,17
208,5,17,state,2,3,12,13
208,6,7,state,3,0,5,12
208,7,1,travel_start,0,,1,16
208,7,7,travel_start,0,,5,12
208,7,8,travel_start,0,,5,20
208,7,2,travel_start,0,,2,15
208,7,9,travel_start,0,,6,13
208,7,11,state,0,1,7,12
208,10,5,travel_finish,,,4,13
208,10,13,travel_finish,,,10,13
208,10,19,travel_finish,,,13,12
208,10,22,state,1,2,15,16
208,10,23,travel_finish,,,15,18
208,10,20,travel_finish,,,14,15
208,10,21,travel_finish,,,14,17
208,13,6,state,2,3,4,19
208,14,12,state,3,0,9,20
208,15,12,travel_start,0,,9,20
208,15,18,travel_start,0,,12,19
208,15,16,travel_start,0,,11,20
208,15,23,travel_start,0,,15,18
208,15,14,state,0,1,10,19
209,4,22,state,2,3,15,16
209,5,4,travel_start,0,,3,20
209,5,10,state,0,1,6,19
209,6,12,travel_finish,,,9,20
209,6,14,state,1,2,10,19
209,6,18,travel_finish,,,12,19
209,6,16,travel_finish,,,11,20
209,6,23,travel_finish,,,15,18
209,8,6,state,3,0,4,19
209,10,0,state,2,3,1,14
209,11,5,travel_start,0,,4,13
209,11,15,travel_start,0,,11,12
209,11,19,travel_start,0,,13,12
209,11,13,state,0,1,10,13
209,13,1,travel_finish,,,1,16
209,13,7,travel_finish,,,5,12
209,13,8,travel_finish,,,5,20
209,13,11,state,1,2,7,12
209,13,2,travel_finish,,,2,15
209,13,9,travel_finish,,,6,13
209,14,17,state,3,0,12,13
210,4,0,state,3,0,1,14
210,6,11,state,2,3,7,12
210,7,13,state,1,2,10,13
210,7,5,travel_finish,,,4,13
210,7,15,travel_finish,,,11,12
210,7,19,travel_finish,,,13,12
210,9,17,travel_start,0,,12,13
210,9,7,travel_start,0,,5,12
210,9,21,travel_start,0,,14,17
210,9,23,travel_start,0,,15,18
210,9,20,state,0,1,14,15
210,10,6,travel_start,0,,4,19
210,10,0,travel_start,0,,1,14
210,10,1,travel_start,0,,1,16
210,10,8,travel_start,0,,5,20
210,10,12,travel_start,0,,9,20
210,10,18,travel_start,0,,12,19
210,10,3,travel_start,0,,2,17
210,10,2,state,0,1,2,15
210,12,14,state,2,3,10,19
210,13,10,state,1,2,6,19
210,13,4,travel_finish,,,3,20
210,14,22,state,3,0,15,16
211,5,10,state,2,3,6,19
211,6,22,travel_start,0,,15,16
211,6,16,state,0,1,11,20
211,7,14,state,3,0,10,19
211,9,9,travel_start,0,,6,13
211,9,5,state,0,1,4,13
211,10,17,travel_finish,,,12,13
211,10,7,travel_finish,,,5,12
211,10,20,state,1,2,14,15
211,10,21,travel_finish,,,14,17
211,10,23,travel_finish,,,15,18
211,12,13,state,2,3,10,13
211,13,11,state,3,0,7,12
211,15,6,travel_finish,,,4,19
211,15,0,travel_finish,,,1,14
211,15,1,travel_finish,,,1,16
211,15,2,state,1,2,2,15
211,15,8,travel_finish,,,5,20
211,15,12,travel_finish,,,9,20
211,15,18,travel_finish,,,12,19
211,15,3,travel_finish,,,2,17
212,7,10,state,3,0,6,19
212,8,6,travel_start,0,,4,19
212,8,10,travel_start,0,,6,19
212,8,14,travel_start,0,,10,19
212,8,8,travel_start,0,,5,20
212,8,12,travel_start,0,,9,20
212,8,18,travel_start,0,,12,19
212,8,4,state,0,1,3,20
212,9,16,state,1,2,11,20
212,9,22,travel_finish,,,15,16
212,13,11,travel_start,0,,7,12
212,13,17,travel_start,0,,12,13
212,13,0,travel_start,0,,1,14
212,13,1,travel_start,0,,1,16
212,13,7,travel_start,0,,5,12
212,13,19,travel_start,0,,13,12
212,13,15,state,0,1,11,12
212,14,5,state,1,2,4,13
212,14,9,travel_finish,,,6,13
212,15,20,state,2,3,14,15
212,16,2,state,2,3,2,15
212,17,13,state,3,0,10,13
213,3,20,state,3,0,14,15
213,4,11,travel_finish,,,7,12
213,4,15,state,1,2,11,12
213,4,17,travel_finish,,,12,13
213,4,0,travel_finish,,,1,14
213,4,1,travel_finish,,,1,16
213,4,7,travel_finish,,,5,12
213,4,19,travel_finish,,,13,12
213,5,2,state,3,0,2,15
213,6,5,state,2,3,4,13
213,10,13,travel_start,0,,10,13
213,10,11,travel_start,0,,7,12
213,10,17,travel_start,0,,12,13
213,10,20,travel_start,0,,14,15
213,10,22,travel_start,0,,15,16
213,10,23,travel_start,0,,15,18
213,10,21,state,0,1,14,17
213,11,4,state,1,2,3,20
213,11,6,travel_finish,,,4,19
213,11,10,travel_finish,,,6,19
213,11,14,travel_finish,,,10,19
213,11,8,travel_finish,,,5,20
213,11,12,travel_finish,,,9,20
213,11,18,travel_finish,,,12,19
213,12,16,state,2,3,11,20
213,14,2,travel_start,0,,2,15
213,14,6,travel_start,0,,4,19
213,14,10,travel_start,0,,6,19
213,14,14,travel_start,0,,10,19
213,14,0,travel_start,0,,1,14
213,14,1,travel_start,0,,1,16
213,14,3,state,0,1,2,17
214,3,13,travel_finish,,,10,13
214,3,11,travel_finish,,,7,12
214,3,17,travel_finish,,,12,13
214,3,20,travel_finish,,,14,15
214,3,21,state,1,2,14,17
214,3,22,travel_finish,,,15,16
214,3,23,travel_finish,,,15,18
214,4,13,travel_start,0,,10,13
214,4,18,travel_start,0,,12,19
214,4,20,travel_start,0,,14,15
214,4,22,travel_start,0,,15,16
214,4,12,state,0,1,9,20
214,5,4,state,2,3,3,20
214,6,16,state,3,0,11,20
214,8,2,travel_finish,,,2,15
214,8,3,state,1,2,2,17
214,8,6,travel_finish,,,4,19
214,8,10,travel_finish,,,6,19
214,8,14,travel_finish,,,10,19
214,8,0,travel_finish,,,1,14
214,8,1,travel_finish,,,1,16
214,10,2,travel_start,0,,2,15
214,10,9,travel_start,0,,6,13
214,10,11,travel_start,0,,7,12
214,10,7,state,0,1,5,12
214,12,5,state,3,0,4,13
214,14,15,state,2,3,11,12
215,3,16,travel_start,0,,11,20
215,3,6,travel_start,0,,4,19
215,3,10,travel_start,0,,6,19
215,3,14,travel_start,0,,10,19
215,3,8,state,0,1,5,20
215,4,4,state,3,0,3,20
215,5,3,state,2,3,2,17
215,6,12,state,1,2,9,20
215,6,13,travel_finish,,,10,13
215,6,18,travel_finish,,,12,19
215,6,20,travel_finish,,,14,15
215,6,22,travel_finish,,,15,16
215,7,21,state,2,3,14,17
215,12,7,state,1,2,5,12
215,12,2,travel_finish,,,2,15
215,12,9,travel_finish,,,6,13
215,12,11,travel_finish,,,7,12
215,13,15,state,3,0,11,12
215,16,5,travel_start,0,,4,13
215,16,15,travel_start,0,,11,12
215,16,13,travel_start,0,,10,13
215,16,17,travel_start,0,,12,13
215,16,19,state,0,1,13,12
216,3,4,travel_start,0,,3,20
216,3,0,travel_start,0,,1,14
216,3,2,travel_start,0,,2,15
216,3,1,state,0,1,1,16
216,4,12,state,2,3,9,20
216,5,8,state,1,2,5,20
216,5,16,travel_finish,,,11,20
216,5,6,travel_finish,,,4,19
216,5,10,travel_finish,,,6,19
216,5,14,travel_finish,,,10,19
216,6,3,state,3,0,2,17
216,7,20,travel_start,0,,14,15
216,7,22,travel_start,0,,15,16
216,7,23,state,0,1,15,18
216,8,21,state,3,0,14,17
216,13,5,travel_finish,,,4,13
216,13,15,travel_finish,,,11,12
216,13,19,state,1,2,13,12
216,13,13,travel_finish,,,10,13
216,13,17,travel_finish,,,12,13
216,14,7,state,2,3,5,12
217,3,4,travel_finish,,,3,20
217,3,1,state,1,2,1,16
217,3,0,travel_finish,,,1,14
217,3,2,travel_finish,,,2,15
217,5,15,travel_start,0,,11,12
217,5,16,travel_start,0,,11,20
217,5,21,travel_start,0,,14,17
217,5,14,travel_start,0,,10,19
217,5,18,state,0,1,12,19
217,7,23,state,1,2,15,18
217,7,20,travel_finish,,,14,15
217,7,22,travel_finish,,,15,16
217,9,12,state,3,0,9,20
217,11,8,state,2,3,5,20
217,13,3,travel_start,0,,2,17
217,13,4,travel_start,0,,3,20
217,13,5,travel_start,0,,4,13
217,13,9,travel_start,0,,6,13
217,13,11,state,0,1,7,12
217,14,7,state,3,0,5,12
217,15,19,state,2,3,13,12
218,3,12,travel_start,0,,9,20
218,3,10,travel_start,0,,6,19
218,3,6,state,0,1,4,19
218,4,1,state,2,3,1,16
218,5,23,state,2,3,15,18
218,6,8,state,3,0,5,20
218,8,15,travel_finish,,,11,12
218,8,16,travel_finish,,,11,20
218,8,18,state,1,2,12,19
218,8,21,travel_finish,,,14,17
218,8,14,travel_finish,,,10,19
218,11,7,travel_start,0,,5,12
218,11,13,travel_start,0,,10,13
218,11,15,travel_start,0,,11,12
218,11,17,state,0,1,12,13
218,13,3,travel_finish,,,2,17
218,13,4,travel_finish,,,3,20
218,13,5,travel_finish,,,4,13
218,13,11,state,1,2,7,12
218,13,9,travel_finish,,,6,13
218,14,19,state,3,0,13,12
219,9,6,state,1,2,4,19
219,9,12,travel_finish,,,9,20
219,9,10,travel_finish,,,6,19
219,10,19,travel_start,0,,13,12
219,10,5,travel_start,0,,4,13
219,10,21,travel_start,0,,14,17
219,10,20,travel_start,0,,14,15
219,10,22,state,0,1,15,16
219,11,1,state,3,0,1,16
219,12,18,state,2,3,12,19
219,13,23,state,3,0,15,18
219,15,11,state,2,3,7,12
219,17,8,travel_start,0,,5,20
219,17,1,travel_start,0,,1,16
219,17,3,travel_start,0,,2,17
219,17,4,travel_start,0,,3,20
219,17,12,travel_start,0,,9,20
219,17,16,travel_start,0,,11,20
219,17,0,travel_start,0,,1,14
219,17,2,state,0,1,2,15
219,18,7,travel_finish,,,5,12
219,18,17,state,1,2,12,13
219,18,13,travel_finish,,,10,13
219,18,15,travel_finish,,,11,12
220,3,23,travel_start,0,,15,18
220,3,14,state,0,1,10,19
220,4,19,travel_finish,,,13,12
220,4,5,travel_finish,,,4,13
220,4,21,travel_finish,,,14,17
220,4,22,state,1,2,15,16
220,4,20,travel_finish,,,14,15
220,5,18,state,3,0,12,19
220,6,6,state,2,3,4,19
220,10,17,state,2,3,12,13
220,11,7,travel_start,0,,5,12
220,11,5,travel_start,0,,4,13
220,11,9,state,0,1,6,13
220,15,11,state,3,0,7,12
220,16,8,travel_finish,,,5,20
220,16,1,travel_finish,,,1,16
220,16,2,state,1,2,2,15
220,16,3,travel_finish,,,2,17
220,16,4,travel_finish,,,3,20
220,16,12,travel_finish,,,9,20
220,16,16,travel_finish,,,11,20
220,16,0,travel_finish,,,1,14
221,4,11,travel_start,0,,7,12
221,4,19,travel_start,0,,13,12
221,4,1,travel_start,0,,1,16
221,4,3,travel_start,0,,2,17
221,4,15,travel_start,0,,11,12
221,4,13,state,0,1,10,13
221,6,7,travel_finish,,,5,12
221,6,9,state,1,2,6,13
221,6,5,travel_finish,,,4,13
221,7,17,state,3,0,12,13
221,8,2,state,2,3,2,15
221,12,8,travel_start,0,,5,20
221,12,18,travel_start,0,,12,19
221,12,4,travel_start,0,,3,20
221,12,12,travel_start,0,,9,20
221,12,16,travel_start,0,,11,20
221,12,21,travel_start,0,,14,17
221,12,10,state,0,1,6,19
221,13,14,state,1,2,10,19
221,13,23,travel_finish,,,15,18
221,14,6,state,3,0,4,19
221,15,22,state,2,3,15,16
222,3,11,travel_finish,,,7,12
222,3,13,state,1,2,10,13
222,3,19,travel_finish,,,13,12
222,3,1,travel_finish,,,1,16
222,3,3,travel_finish,,,2,17
222,3,15,travel_finish,,,11,12
222,5,6,travel_start,0,,4,19
222,5,1,travel_start,0,,1,16
222,5,3,travel_start,0,,2,17
222,5,0,state,0,1,1,14
222,6,2,state,3,0,2,15
222,8,9,state,2,3,6,13
222,10,17,travel_start,0,,12,13
222,10,7,travel_start,0,,5,12
222,10,11,travel_start,0,,7,12
222,10,19,travel_start,0,,13,12
222,10,23,travel_start,0,,15,18
222,10,20,state,0,1,14,15
222,12,8,travel_finish,,,5,20
222,12,10,state,1,2,6,19
222,12,18,travel_finish,,,12,19
222,12,4,travel_finish,,,3,20
222,12,12,travel_finish,,,9,20
222,12,16,travel_finish,,,11,20
222,12,21,travel_finish,,,14,17
222,13,22,state,3,0,15,16
222,14,14,state,2,3,10,19
223,3,2,travel_start,0,,2,15
223,3,8,travel_start,0,,5,20
223,3,5,state,0,1,4,13
223,4,9,state,3,0,6,13
223,5,13,state,2,3,10,13
223,7,17,travel_finish,,,12,13
223,7,7,travel_finish,,,5,12
223,7,11,travel_finish,,,7,12
223,7,19,travel_finish,,,13,12
223,7,20,state,1,2,14,15
223,7,23,travel_finish,,,15,18
223,8,6,travel_finish,,,4,19
223,8,0,state,1,2,1,14
223,8,1,travel_finish,,,1,16
223,8,3,travel_finish,,,2,17
223,10,10,state,2,3,6,19
223,16,17,travel_start,0,,12,13
223,16,18,travel_start,0,,12,19
223,16,22,travel_start,0,,15,16
223,16,16,travel_start,0,,11,20
223,16,21,travel_start,0,,14,17
223,16,23,travel_start,0,,15,18
223,16,12,state,0,1,9,20
223,18,14,state,3,0,10,19
224,3,0,state,2,3,1,14
224,5,13,state,3,0,10,13
224,6,9,travel_start,0,,6,13
224,6,13,travel_start,0,,10,13
224,6,7,travel_start,0,,5,12
224,6,11,travel_start,0,,7,12
224,6,19,travel_start,0,,13,12
224,6,15,state,0,1,11,12
224,7,2,travel_finish,,,2,15
224,7,5,state,1,2,4,13
224,7,8,travel_finish,,,5,20
224,8,20,state,2,3,14,15
224,10,10,state,3,0,6,19
224,12,6,travel_start,0,,4,19
224,12,10,travel_start,0,,6,19
224,12,14,travel_start,0,,10,19
224,12,8,travel_start,0,,5,20
224,12,4,state,0,1,3,20
224,13,12,state,1,2,9,20
224,13,17,travel_finish,,,12,13
224,13,18,travel_finish,,,12,19
224,13,22,travel_finish,,,15,16
224,13,16,travel_finish,,,11,20
224,13,21,travel_finish,,,14,17
224,13,23,travel_finish,,,15,18
225,3,9,travel_finish,,,6,13
225,3,13,travel_finish,,,10,13
225,3,15,state,1,2,11,12
225,3,7,travel_finish,,,5,12
225,3,11,travel_finish,,,7,12
225,3,19,travel_finish,,,13,12
225,5,5,state,2,3,4,13
225,6,20,state,3,0,14,15
225,7,0,state,3,0,1,14
225,10,0,travel_start,0,,1,14
225,10,2,travel_start,0,,2,15
225,10,18,travel_start,0,,12,19
225,10,3,travel_start,0,,2,17
225,10,1,state,0,1,1,16
225,11,12,state,2,3,9,20
225,13,9,travel_start,0,,6,13
225,13,13,travel_start,0,,10,13
225,13,17,travel_start,0,,12,13
225,13,20,travel_start,0,,14,15
225,13,22,travel_start,0,,15,16
225,13,21,travel_start,0,,14,17
225,13,23,state,0,1,15,18
225,14,4,state,1,2,3,20
225,14,6,travel_finish,,,4,19
225,14,10,travel_finish,,,6,19
225,14,14,travel_finish,,,10,19
225,14,8,travel_finish,,,5,20
226,3,14,travel_start,0,,10,19
226,3,16,state,0,1,11,20
226,4,12,state,3,0,9,20
226,5,0,travel_finish,,,1,14
226,5,1,state,1,2,1,16
226,5,2,travel_finish,,,2,15
226,5,18,travel_finish,,,12,19
226,5,3,travel_finish,,,2,17
226,7,9,travel_finish,,,6,13
226,7,13,travel_finish,,,10,13
226,7,17,travel_finish,,,12,13
226,7,20,travel_finish,,,14,15
226,7,22,travel_finish,,,15,16
226,7,23,state,1,2,15,18
226,7,21,travel_finish,,,14,17
226,10,4,state,2,3,3,20
226,15,15,state,2,3,11,12
226,18,6,travel_start,0,,4,19
226,18,10,travel_start,0,,6,19
226,18,0,travel_start,0,,1,14
226,18,2,travel_start,0,,2,15
226,18,7,travel_start,0,,5,12
226,18,9,travel_start,0,,6,13
226,18,11,state,0,1,7,12
226,19,5,state,3,0,4,13
227,6,4,state,3,0,3,20
227,7,1,state,2,3,1,16
227,8,23,state,2,3,15,18
227,10,14,travel_finish,,,10,19
227,10,16,state,1,2,11,20
227,11,4,travel_start,0,,3,20
227,11,12,travel_start,0,,9,20
227,11,14,travel_start,0,,10,19
227,11,18,travel_start,0,,12,19
227,11,20,travel_start,0,,14,15
227,11,22,travel_start,0,,15,16
227,11,8,state,0,1,5,20
227,13,5,travel_start,0,,4,13
227,13,13,travel_start,0,,10,13
227,13,17,travel_start,0,,12,13
227,13,19,state,0,1,13,12
227,14,15,state,3,0,11,12
227,15,6,travel_finish,,,4,19
227,15,10,travel_finish,,,6,19
227,15,11,state,1,2,7,12
227,15,0,travel_finish,,,1,14
227,15,2,travel_finish,,,2,15
227,15,7,travel_finish,,,5,12
227,15,9,travel_finish,,,6,13
228,3,6,travel_start,0,,4,19
228,3,10,travel_start,0,,6,19
228,3,2,travel_start,0,,2,15
228,3,3,travel_start,0,,2,17
228,3,0,state,0,1,1,14
228,4,5,travel_finish,,,4,13
228,4,19,state,1,2,13,12
228,4,13,travel_finish,,,10,13
228,4,17,travel_finish,,,12,13
228,7,11,state,2,3,7,12
228,10,4,travel_finish,,,3,20
228,10,8,state,1,2,5,20
228,10,12,travel_finish,,,9,20
228,10,14,travel_finish,,,10,19
228,10,18,travel_finish,,,12,19
228,10,20,travel_finish,,,14,15
228,10,22,travel_finish,,,15,16
228,11,16,state,2,3,11,20
228,12,1,state,3,0,1,16
228,13,23,state,3,0,15,18
228,14,15,travel_start,0,,11,12
228,14,5,travel_start,0,,4,13
228,14,23,travel_start,0,,15,18
228,14,20,travel_start,0,,14,15
228,14,22,travel_start,0,,15,16
228,14,21,state,0,1,14,17
229,4,15,travel_finish,,,11,12
229,4,5,travel_finish,,,4,13
229,4,21,state,1,2,14,17
229,4,23,travel_finish,,,15,18
229,4,20,travel_finish,,,14,15
229,4,22,travel_finish,,,15,16
229,5,16,state,3,0,11,20
229,6,12,travel_start,0,,9,20
229,6,15,travel_start,0,,11,12
229,6,16,travel_start,0,,11,20
229,6,14,travel_start,0,,10,19
229,6,23,travel_start,0,,15,18
229,6,18,state,0,1,12,19
229,8,8,state,2,3,5,20
229,11,0,state,1,2,1,14
229,11,6,travel_finish,,,4,19
229,11,10,travel_finish,,,6,19
229,11,2,travel_finish,,,2,15
229,11,3,travel_finish,,,2,17
229,13,19,state,2,3,13,12
229,14,1,travel_start,0,,1,16
229,14,4,travel_start,0,,3,20
229,14,5,travel_start,0,,4,13
229,14,7,travel_start,0,,5,12
229,14,9,state,0,1,6,13
229,16,11,state,3,0,7,12
230,3,1,travel_finish,,,1,16
230,3,4,travel_finish,,,3,20
230,3,9,state,1,2,6,13
230,3,5,travel_finish,,,4,13
230,3,7,travel_finish,,,5,12
230,6,0,state,2,3,1,14
230,8,11,travel_start,0,,7,12
230,8,1,travel_start,0,,1,16
230,8,17,travel_start,0,,12,13
230,8,13,state,0,1,10,13
230,9,19,state,3,0,13,12
230,11,12,travel_finish,,,9,20
230,11,15,travel_finish,,,11,12
230,11,16,travel_finish,,,11,20
230,11,18,state,1,2,12,19
230,11,14,travel_finish,,,10,19
230,11,23,travel_finish,,,15,18
230,15,8,state,3,0,5,20
230,16,8,travel_start,0,,5,20
230,16,4,travel_start,0,,3,20
230,16,10,travel_start,0,,6,19
230,16,12,travel_start,0,,9,20
230,16,16,travel_start,0,,11,20
230,16,6,state,0,1,4,19
230,17,21,state,2,3,14,17
231,4,21,state,3,0,14,17
231,5,19,travel_start,0,,13,12
231,5,15,travel_start,0,,11,12
231,5,21,travel_start,0,,14,17
231,5,20,travel_start,0,,14,15
231,5,22,travel_start,0,,15,16
231,5,23,state,0,1,15,18
231,6,2,travel_start,0,,2,15
231,6,3,state,0,1,2,17
231,7,6,state,1,2,4,19
231,7,8,travel_finish,,,5,20
231,7,4,travel_finish,,,3,20
231,7,10,travel_finish,,,6,19
231,7,12,travel_finish,,,9,20
231,7,16,travel_finish,,,11,20
231,8,18,state,2,3,12,19
231,10,9,state,2,3,6,13
231,11,0,state,3,0,1,14
231,14,11,travel_finish,,,7,12
231,14,13,state,1,2,10,13
231,14,1,travel_finish,,,1,16
231,14,17,travel_finish,,,12,13
232,3,0,travel_start,0,,1,14
232,3,8,travel_start,0,,5,20
232,3,11,travel_start,0,,7,12
232,3,1,travel_start,0,,1,16
232,3,5,travel_start,0,,4,13
232,3,7,state,0,1,5,12
232,4,13,state,2,3,10,13
232,6,9,state,3,0,6,13
232,8,18,state,3,0,12,19
232,10,19,travel_finish,,,13,12
232,10,15,travel_finish,,,11,12
232,10,21,travel_finish,,,14,17
232,10,23,state,1,2,15,18
232,10,20,travel_finish,,,14,15
232,10,22,travel_finish,,,15,16
232,12,6,state,2,3,4,19
232,13,18,travel_start,0,,12,19
232,13,19,travel_start,0,,13,12
232,13,12,travel_start,0,,9,20
232,13,14,travel_start,0,,10,19
232,13,21,travel_start,0,,14,17
232,13,16,state,0,1,11,20
232,14,3,state,1,2,2,17
232,14,2,travel_finish,,,2,15
233,4,6,state,3,0,4,19
233,5,6,travel_start,0,,4,19
233,5,10,travel_start,0,,6,19
233,5,4,state,0,1,3,20
233,6,23,state,2,3,15,18
233,7,3,state,2,3,2,17
233,8,16,state,1,2,11,20
233,8,18,travel_finish,,,12,19
233,8,19,travel_finish,,,13,12
233,8,12,travel_finish,,,9,20
233,8,14,travel_finish,,,10,19
233,8,21,travel_finish,,,14,17
233,11,13,state,3,0,10,13
233,14,9,travel_start,0,,6,13
233,14,13,travel_start,0,,10,13
233,14,15,travel_start,0,,11,12
233,14,19,travel_start,0,,13,12
233,14,17,state,0,1,12,13
233,16,0,travel_finish,,,1,14
233,16,7,state,1,2,5,12
233,16,8,travel_finish,,,5,20
233,16,11,travel_finish,,,7,12
233,16,1,travel_finish,,,1,16
233,16,5,travel_finish,,,4,13
234,4,3,state,3,0,2,17
234,6,23,state,3,0,15,18
234,7,0,travel_start,0,,1,14
234,7,3,travel_start,0,,2,17
234,7,8,travel_start,0,,5,20
234,7,18,travel_start,0,,12,19
234,7,2,travel_start,0,,2,15
234,7,1,state,0,1,1,16
234,8,4,state,1,2,3,20
234,8,6,travel_finish,,,4,19
234,8,10,travel_finish,,,6,19
234,9,11,travel_start,0,,7,12
234,9,23,travel_start,0,,15,18
234,9,20,travel_start,0,,14,15
234,9,21,travel_start,0,,14,17
234,9,22,state,0,1,15,16
234,11,16,state,2,3,11,20
234,13,7,state,2,3,5,12
234,14,9,travel_finish,,,6,13
234,14,13,travel_finish,,,10,13
234,14,17,state,1,2,12,13
234,14,15,travel_finish,,,11,12
234,14,19,travel_finish,,,13,12
235,3,4,state,2,3,3,20
235,4,0,travel_finish,,,1,14
235,4,1,state,1,2,1,16
235,4,3,travel_finish,,,2,17
235,4,8,travel_finish,,,5,20
235,4,18,travel_finish,,,12,19
235,4,2,travel_finish,,,2,15
235,5,13,travel_start,0,,10,13
235,5,14,travel_start,0,,10,19
235,5,18,travel_start,0,,12,19
235,5,12,state,0,1,9,20
235,8,11,travel_finish,,,7,12
235,8,22,state,1,2,15,16
235,8,23,travel_finish,,,15,18
235,8,20,travel_finish,,,14,15
235,8,21,travel_finish,,,14,17
235,9,16,state,3,0,11,20
235,12,17,state,2,3,12,13
235,18,6,travel_start,0,,4,19
235,18,9,travel_start,0,,6,13
235,18,0,travel_start,0,,1,14
235,18,3,travel_start,0,,2,17
235,18,11,travel_start,0,,7,12
235,18,5,state,0,1,4,13
235,20,7,state,3,0,5,12
236,3,5,state,1,2,4,13
236,3,6,travel_finish,,,4,19
236,3,9,travel_finish,,,6,13
236,3,0,travel_finish,,,1,14
236,3,3,travel_finish,,,2,17
236,3,11,travel_finish,,,7,12
236,6,17,state,3,0,12,13
236,8,7,travel_start,0,,5,12
236,8,17,travel_start,0,,12,13
236,8,9,travel_start,0,,6,13
236,8,15,travel_start,0,,11,12
236,8,19,state,0,1,13,12
236,11,1,state,2,3,1,16
236,12,16,travel_start,0,,11,20
236,12,6,travel_start,0,,4,19
236,12,8,travel_start,0,,5,20
236,12,23,travel_start,0,,15,18
236,12,10,state,0,1,6,19
236,13,12,state,1,2,9,20
236,13,13,travel_finish,,,10,13
236,13,14,travel_finish,,,10,19
236,13,18,travel_finish,,,12,19
236,15,4,state,3,0,3,20
236,16,22,state,2,3,15,16
237,5,4,travel_start,0,,3,20
237,5,0,travel_start,0,,1,14
237,5,3,travel_start,0,,2,17
237,5,2,state,0,1,2,15
237,6,5,state,2,3,4,13
237,7,13,travel_start,0,,10,13
237,7,21,travel_start,0,,14,17
237,7,20,state,0,1,14,15
237,8,7,travel_finish,,,5,12
237,8,17,travel_finish,,,12,13
237,8,19,state,1,2,13,12
237,8,9,travel_finish,,,6,13
237,8,15,travel_finish,,,11,12
237,11,22,state,3,0,15,16
237,13,12,state,2,3,9,20
237,14,1,state,3,0,1,16
237,15,10,state,1,2,6,19
237,15,16,travel_finish,,,11,20
237,15,6,travel_finish,,,4,19
237,15,8,travel_finish,,,5,20
237,15,23,travel_finish,,,15,18
238,6,10,state,2,3,6,19
238,9,12,state,3,0,9,20
238,11,12,travel_start,0,,9,20
238,11,16,travel_start,0,,11,20
238,11,17,travel_start,0,,12,13
238,11,22,travel_start,0,,15,16
238,11,14,travel_start,0,,10,19
238,11,23,travel_start,0,,15,18
238,11,18,state,0,1,12,19
238,14,13,travel_finish,,,10,13
238,14,20,state,1,2,14,15
238,14,21,travel_finish,,,14,17
238,16,1,travel_start,0,,1,16
238,16,7,travel_start,0,,5,12
238,16,11,travel_start,0,,7,12
238,16,9,state,0,1,6,13
238,17,4,travel_finish,,,3,20
238,17,2,state,1,2,2,15
238,17,0,travel_finish,,,1,14
238,17,3,travel_finish,,,2,17
238,18,5,state,3,0,4,13
238,19,19,state,2,3,13,12
239,3,4,travel_start,0,,3,20
239,3,8,travel_start,0,,5,20
239,3,6,state,0,1,4,19
239,5,12,travel_finish,,,9,20
239,5,16,travel_finish,,,11,20
239,5,17,travel_finish,,,12,13
239,5,18,state,1,2,12,19
239,5,22,travel_finish,,,15,16
239,5,14,travel_finish,,,10,19
239,5,23,travel_finish,,,15,18
239,7,10,state,3,0,6,19
239,9,2,state,2,3,2,15
239,10,5,travel_start,0,,4,13
239,10,15,travel_start,0,,11,12
239,10,17,travel_start,0,,12,13
239,10,13,state,0,1,10,13
239,12,1,travel_finish,,,1,16
239,12,7,travel_finish,,,5,12
239,12,9,state,1,2,6,13
239,12,11,travel_finish,,,7,12
239,13,20,state,2,3,14,15
239,14,19,state,3,0,13,12
