file,limit,rng,phase_x,phase_z,ticks,distance,end_blocks,extensions,extension_failures,movement_failures,first_failure_tick,first_failure_kind,conservation_mismatch_ticks,max_successful_action,clean
"b24d2/_s0\d5.0.3_5.0.6_a10.0.3_L13.flyer",13,0,0,0,300,3,145,59,2044,2044,4,"(Coord { x: 6, y: 0, z: 5 }, ""push limit exceeded"")",0,13,false
"b24d2/_s0\d5.0.3_5.0.6_a7.1.3_L13.flyer",13,0,0,0,300,3,145,59,2044,2044,4,"(Coord { x: 6, y: 0, z: 5 }, ""push limit exceeded"")",0,13,false
"b24d2/_s0\d5.0.3_6.0.3_a6.-1.6_L13.flyer",13,0,0,0,300,3,145,68,1432,1434,10,"(Coord { x: 8, y: 0, z: 6 }, ""push limit exceeded"")",0,13,false
"b24d2/_s0\d5.0.3_6.0.3_a9.-1.3_L13.flyer",13,0,0,0,300,3,145,68,1432,1434,10,"(Coord { x: 7, y: 1, z: 6 }, ""push limit exceeded"")",0,13,false
"b24d2/_s0\d5.0.3_6.0.4_a7.-1.3_L13.flyer",13,0,0,0,300,3,145,60,2044,2044,4,"(Coord { x: 6, y: 2, z: 2 }, ""push limit exceeded"")",0,13,false
"b24d2/_s0\d5.0.3_6.0.5_a5.0.7_L13.flyer",13,0,0,0,300,3,146,60,2044,2044,4,"(Coord { x: 6, y: 1, z: 2 }, ""push limit exceeded"")",0,13,false
"b24d2/_s0\d5.0.3_6.0.5_a7.1.4_L13.flyer",13,0,0,0,300,3,146,60,2044,2044,4,"(Coord { x: 6, y: 0, z: 3 }, ""push limit exceeded"")",0,13,false
"b24d2/_s0\d5.0.3_6.0.6_a6.0.2_L13.flyer",13,0,0,0,300,3,146,62,1746,1746,6,"(Coord { x: 7, y: 1, z: 2 }, ""push limit exceeded"")",0,13,false
"b24d2/_s0\d5.0.3_6.1.3_a4.0.6_L13.flyer",13,0,0,0,300,3,145,68,1432,1433,12,"(Coord { x: 8, y: 0, z: 5 }, ""push limit exceeded"")",0,13,false
"b24d2/_s0\d5.0.3_6.1.3_a7.0.6_L13.flyer",13,0,0,0,300,3,145,68,1432,1433,12,"(Coord { x: 8, y: 0, z: 5 }, ""push limit exceeded"")",0,13,false
"b24d2/_s0\d5.0.3_6.1.4_a6.-1.4_L13.flyer",13,0,0,0,300,3,145,68,1432,1433,12,"(Coord { x: 7, y: 2, z: 4 }, ""push limit exceeded"")",0,13,false
"b24d2/_s0\d5.0.3_6.1.4_a8.0.4_L13.flyer",13,0,0,0,300,3,145,68,1432,1433,12,"(Coord { x: 7, y: 1, z: 4 }, ""push limit exceeded"")",0,13,false
"b24d2/_s0\d5.0.3_7.0.3_a6.1.5_L13.flyer",13,0,0,0,300,3,145,68,1432,1434,10,"(Coord { x: 7, y: 0, z: 6 }, ""push limit exceeded"")",0,13,false
"b24d2/_s0\d5.0.3_8.0.3_a5.-1.6_L13.flyer",13,0,0,0,300,5,145,76,1138,1138,12,"(Coord { x: 7, y: 2, z: 4 }, ""push limit exceeded"")",0,13,false
"b24d2/_s0\d5.0.3_8.0.3_a7.0.5_L13.flyer",13,0,0,0,300,3,145,68,1432,1434,10,"(Coord { x: 7, y: 0, z: 6 }, ""push limit exceeded"")",0,13,false
"b24d2/_s0\d5.0.3_9.0.3_a6.0.7_L13.flyer",13,0,0,0,300,3,145,67,1432,1433,12,"(Coord { x: 7, y: 1, z: 4 }, ""push limit exceeded"")",0,13,false
"b24d2/_s0\d5.0.6_6.0.3_a4.0.3_L13.flyer",13,0,0,0,300,3,146,61,1746,1746,6,"(Coord { x: 6, y: 3, z: 3 }, ""push limit exceeded"")",0,13,false
"b24d2/_s0\d5.0.6_6.0.3_a7.1.3_L13.flyer",13,0,0,0,300,3,146,67,1432,1433,12,"(Coord { x: 7, y: 0, z: 5 }, ""push limit exceeded"")",0,13,false
"b24d2/_s0\d5.0.6_6.0.4_a6.0.2_L13.flyer",13,0,0,0,300,3,146,60,2044,2044,4,"(Coord { x: 6, y: 1, z: 2 }, ""push limit exceeded"")",0,13,false
"b24d2/_s0\d5.0.6_6.0.4_a9.-1.3_L13.flyer",13,0,0,0,300,3,146,60,2044,2044,4,"(Coord { x: 6, y: 2, z: 2 }, ""push limit exceeded"")",0,13,false
"b24d2/_s0\d5.0.6_6.0.5_a7.0.2_L13.flyer",13,0,0,0,300,3,146,69,1145,1146,6,"(Coord { x: 7, y: 1, z: 2 }, ""push limit exceeded"")",0,13,false
"b24d2/_s0\d5.0.6_6.0.6_a6.-1.3_L13.flyer",13,0,0,0,300,3,146,69,1145,1146,6,"(Coord { x: 6, y: 4, z: 3 }, ""push limit exceeded"")",0,13,false
"b24d2/_s0\d5.0.6_6.0.6_a9.-1.3_L13.flyer",13,0,0,0,300,3,146,69,1145,1146,6,"(Coord { x: 6, y: 4, z: 3 }, ""push limit exceeded"")",0,13,false
"b24d2/_s0\d5.0.6_6.1.3_a7.0.2_L13.flyer",13,0,0,0,300,3,146,69,1145,1146,6,"(Coord { x: 6, y: 3, z: 3 }, ""push limit exceeded"")",0,13,false
"b24d2/_s0\d5.0.6_6.1.4_a5.1.3_L13.flyer",13,0,0,0,300,3,146,69,1145,1146,6,"(Coord { x: 8, y: 0, z: 3 }, ""push limit exceeded"")",0,13,false
"b24d2/_s0\d5.0.6_6.1.4_a8.-1.3_L13.flyer",13,0,0,0,300,3,146,69,1145,1146,6,"(Coord { x: 8, y: 1, z: 3 }, ""push limit exceeded"")",0,13,false
"b24d2/_s0\d5.0.6_7.0.3_a6.0.7_L13.flyer",13,0,0,0,300,3,146,69,1145,1147,6,"(Coord { x: 7, y: 0, z: 3 }, ""push limit exceeded"")",0,13,false
"b24d2/_s0\d5.0.6_8.0.3_a4.0.3_L13.flyer",13,0,0,0,300,4,145,77,853,853,6,"(Coord { x: 7, y: 2, z: 3 }, ""push limit exceeded"")",0,13,false
"b24d2/_s0\d5.0.6_8.0.3_a7.0.5_L13.flyer",13,0,0,0,300,3,146,69,1145,1147,6,"(Coord { x: 7, y: 0, z: 3 }, ""push limit exceeded"")",0,13,false
"b24d2/_s0\d5.0.6_9.0.3_a6.1.5_L13.flyer",13,0,0,0,300,3,146,68,1145,1146,6,"(Coord { x: 7, y: 0, z: 3 }, ""push limit exceeded"")",0,13,false
"b24d2/_s0\d6.0.3_6.0.4_a4.0.6_L13.flyer",13,0,0,0,300,3,146,63,1746,1746,6,"(Coord { x: 5, y: 4, z: 3 }, ""push limit exceeded"")",0,13,false
"b24d2/_s0\d6.0.3_6.0.4_a7.0.5_L13.flyer",13,0,0,0,300,3,146,63,1746,1746,6,"(Coord { x: 5, y: 4, z: 3 }, ""push limit exceeded"")",0,13,false
"b24d2/_s0\d6.0.3_6.0.5_a5.0.7_L13.flyer",13,0,0,0,300,3,147,62,1746,1746,6,"(Coord { x: 8, y: 0, z: 3 }, ""push limit exceeded"")",0,13,false
"b24d2/_s0\d6.0.3_6.0.5_a8.0.2_L13.flyer",13,0,0,0,300,3,147,62,1746,1746,6,"(Coord { x: 8, y: 0, z: 3 }, ""push limit exceeded"")",0,13,false
"b24d2/_s0\d6.0.3_6.0.6_a6.1.5_L13.flyer",13,0,0,0,300,3,146,61,1746,1746,6,"(Coord { x: 7, y: 0, z: 3 }, ""push limit exceeded"")",0,13,false
"b24d2/_s0\d6.0.3_6.1.3_a4.0.6_L13.flyer",13,0,0,0,300,3,145,68,1432,1433,12,"(Coord { x: 8, y: 0, z: 5 }, ""push limit exceeded"")",0,13,false
"b24d2/_s0\d6.0.3_6.1.3_a7.0.5_L13.flyer",13,0,0,0,300,3,145,68,1432,1433,12,"(Coord { x: 8, y: 0, z: 5 }, ""push limit exceeded"")",0,13,false
"b24d2/_s0\d6.0.3_6.1.4_a5.0.7_L13.flyer",13,0,0,0,300,3,145,68,1432,1433,12,"(Coord { x: 8, y: 0, z: 3 }, ""push limit exceeded"")",0,13,false
"b24d2/_s0\d6.0.3_6.1.4_a8.-1.3_L13.flyer",13,0,0,0,300,3,145,68,1432,1433,12,"(Coord { x: 8, y: 1, z: 3 }, ""push limit exceeded"")",0,13,false
"b24d2/_s0\d6.0.3_7.0.3_a6.-1.5_L13.flyer",13,0,0,0,300,3,145,67,1432,1433,12,"(Coord { x: 7, y: 2, z: 4 }, ""push limit exceeded"")",0,13,false
"b24d2/_s0\d6.0.3_7.0.3_a9.0.4_L13.flyer",13,0,0,0,300,3,145,67,1432,1433,12,"(Coord { x: 7, y: 1, z: 4 }, ""push limit exceeded"")",0,13,false
"b24d2/_s0\d6.0.3_8.0.3_a6.2.3_L13.flyer",13,0,0,0,300,3,145,61,1750,1750,0,"(Coord { x: 7, y: 2, z: 3 }, ""immovable obstruction"")",0,13,false
"b24d2/_s0\d6.0.3_9.0.3_a5.1.3_L13.flyer",13,0,0,0,300,3,145,67,2016,2017,8,"(Coord { x: 7, y: 0, z: 6 }, ""push limit exceeded"")",0,13,false
"b24d2/_s0\d6.0.3_9.0.3_a8.-1.3_L13.flyer",13,0,0,0,300,3,145,67,1432,1433,12,"(Coord { x: 7, y: 2, z: 4 }, ""push limit exceeded"")",0,13,false
"b24d2/_s0\d6.0.4_6.0.5_a6.0.7_L13.flyer",13,0,0,0,300,3,147,61,2044,2044,4,"(Coord { x: 7, y: 0, z: 3 }, ""push limit exceeded"")",0,13,false
"b24d2/_s0\d6.0.4_6.0.6_a10.0.3_L13.flyer",13,0,0,0,300,3,147,61,2044,2044,4,"(Coord { x: 7, y: 0, z: 3 }, ""push limit exceeded"")",0,13,false
"b24d2/_s0\d6.0.4_6.0.6_a7.0.4_L13.flyer",13,0,0,0,300,3,147,61,2044,2044,4,"(Coord { x: 7, y: 0, z: 3 }, ""push limit exceeded"")",0,13,false
"b24d2/_s0\d6.0.4_6.1.3_a5.0.7_L13.flyer",13,0,0,0,300,4,146,72,1418,1418,14,"(Coord { x: 3, y: 5, z: 5 }, ""push limit exceeded"")",0,13,false
"b24d2/_s0\d6.0.4_6.1.3_a7.1.4_L13.flyer",13,0,0,0,300,3,147,69,1432,1433,12,"(Coord { x: 8, y: 2, z: 4 }, ""immovable obstruction"")",0,13,false
"b24d2/_s0\d6.0.4_6.1.4_a6.-1.3_L13.flyer",13,0,0,0,300,4,146,72,1418,1418,14,"(Coord { x: 3, y: 6, z: 5 }, ""push limit exceeded"")",0,13,false
"b24d2/_s0\d6.0.4_6.1.4_a8.0.4_L13.flyer",13,0,0,0,300,4,146,72,1418,1418,14,"(Coord { x: 3, y: 5, z: 5 }, ""push limit exceeded"")",0,13,false
"b24d2/_s0\d6.0.4_7.0.3_a6.0.2_L13.flyer",13,0,0,0,300,3,146,61,2044,2044,4,"(Coord { x: 4, y: 3, z: 4 }, ""push limit exceeded"")",0,13,false
"b24d2/_s0\d6.0.4_8.0.3_a4.0.3_L13.flyer",13,0,0,0,300,3,146,61,2044,2044,4,"(Coord { x: 4, y: 3, z: 4 }, ""push limit exceeded"")",0,13,false
"b24d2/_s0\d6.0.4_8.0.3_a7.-1.3_L13.flyer",13,0,0,0,300,3,146,61,2044,2044,4,"(Coord { x: 4, y: 4, z: 4 }, ""push limit exceeded"")",0,13,false
"b24d2/_s0\d6.0.4_9.0.3_a5.1.6_L13.flyer",13,0,0,0,300,3,146,61,2044,2044,4,"(Coord { x: 4, y: 3, z: 4 }, ""push limit exceeded"")",0,13,false
"b24d2/_s0\d6.0.4_9.0.3_a8.-1.3_L13.flyer",13,0,0,0,300,3,146,61,2044,2044,4,"(Coord { x: 4, y: 4, z: 4 }, ""push limit exceeded"")",0,13,false
"b24d2/_s0\d6.0.5_6.0.6_a6.1.5_L13.flyer",13,0,0,0,300,3,147,69,1432,1433,12,"(Coord { x: 6, y: 3, z: 3 }, ""push limit exceeded"")",0,13,false
"b24d2/_s0\d6.0.5_6.1.3_a5.-1.3_L13.flyer",13,0,0,0,300,3,147,69,1432,1433,12,"(Coord { x: 9, y: 1, z: 3 }, ""push limit exceeded"")",0,13,false
"b24d2/_s0\d6.0.5_6.1.3_a7.0.6_L13.flyer",13,0,0,0,300,3,147,69,1432,1433,12,"(Coord { x: 9, y: 0, z: 3 }, ""push limit exceeded"")",0,13,false
"b24d2/_s0\d6.0.5_6.1.4_a5.1.3_L13.flyer",13,0,0,0,300,5,147,82,845,845,14,"(Coord { x: 3, y: 5, z: 5 }, ""push limit exceeded"")",0,13,false
"b24d2/_s0\d6.0.5_6.1.4_a8.0.4_L13.flyer",13,0,0,0,300,5,147,82,845,845,14,"(Coord { x: 3, y: 5, z: 5 }, ""push limit exceeded"")",0,13,false
"b24d2/_s0\d6.0.5_7.0.3_a6.0.2_L13.flyer",13,0,0,0,300,5,146,77,1138,1138,12,"(Coord { x: 8, y: 2, z: 4 }, ""immovable obstruction"")",0,13,false
"b24d2/_s0\d6.0.5_8.0.3_a4.0.3_L13.flyer",13,0,0,0,300,4,146,77,1138,1138,12,"(Coord { x: 8, y: 2, z: 4 }, ""immovable obstruction"")",0,13,false
"b24d2/_s0\d6.0.5_8.0.3_a7.-1.3_L13.flyer",13,0,0,0,300,5,146,77,1138,1138,12,"(Coord { x: 8, y: 3, z: 4 }, ""immovable obstruction"")",0,13,false
"b24d2/_s0\d6.0.5_9.0.3_a6.-1.3_L13.flyer",13,0,0,0,300,3,147,68,1432,1433,12,"(Coord { x: 8, y: 1, z: 3 }, ""push limit exceeded"")",0,13,false
"b24d2/_s0\d6.0.5_9.0.3_a8.0.4_L13.flyer",13,0,0,0,300,3,147,68,1432,1433,12,"(Coord { x: 8, y: 0, z: 3 }, ""push limit exceeded"")",0,13,false
"b24d2/_s0\d6.0.6_6.1.3_a7.-1.3_L13.flyer",13,0,0,0,300,3,147,70,1432,1433,12,"(Coord { x: 8, y: 3, z: 4 }, ""immovable obstruction"")",0,13,false
"b24d2/_s0\d6.0.6_6.1.4_a5.-1.6_L13.flyer",13,0,0,0,300,5,147,89,3,3,12,"(Coord { x: 7, y: 2, z: 4 }, ""push limit exceeded"")",0,13,false
"b24d2/_s0\d6.0.6_6.1.4_a8.-1.3_L13.flyer",13,0,0,0,300,5,147,89,3,3,12,"(Coord { x: 7, y: 2, z: 4 }, ""push limit exceeded"")",0,13,false
"b24d2/_s0\d6.0.6_7.0.3_a6.-1.4_L13.flyer",13,0,0,0,300,5,146,89,563,564,10,"(Coord { x: 11, y: 4, z: 2 }, ""immovable obstruction"")",0,13,false
"b24d2/_s0\d6.0.6_8.0.3_a4.0.3_L13.flyer",13,0,0,0,300,4,146,89,563,564,10,"(Coord { x: 11, y: 3, z: 2 }, ""immovable obstruction"")",0,13,false
"b24d2/_s0\d6.0.6_8.0.3_a7.0.4_L13.flyer",13,0,0,0,300,5,146,89,563,564,10,"(Coord { x: 11, y: 3, z: 2 }, ""immovable obstruction"")",0,13,false
"b24d2/_s0\d6.0.6_9.0.3_a6.-1.5_L13.flyer",13,0,0,0,300,5,147,79,1131,1131,14,"(Coord { x: 9, y: 1, z: 3 }, ""push limit exceeded"")",0,13,false
"b24d2/_s0\d6.1.3_6.1.4_a4.0.6_L13.flyer",13,0,0,0,300,4,146,83,843,843,12,"(Coord { x: 7, y: 0, z: 5 }, ""push limit exceeded"")",0,13,false
"b24d2/_s0\d6.1.3_6.1.4_a7.0.2_L13.flyer",13,0,0,0,300,3,145,76,1671,1672,10,"(Coord { x: 9, y: 2, z: 2 }, ""push limit exceeded"")",0,13,false
"b24d2/_s0\d6.1.3_7.0.3_a5.0.2_L13.flyer",13,0,0,0,300,3,146,71,1432,1433,12,"(Coord { x: 7, y: 0, z: 5 }, ""push limit exceeded"")",0,13,false
"b24d2/_s0\d6.1.3_7.0.3_a8.-1.3_L13.flyer",13,0,0,0,300,3,146,71,1432,1433,12,"(Coord { x: 7, y: 1, z: 5 }, ""push limit exceeded"")",0,13,false
"b24d2/_s0\d6.1.3_8.0.3_a6.-1.4_L13.flyer",13,0,0,0,300,3,146,71,1432,1433,12,"(Coord { x: 7, y: 1, z: 5 }, ""push limit exceeded"")",0,13,false
"b24d2/_s0\d6.1.3_9.0.3_a4.0.3_L13.flyer",13,0,0,0,300,3,146,70,1432,1433,12,"(Coord { x: 7, y: 0, z: 5 }, ""push limit exceeded"")",0,13,false
"b24d2/_s0\d6.1.3_9.0.3_a7.-1.3_L13.flyer",13,0,0,0,300,3,146,70,1432,1433,12,"(Coord { x: 7, y: 1, z: 5 }, ""push limit exceeded"")",0,13,false
"b24d2/_s0\d6.1.4_7.0.3_a5.0.2_L13.flyer",13,0,0,0,300,5,145,104,547,548,10,"(Coord { x: 11, y: 3, z: 2 }, ""immovable obstruction"")",0,13,false
"b24d2/_s0\d6.1.4_7.0.3_a7.1.3_L13.flyer",13,0,0,0,300,3,146,74,875,876,6,"(Coord { x: 9, y: 1, z: 3 }, ""immovable obstruction"")",0,13,false
"b24d2/_s0\d6.1.4_8.0.3_a6.-1.3_L13.flyer",13,0,0,0,300,6,145,104,547,548,10,"(Coord { x: 11, y: 4, z: 2 }, ""immovable obstruction"")",0,13,false
"b24d2/_s0\d6.1.4_8.0.3_a9.0.4_L13.flyer",13,0,0,0,300,6,145,104,547,548,10,"(Coord { x: 11, y: 3, z: 2 }, ""immovable obstruction"")",0,13,false
"b24d2/_s0\d6.1.4_9.0.3_a6.1.6_L13.flyer",13,0,0,0,300,3,145,67,2016,2017,8,"(Coord { x: 10, y: 1, z: 3 }, ""push limit exceeded"")",0,13,false
"b24d2/_s0\d7.0.3_8.0.3_a5.-1.6_L13.flyer",13,0,0,0,300,5,146,82,1122,1122,12,"(Coord { x: 8, y: 3, z: 4 }, ""immovable obstruction"")",0,13,false
"b24d2/_s0\d7.0.3_8.0.3_a7.0.6_L13.flyer",13,0,0,0,300,3,145,67,2016,2017,8,"(Coord { x: 7, y: 0, z: 6 }, ""push limit exceeded"")",0,13,false
"b24d2/_s0\d7.0.3_9.0.3_a6.-1.6_L13.flyer",13,0,0,0,300,3,145,67,2016,2017,8,"(Coord { x: 8, y: 0, z: 6 }, ""push limit exceeded"")",0,13,false
"b24d2/_s0\d8.0.3_9.0.3_a4.0.6_L13.flyer",13,0,0,0,300,4,146,82,1121,1121,12,"(Coord { x: 8, y: 2, z: 4 }, ""immovable obstruction"")",0,13,false
"b24d2/_s0\d8.0.3_9.0.3_a7.-1.3_L13.flyer",13,0,0,0,300,3,145,67,2016,2017,8,"(Coord { x: 9, y: 0, z: 3 }, ""push limit exceeded"")",0,13,false
"b24d2/_s1\d5.0.3_5.0.6_a5.1.3_L13.flyer",13,0,0,0,300,3,145,59,2044,2044,4,"(Coord { x: 6, y: 0, z: 5 }, ""push limit exceeded"")",0,13,false
"b24d2/_s1\d5.0.3_5.0.6_a7.1.4_L13.flyer",13,0,0,0,300,3,145,59,2044,2044,4,"(Coord { x: 4, y: 3, z: 3 }, ""push limit exceeded"")",0,13,false
"b24d2/_s1\d5.0.3_6.0.3_a6.0.7_L13.flyer",13,0,0,0,300,3,145,68,1432,1434,10,"(Coord { x: 8, y: 0, z: 7 }, ""push limit exceeded"")",0,13,false
"b24d2/_s1\d5.0.3_6.0.3_a9.0.4_L13.flyer",13,0,0,0,300,3,145,68,1432,1434,10,"(Coord { x: 7, y: 0, z: 6 }, ""push limit exceeded"")",0,13,false
"b24d2/_s1\d5.0.3_6.0.4_a7.0.2_L13.flyer",13,0,0,0,300,3,145,60,2044,2044,4,"(Coord { x: 6, y: 1, z: 2 }, ""push limit exceeded"")",0,13,false
"b24d2/_s1\d5.0.3_6.0.5_a5.1.3_L13.flyer",13,0,0,0,300,3,146,60,2044,2044,4,"(Coord { x: 5, y: 1, z: 3 }, ""push limit exceeded"")",0,13,false
"b24d2/_s1\d5.0.3_6.0.5_a8.-1.3_L13.flyer",13,0,0,0,300,3,146,60,2044,2044,4,"(Coord { x: 6, y: 2, z: 2 }, ""push limit exceeded"")",0,13,false
"b24d2/_s1\d5.0.3_6.0.6_a6.1.5_L13.flyer",13,0,0,0,300,3,146,62,1746,1746,6,"(Coord { x: 7, y: 0, z: 3 }, ""push limit exceeded"")",0,13,false
"b24d2/_s1\d5.0.3_6.1.3_a5.-1.6_L13.flyer",13,0,0,0,300,3,145,68,1432,1433,12,"(Coord { x: 8, y: 1, z: 5 }, ""push limit exceeded"")",0,13,false
"b24d2/_s1\d5.0.3_6.1.3_a7.1.3_L13.flyer",13,0,0,0,300,3,146,69,1432,1433,12,"(Coord { x: 7, y: 0, z: 5 }, ""push limit exceeded"")",0,13,false
"b24d2/_s1\d5.0.3_6.1.4_a6.-1.5_L13.flyer",13,0,0,0,300,3,145,68,1432,1433,12,"(Coord { x: 7, y: 2, z: 4 }, ""push limit exceeded"")",0,13,false
"b24d2/_s1\d5.0.3_6.1.4_a8.1.3_L13.flyer",13,0,0,0,300,3,145,63,1748,1749,4,"(Coord { x: 6, y: 0, z: 3 }, ""push limit exceeded"")",0,13,false
"b24d2/_s1\d5.0.3_7.0.3_a6.1.6_L13.flyer",13,0,0,0,300,3,145,68,1432,1434,10,"(Coord { x: 8, y: 1, z: 6 }, ""push limit exceeded"")",0,13,false
"b24d2/_s1\d5.0.3_8.0.3_a5.0.7_L13.flyer",13,0,0,0,300,5,145,76,1138,1138,12,"(Coord { x: 7, y: 1, z: 4 }, ""push limit exceeded"")",0,13,false
"b24d2/_s1\d5.0.3_8.0.3_a7.0.6_L13.flyer",13,0,0,0,300,3,145,68,1432,1434,10,"(Coord { x: 7, y: 0, z: 6 }, ""push limit exceeded"")",0,13,false
"b24d2/_s1\d5.0.3_9.0.3_a6.1.5_L13.flyer",13,0,0,0,300,3,145,67,1432,1433,12,"(Coord { x: 7, y: 1, z: 4 }, ""push limit exceeded"")",0,13,false
"b24d2/_s1\d5.0.6_6.0.3_a5.-1.3_L13.flyer",13,0,0,0,300,3,146,61,1746,1746,6,"(Coord { x: 6, y: 4, z: 3 }, ""push limit exceeded"")",0,13,false
"b24d2/_s1\d5.0.6_6.0.3_a7.1.4_L13.flyer",13,0,0,0,300,3,146,61,1746,1746,6,"(Coord { x: 7, y: 2, z: 3 }, ""push limit exceeded"")",0,13,false
"b24d2/_s1\d5.0.6_6.0.4_a6.0.7_L13.flyer",13,0,0,0,300,3,146,60,2044,2044,4,"(Coord { x: 6, y: 1, z: 2 }, ""push limit exceeded"")",0,13,false
"b24d2/_s1\d5.0.6_6.0.4_a9.0.4_L13.flyer",13,0,0,0,300,3,146,60,2044,2044,4,"(Coord { x: 6, y: 1, z: 2 }, ""push limit exceeded"")",0,13,false
"b24d2/_s1\d5.0.6_6.0.5_a7.0.4_L13.flyer",13,0,0,0,300,3,146,69,1145,1146,6,"(Coord { x: 7, y: 0, z: 3 }, ""push limit exceeded"")",0,13,false
"b24d2/_s1\d5.0.6_6.0.6_a6.-1.4_L13.flyer",13,0,0,0,300,3,146,69,1145,1146,6,"(Coord { x: 7, y: 3, z: 3 }, ""push limit exceeded"")",0,13,false
"b24d2/_s1\d5.0.6_6.0.6_a9.0.4_L13.flyer",13,0,0,0,300,3,146,69,1145,1146,6,"(Coord { x: 6, y: 3, z: 3 }, ""push limit exceeded"")",0,13,false
"b24d2/_s1\d5.0.6_6.1.3_a7.0.4_L13.flyer",13,0,0,0,300,3,146,69,1145,1146,6,"(Coord { x: 7, y: 2, z: 3 }, ""push limit exceeded"")",0,13,false
"b24d2/_s1\d5.0.6_6.1.4_a6.-1.3_L13.flyer",13,0,0,0,300,3,146,69,1145,1146,6,"(Coord { x: 8, y: 1, z: 3 }, ""push limit exceeded"")",0,13,false
"b24d2/_s1\d5.0.6_6.1.4_a8.0.2_L13.flyer",13,0,0,0,300,3,146,69,1145,1146,6,"(Coord { x: 8, y: 0, z: 3 }, ""push limit exceeded"")",0,13,false
"b24d2/_s1\d5.0.6_7.0.3_a6.1.5_L13.flyer",13,0,0,0,300,3,146,69,1145,1147,6,"(Coord { x: 7, y: 0, z: 3 }, ""push limit exceeded"")",0,13,false
"b24d2/_s1\d5.0.6_8.0.3_a5.-1.3_L13.flyer",13,0,0,0,300,5,145,77,853,853,6,"(Coord { x: 7, y: 3, z: 3 }, ""push limit exceeded"")",0,13,false
"b24d2/_s1\d5.0.6_8.0.3_a7.0.6_L13.flyer",13,0,0,0,300,3,146,69,1145,1147,6,"(Coord { x: 7, y: 0, z: 3 }, ""push limit exceeded"")",0,13,false
"b24d2/_s1\d5.0.6_9.0.3_a6.1.6_L13.flyer",13,0,0,0,300,3,146,68,1145,1146,6,"(Coord { x: 7, y: 0, z: 3 }, ""push limit exceeded"")",0,13,false
"b24d2/_s1\d6.0.3_6.0.4_a5.-1.3_L13.flyer",13,0,0,0,300,3,146,63,1746,1746,6,"(Coord { x: 5, y: 5, z: 3 }, ""push limit exceeded"")",0,13,false
"b24d2/_s1\d6.0.3_6.0.4_a7.0.6_L13.flyer",13,0,0,0,300,3,146,63,1746,1746,6,"(Coord { x: 5, y: 4, z: 3 }, ""push limit exceeded"")",0,13,false
"b24d2/_s1\d6.0.3_6.0.5_a5.1.3_L13.flyer",13,0,0,0,300,5,146,77,1138,1138,12,"(Coord { x: 8, y: 2, z: 4 }, ""immovable obstruction"")",0,13,false
"b24d2/_s1\d6.0.3_6.0.5_a8.0.4_L13.flyer",13,0,0,0,300,3,147,62,1746,1746,6,"(Coord { x: 5, y: 3, z: 3 }, ""push limit exceeded"")",0,13,false
"b24d2/_s1\d6.0.3_6.0.6_a6.2.3_L13.flyer",13,0,0,0,300,3,146,61,1750,1750,0,"(Coord { x: 7, y: 2, z: 3 }, ""immovable obstruction"")",0,13,false
"b24d2/_s1\d6.0.3_6.1.3_a5.-1.3_L13.flyer",13,0,0,0,300,3,145,68,1432,1433,12,"(Coord { x: 8, y: 1, z: 5 }, ""push limit exceeded"")",0,13,false
"b24d2/_s1\d6.0.3_6.1.3_a7.0.6_L13.flyer",13,0,0,0,300,3,145,68,1432,1433,12,"(Coord { x: 8, y: 0, z: 5 }, ""push limit exceeded"")",0,13,false
"b24d2/_s1\d6.0.3_6.1.4_a5.1.3_L13.flyer",13,0,0,0,300,3,145,68,1432,1433,12,"(Coord { x: 8, y: 0, z: 3 }, ""push limit exceeded"")",0,13,false
"b24d2/_s1\d6.0.3_6.1.4_a8.0.2_L13.flyer",13,0,0,0,300,3,145,68,1432,1433,12,"(Coord { x: 8, y: 0, z: 3 }, ""push limit exceeded"")",0,13,false
"b24d2/_s1\d6.0.3_7.0.3_a6.-1.6_L13.flyer",13,0,0,0,300,3,145,67,1432,1433,12,"(Coord { x: 7, y: 2, z: 4 }, ""push limit exceeded"")",0,13,false
"b24d2/_s1\d6.0.3_8.0.3_a10.0.3_L13.flyer",13,0,0,0,300,3,145,67,1432,1433,12,"(Coord { x: 7, y: 1, z: 4 }, ""push limit exceeded"")",0,13,false
"b24d2/_s1\d6.0.3_8.0.3_a7.-1.3_L13.flyer",13,0,0,0,300,3,145,67,1432,1433,12,"(Coord { x: 7, y: 2, z: 4 }, ""push limit exceeded"")",0,13,false
"b24d2/_s1\d6.0.3_9.0.3_a5.1.6_L13.flyer",13,0,0,0,300,3,145,67,1432,1433,12,"(Coord { x: 6, y: 2, z: 4 }, ""push limit exceeded"")",0,13,false
"b24d2/_s1\d6.0.3_9.0.3_a8.0.2_L13.flyer",13,0,0,0,300,3,145,67,1432,1433,12,"(Coord { x: 7, y: 1, z: 4 }, ""push limit exceeded"")",0,13,false
"b24d2/_s1\d6.0.4_6.0.5_a6.1.5_L13.flyer",13,0,0,0,300,3,147,61,2044,2044,4,"(Coord { x: 4, y: 3, z: 4 }, ""push limit exceeded"")",0,13,false
"b24d2/_s1\d6.0.4_6.0.6_a4.0.3_L13.flyer",13,0,0,0,300,3,147,61,2044,2044,4,"(Coord { x: 7, y: 0, z: 3 }, ""push limit exceeded"")",0,13,false
"b24d2/_s1\d6.0.4_6.0.6_a7.0.5_L13.flyer",13,0,0,0,300,3,147,61,2044,2044,4,"(Coord { x: 7, y: 0, z: 3 }, ""push limit exceeded"")",0,13,false
"b24d2/_s1\d6.0.4_6.1.3_a5.1.3_L13.flyer",13,0,0,0,300,4,146,72,1418,1418,14,"(Coord { x: 3, y: 5, z: 5 }, ""push limit exceeded"")",0,13,false
"b24d2/_s1\d6.0.4_6.1.3_a8.-1.3_L13.flyer",13,0,0,0,300,4,146,72,1418,1418,14,"(Coord { x: 3, y: 6, z: 5 }, ""push limit exceeded"")",0,13,false
"b24d2/_s1\d6.0.4_6.1.4_a6.-1.5_L13.flyer",13,0,0,0,300,4,146,72,1418,1418,14,"(Coord { x: 3, y: 6, z: 5 }, ""push limit exceeded"")",0,13,false
"b24d2/_s1\d6.0.4_6.1.4_a8.1.3_L13.flyer",13,0,0,0,300,4,146,72,1418,1418,14,"(Coord { x: 3, y: 5, z: 5 }, ""push limit exceeded"")",0,13,false
"b24d2/_s1\d6.0.4_7.0.3_a6.0.7_L13.flyer",13,0,0,0,300,3,146,61,2044,2044,4,"(Coord { x: 4, y: 3, z: 4 }, ""push limit exceeded"")",0,13,false
"b24d2/_s1\d6.0.4_8.0.3_a4.0.6_L13.flyer",13,0,0,0,300,3,146,61,2044,2044,4,"(Coord { x: 4, y: 3, z: 4 }, ""push limit exceeded"")",0,13,false
"b24d2/_s1\d6.0.4_8.0.3_a7.0.2_L13.flyer",13,0,0,0,300,3,146,61,2044,2044,4,"(Coord { x: 4, y: 3, z: 4 }, ""push limit exceeded"")",0,13,false
"b24d2/_s1\d6.0.4_9.0.3_a6.-1.3_L13.flyer",13,0,0,0,300,3,146,61,2044,2044,4,"(Coord { x: 4, y: 4, z: 4 }, ""push limit exceeded"")",0,13,false
"b24d2/_s1\d6.0.4_9.0.3_a8.0.2_L13.flyer",13,0,0,0,300,3,146,61,2044,2044,4,"(Coord { x: 4, y: 3, z: 4 }, ""push limit exceeded"")",0,13,false
"b24d2/_s1\d6.0.5_6.0.6_a6.2.3_L13.flyer",13,0,0,0,300,3,147,64,1748,1748,0,"(Coord { x: 7, y: 2, z: 3 }, ""immovable obstruction"")",0,13,false
"b24d2/_s1\d6.0.5_6.1.3_a5.-1.6_L13.flyer",13,0,0,0,300,3,147,69,1432,1433,12,"(Coord { x: 9, y: 1, z: 3 }, ""push limit exceeded"")",0,13,false
"b24d2/_s1\d6.0.5_6.1.3_a7.1.3_L13.flyer",13,0,0,0,300,3,147,70,1432,1433,12,"(Coord { x: 8, y: 2, z: 4 }, ""immovable obstruction"")",0,13,false
"b24d2/_s1\d6.0.5_6.1.4_a5.1.6_L13.flyer",13,0,0,0,300,3,147,65,1452,1452,8,"(Coord { x: 4, y: 2, z: 4 }, ""push limit exceeded"")",0,13,false
"b24d2/_s1\d6.0.5_6.1.4_a8.1.3_L13.flyer",13,0,0,0,300,3,146,76,1395,1395,4,"(Coord { x: 7, y: 0, z: 3 }, ""push limit exceeded"")",0,13,false
"b24d2/_s1\d6.0.5_7.0.3_a6.0.7_L13.flyer",13,0,0,0,300,5,146,77,1138,1138,12,"(Coord { x: 8, y: 2, z: 4 }, ""immovable obstruction"")",0,13,false
"b24d2/_s1\d6.0.5_8.0.3_a4.0.6_L13.flyer",13,0,0,0,300,4,146,77,1138,1138,12,"(Coord { x: 8, y: 2, z: 4 }, ""immovable obstruction"")",0,13,false
"b24d2/_s1\d6.0.5_8.0.3_a7.0.2_L13.flyer",13,0,0,0,300,3,148,70,2008,2009,12,"(Coord { x: 9, y: 4, z: 2 }, ""push limit exceeded"")",0,13,false
"b24d2/_s1\d6.0.5_9.0.3_a6.-1.4_L13.flyer",13,0,0,0,300,3,147,68,1432,1433,12,"(Coord { x: 8, y: 0, z: 4 }, ""push limit exceeded"")",0,13,false
"b24d2/_s1\d6.0.5_9.0.3_a8.1.3_L13.flyer",13,0,0,0,300,3,147,68,1432,1433,12,"(Coord { x: 8, y: 0, z: 3 }, ""push limit exceeded"")",0,13,false
"b24d2/_s1\d6.0.6_6.1.3_a7.0.2_L13.flyer",13,0,0,0,300,3,147,70,1432,1433,12,"(Coord { x: 8, y: 2, z: 4 }, ""immovable obstruction"")",0,13,false
"b24d2/_s1\d6.0.6_6.1.4_a5.0.2_L13.flyer",13,0,0,0,300,5,147,89,3,3,12,"(Coord { x: 7, y: 1, z: 4 }, ""push limit exceeded"")",0,13,false
"b24d2/_s1\d6.0.6_6.1.4_a8.0.2_L13.flyer",13,0,0,0,300,3,146,68,1724,1726,4,"(Coord { x: 9, y: 2, z: 2 }, ""push limit exceeded"")",0,13,false
"b24d2/_s1\d6.0.6_7.0.3_a6.-1.5_L13.flyer",13,0,0,0,300,5,146,89,563,564,10,"(Coord { x: 11, y: 4, z: 2 }, ""immovable obstruction"")",0,13,false
"b24d2/_s1\d6.0.6_8.0.3_a4.0.6_L13.flyer",13,0,0,0,300,4,146,89,563,564,10,"(Coord { x: 11, y: 3, z: 2 }, ""immovable obstruction"")",0,13,false
"b24d2/_s1\d6.0.6_8.0.3_a7.0.5_L13.flyer",13,0,0,0,300,5,146,89,563,564,10,"(Coord { x: 11, y: 3, z: 2 }, ""immovable obstruction"")",0,13,false
"b24d2/_s1\d6.0.6_9.0.3_a6.0.2_L13.flyer",13,0,0,0,300,5,147,79,1131,1131,14,"(Coord { x: 9, y: 0, z: 3 }, ""push limit exceeded"")",0,13,false
"b24d2/_s1\d6.1.3_6.1.4_a5.-1.3_L13.flyer",13,0,0,0,300,5,146,83,843,843,12,"(Coord { x: 7, y: 1, z: 5 }, ""push limit exceeded"")",0,13,false
"b24d2/_s1\d6.1.3_6.1.4_a7.0.4_L13.flyer",13,0,0,0,300,5,146,83,843,843,12,"(Coord { x: 7, y: 0, z: 5 }, ""push limit exceeded"")",0,13,false
"b24d2/_s1\d6.1.3_7.0.3_a5.0.7_L13.flyer",13,0,0,0,300,3,146,71,1432,1433,12,"(Coord { x: 7, y: 0, z: 5 }, ""push limit exceeded"")",0,13,false
"b24d2/_s1\d6.1.3_7.0.3_a8.0.2_L13.flyer",13,0,0,0,300,3,146,70,1722,1723,10,"(Coord { x: 9, y: 2, z: 2 }, ""push limit exceeded"")",0,13,false
"b24d2/_s1\d6.1.3_8.0.3_a6.-1.5_L13.flyer",13,0,0,0,300,3,146,71,1432,1433,12,"(Coord { x: 7, y: 1, z: 5 }, ""push limit exceeded"")",0,13,false
"b24d2/_s1\d6.1.3_9.0.3_a4.0.6_L13.flyer",13,0,0,0,300,3,146,70,1432,1433,12,"(Coord { x: 7, y: 0, z: 5 }, ""push limit exceeded"")",0,13,false
"b24d2/_s1\d6.1.3_9.0.3_a7.0.2_L13.flyer",13,0,0,0,300,3,146,69,1722,1723,10,"(Coord { x: 9, y: 2, z: 2 }, ""push limit exceeded"")",0,13,false
"b24d2/_s1\d6.1.4_7.0.3_a5.0.7_L13.flyer",13,0,0,0,300,5,145,104,547,548,10,"(Coord { x: 11, y: 3, z: 2 }, ""immovable obstruction"")",0,13,false
"b24d2/_s1\d6.1.4_7.0.3_a8.-1.3_L13.flyer",13,0,0,0,300,6,145,104,547,548,10,"(Coord { x: 11, y: 4, z: 2 }, ""immovable obstruction"")",0,13,false
"b24d2/_s1\d6.1.4_8.0.3_a6.-1.4_L13.flyer",13,0,0,0,300,6,145,104,547,548,10,"(Coord { x: 11, y: 4, z: 2 }, ""immovable obstruction"")",0,13,false
"b24d2/_s1\d6.1.4_9.0.3_a4.0.3_L13.flyer",13,0,0,0,300,4,145,90,2,2,20,"(Coord { x: 9, y: 1, z: 4 }, ""push limit exceeded"")",0,13,false
"b24d2/_s1\d6.1.4_9.0.3_a6.2.3_L13.flyer",13,0,0,0,300,3,146,69,1438,1439,0,"(Coord { x: 7, y: 2, z: 3 }, ""immovable obstruction"")",0,13,false
"b24d2/_s1\d7.0.3_8.0.3_a5.0.2_L13.flyer",13,0,0,0,300,5,146,82,1122,1122,12,"(Coord { x: 8, y: 2, z: 4 }, ""immovable obstruction"")",0,13,false
"b24d2/_s1\d7.0.3_8.0.3_a7.1.3_L13.flyer",13,0,0,0,300,3,145,67,2016,2017,8,"(Coord { x: 7, y: 0, z: 6 }, ""push limit exceeded"")",0,13,false
"b24d2/_s1\d7.0.3_9.0.3_a6.0.2_L13.flyer",13,0,0,0,300,3,145,67,2016,2017,8,"(Coord { x: 7, y: 0, z: 6 }, ""push limit exceeded"")",0,13,false
"b24d2/_s1\d8.0.3_9.0.3_a5.-1.3_L13.flyer",13,0,0,0,300,5,146,82,1121,1121,12,"(Coord { x: 8, y: 3, z: 4 }, ""immovable obstruction"")",0,13,false
"b24d2/_s1\d8.0.3_9.0.3_a7.0.2_L13.flyer",13,0,0,0,300,3,145,67,2016,2017,8,"(Coord { x: 9, y: 0, z: 2 }, ""push limit exceeded"")",0,13,false
"b24d2/_s2\d5.0.3_5.0.6_a6.-1.3_L13.flyer",13,0,0,0,300,3,145,59,2044,2044,4,"(Coord { x: 6, y: 1, z: 5 }, ""push limit exceeded"")",0,13,false
"b24d2/_s2\d5.0.3_5.0.6_a8.-1.3_L13.flyer",13,0,0,0,300,3,145,59,2044,2044,4,"(Coord { x: 6, y: 1, z: 5 }, ""push limit exceeded"")",0,13,false
"b24d2/_s2\d5.0.3_6.0.3_a6.1.5_L13.flyer",13,0,0,0,300,3,145,68,1432,1434,10,"(Coord { x: 7, y: 0, z: 6 }, ""push limit exceeded"")",0,13,false
"b24d2/_s2\d5.0.3_6.0.4_a10.0.3_L13.flyer",13,0,0,0,300,3,145,60,2044,2044,4,"(Coord { x: 6, y: 1, z: 2 }, ""push limit exceeded"")",0,13,false
"b24d2/_s2\d5.0.3_6.0.4_a7.0.4_L13.flyer",13,0,0,0,300,3,145,60,2044,2044,4,"(Coord { x: 6, y: 1, z: 2 }, ""push limit exceeded"")",0,13,false
"b24d2/_s2\d5.0.3_6.0.5_a5.1.6_L13.flyer",13,0,0,0,300,3,146,60,2044,2044,4,"(Coord { x: 6, y: 1, z: 2 }, ""push limit exceeded"")",0,13,false
"b24d2/_s2\d5.0.3_6.0.5_a8.0.2_L13.flyer",13,0,0,0,300,3,146,60,2044,2044,4,"(Coord { x: 6, y: 1, z: 2 }, ""push limit exceeded"")",0,13,false
"b24d2/_s2\d5.0.3_6.0.6_a6.2.3_L13.flyer",13,0,0,0,300,3,146,62,1748,1748,0,"(Coord { x: 7, y: 2, z: 3 }, ""immovable obstruction"")",0,13,false
"b24d2/_s2\d5.0.3_6.1.3_a5.0.7_L13.flyer",13,0,0,0,300,3,145,68,1432,1433,12,"(Coord { x: 8, y: 0, z: 5 }, ""push limit exceeded"")",0,13,false
"b24d2/_s2\d5.0.3_6.1.3_a7.1.4_L13.flyer",13,0,0,0,300,3,146,69,1432,1433,12,"(Coord { x: 8, y: 2, z: 4 }, ""immovable obstruction"")",0,13,false
"b24d2/_s2\d5.0.3_6.1.4_a6.-1.6_L13.flyer",13,0,0,0,300,3,145,68,1432,1433,12,"(Coord { x: 7, y: 2, z: 4 }, ""push limit exceeded"")",0,13,false
"b24d2/_s2\d5.0.3_6.1.4_a9.-1.3_L13.flyer",13,0,0,0,300,3,145,68,1432,1433,12,"(Coord { x: 7, y: 2, z: 4 }, ""push limit exceeded"")",0,13,false
"b24d2/_s2\d5.0.3_7.0.3_a6.2.3_L13.flyer",13,0,0,0,300,3,145,61,1748,1748,0,"(Coord { x: 7, y: 2, z: 3 }, ""immovable obstruction"")",0,13,false
"b24d2/_s2\d5.0.3_8.0.3_a5.1.3_L13.flyer",13,0,0,0,300,3,145,68,1432,1434,10,"(Coord { x: 7, y: 0, z: 6 }, ""push limit exceeded"")",0,13,false
"b24d2/_s2\d5.0.3_8.0.3_a7.1.3_L13.flyer",13,0,0,0,300,3,145,67,1433,1434,8,"(Coord { x: 7, y: 2, z: 4 }, ""push limit exceeded"")",0,13,false
"b24d2/_s2\d5.0.3_9.0.3_a6.1.6_L13.flyer",13,0,0,0,300,3,145,67,1432,1433,12,"(Coord { x: 7, y: 1, z: 4 }, ""push limit exceeded"")",0,13,false
"b24d2/_s2\d5.0.6_6.0.3_a5.0.2_L13.flyer",13,0,0,0,300,3,146,61,1746,1746,6,"(Coord { x: 6, y: 3, z: 3 }, ""push limit exceeded"")",0,13,false
"b24d2/_s2\d5.0.6_6.0.3_a8.-1.3_L13.flyer",13,0,0,0,300,3,146,61,1746,1746,6,"(Coord { x: 6, y: 4, z: 3 }, ""push limit exceeded"")",0,13,false
"b24d2/_s2\d5.0.6_6.0.4_a6.1.5_L13.flyer",13,0,0,0,300,3,146,60,2044,2044,4,"(Coord { x: 6, y: 0, z: 3 }, ""push limit exceeded"")",0,13,false
"b24d2/_s2\d5.0.6_6.0.5_a10.0.3_L13.flyer",13,0,0,0,300,3,146,69,1145,1146,6,"(Coord { x: 7, y: 1, z: 2 }, ""push limit exceeded"")",0,13,false
"b24d2/_s2\d5.0.6_6.0.5_a7.0.6_L13.flyer",13,0,0,0,300,3,146,69,1145,1146,6,"(Coord { x: 7, y: 1, z: 2 }, ""push limit exceeded"")",0,13,false
"b24d2/_s2\d5.0.6_6.0.6_a6.-1.5_L13.flyer",13,0,0,0,300,3,146,69,1145,1146,6,"(Coord { x: 7, y: 3, z: 3 }, ""push limit exceeded"")",0,13,false
"b24d2/_s2\d5.0.6_6.1.3_a10.0.3_L13.flyer",13,0,0,0,300,3,146,69,1145,1146,6,"(Coord { x: 6, y: 3, z: 3 }, ""push limit exceeded"")",0,13,false
"b24d2/_s2\d5.0.6_6.1.3_a7.0.5_L13.flyer",13,0,0,0,300,3,146,69,1145,1146,6,"(Coord { x: 7, y: 2, z: 3 }, ""push limit exceeded"")",0,13,false
"b24d2/_s2\d5.0.6_6.1.4_a6.-1.4_L13.flyer",13,0,0,0,300,3,146,69,1145,1146,6,"(Coord { x: 6, y: 4, z: 3 }, ""push limit exceeded"")",0,13,false
"b24d2/_s2\d5.0.6_6.1.4_a8.0.4_L13.flyer",13,0,0,0,300,3,146,69,1145,1146,6,"(Coord { x: 8, y: 0, z: 3 }, ""push limit exceeded"")",0,13,false
"b24d2/_s2\d5.0.6_7.0.3_a6.1.6_L13.flyer",13,0,0,0,300,3,146,69,1145,1147,6,"(Coord { x: 7, y: 0, z: 3 }, ""push limit exceeded"")",0,13,false
"b24d2/_s2\d5.0.6_8.0.3_a5.0.2_L13.flyer",13,0,0,0,300,5,145,77,853,853,6,"(Coord { x: 7, y: 2, z: 3 }, ""push limit exceeded"")",0,13,false
"b24d2/_s2\d5.0.6_8.0.3_a7.1.3_L13.flyer",13,0,0,0,300,3,146,68,1146,1147,6,"(Coord { x: 7, y: 2, z: 3 }, ""push limit exceeded"")",0,13,false
"b24d2/_s2\d5.0.6_9.0.3_a6.2.3_L13.flyer",13,0,0,0,300,3,146,62,1749,1749,0,"(Coord { x: 7, y: 2, z: 3 }, ""immovable obstruction"")",0,13,false
"b24d2/_s2\d6.0.3_6.0.4_a5.-1.6_L13.flyer",13,0,0,0,300,3,146,63,1746,1746,6,"(Coord { x: 5, y: 5, z: 3 }, ""push limit exceeded"")",0,13,false
"b24d2/_s2\d6.0.3_6.0.4_a7.1.3_L13.flyer",13,0,0,0,300,3,146,61,2044,2044,4,"(Coord { x: 4, y: 3, z: 4 }, ""push limit exceeded"")",0,13,false
"b24d2/_s2\d6.0.3_6.0.5_a5.1.6_L13.flyer",13,0,0,0,300,3,147,62,1746,1746,6,"(Coord { x: 8, y: 0, z: 3 }, ""push limit exceeded"")",0,13,false
"b24d2/_s2\d6.0.3_6.0.5_a8.1.3_L13.flyer",13,0,0,0,300,3,147,62,1746,1746,6,"(Coord { x: 5, y: 3, z: 3 }, ""push limit exceeded"")",0,13,false
"b24d2/_s2\d6.0.3_6.0.6_a7.-1.3_L13.flyer",13,0,0,0,300,3,146,61,1746,1746,6,"(Coord { x: 7, y: 2, z: 2 }, ""push limit exceeded"")",0,13,false
"b24d2/_s2\d6.0.3_6.1.3_a5.-1.6_L13.flyer",13,0,0,0,300,3,145,68,1432,1433,12,"(Coord { x: 8, y: 1, z: 5 }, ""push limit exceeded"")",0,13,false
"b24d2/_s2\d6.0.3_6.1.3_a7.1.3_L13.flyer",13,0,0,0,300,4,145,71,1711,1712,12,"(Coord { x: 8, y: 2, z: 4 }, ""immovable obstruction"")",0,13,false
"b24d2/_s2\d6.0.3_6.1.4_a5.1.6_L13.flyer",13,0,0,0,300,3,145,68,1432,1433,12,"(Coord { x: 8, y: 0, z: 3 }, ""push limit exceeded"")",0,13,false
"b24d2/_s2\d6.0.3_6.1.4_a8.0.4_L13.flyer",13,0,0,0,300,3,145,68,1432,1433,12,"(Coord { x: 8, y: 0, z: 5 }, ""push limit exceeded"")",0,13,false
"b24d2/_s2\d6.0.3_7.0.3_a6.0.7_L13.flyer",13,0,0,0,300,3,145,67,1432,1433,12,"(Coord { x: 7, y: 1, z: 4 }, ""push limit exceeded"")",0,13,false
"b24d2/_s2\d6.0.3_8.0.3_a4.0.3_L13.flyer",13,0,0,0,300,3,145,67,1432,1433,12,"(Coord { x: 7, y: 1, z: 4 }, ""push limit exceeded"")",0,13,false
"b24d2/_s2\d6.0.3_8.0.3_a7.0.2_L13.flyer",13,0,0,0,300,3,145,67,1432,1433,12,"(Coord { x: 7, y: 1, z: 4 }, ""push limit exceeded"")",0,13,false
"b24d2/_s2\d6.0.3_9.0.3_a6.-1.4_L13.flyer",13,0,0,0,300,3,145,67,1432,1433,12,"(Coord { x: 7, y: 2, z: 4 }, ""push limit exceeded"")",0,13,false
"b24d2/_s2\d6.0.3_9.0.3_a8.0.4_L13.flyer",13,0,0,0,300,3,145,67,1432,1433,12,"(Coord { x: 7, y: 1, z: 4 }, ""push limit exceeded"")",0,13,false
"b24d2/_s2\d6.0.4_6.0.5_a6.1.6_L13.flyer",13,0,0,0,300,3,147,61,2044,2044,4,"(Coord { x: 7, y: 0, z: 3 }, ""push limit exceeded"")",0,13,false
"b24d2/_s2\d6.0.4_6.0.6_a4.0.6_L13.flyer",13,0,0,0,300,3,147,61,2044,2044,4,"(Coord { x: 7, y: 0, z: 3 }, ""push limit exceeded"")",0,13,false
"b24d2/_s2\d6.0.4_6.0.6_a7.1.3_L13.flyer",13,0,0,0,300,3,147,61,2044,2044,4,"(Coord { x: 4, y: 3, z: 4 }, ""push limit exceeded"")",0,13,false
"b24d2/_s2\d6.0.4_6.1.3_a5.1.6_L13.flyer",13,0,0,0,300,4,146,72,1418,1418,14,"(Coord { x: 3, y: 5, z: 5 }, ""push limit exceeded"")",0,13,false
"b24d2/_s2\d6.0.4_6.1.3_a8.0.2_L13.flyer",13,0,0,0,300,4,146,72,1418,1418,14,"(Coord { x: 3, y: 5, z: 5 }, ""push limit exceeded"")",0,13,false
"b24d2/_s2\d6.0.4_6.1.4_a6.-1.6_L13.flyer",13,0,0,0,300,4,146,72,1418,1418,14,"(Coord { x: 3, y: 6, z: 5 }, ""push limit exceeded"")",0,13,false
"b24d2/_s2\d6.0.4_6.1.4_a9.-1.3_L13.flyer",13,0,0,0,300,4,146,72,1418,1418,14,"(Coord { x: 3, y: 6, z: 5 }, ""push limit exceeded"")",0,13,false
"b24d2/_s2\d6.0.4_7.0.3_a6.1.5_L13.flyer",13,0,0,0,300,5,146,79,1138,1138,12,"(Coord { x: 7, y: 1, z: 4 }, ""push limit exceeded"")",0,13,false
"b24d2/_s2\d6.0.4_8.0.3_a5.-1.3_L13.flyer",13,0,0,0,300,3,146,61,2044,2044,4,"(Coord { x: 4, y: 4, z: 4 }, ""push limit exceeded"")",0,13,false
"b24d2/_s2\d6.0.4_8.0.3_a7.0.4_L13.flyer",13,0,0,0,300,3,146,61,2044,2044,4,"(Coord { x: 4, y: 3, z: 4 }, ""push limit exceeded"")",0,13,false
"b24d2/_s2\d6.0.4_9.0.3_a6.-1.5_L13.flyer",13,0,0,0,300,3,146,61,2044,2044,4,"(Coord { x: 4, y: 4, z: 4 }, ""push limit exceeded"")",0,13,false
"b24d2/_s2\d6.0.4_9.0.3_a8.0.4_L13.flyer",13,0,0,0,300,3,146,61,2044,2044,4,"(Coord { x: 4, y: 3, z: 4 }, ""push limit exceeded"")",0,13,false
"b24d2/_s2\d6.0.5_6.0.6_a7.-1.3_L13.flyer",13,0,0,0,300,3,147,69,1432,1433,12,"(Coord { x: 8, y: 1, z: 3 }, ""push limit exceeded"")",0,13,false
"b24d2/_s2\d6.0.5_6.1.3_a5.0.2_L13.flyer",13,0,0,0,300,3,147,69,1432,1433,12,"(Coord { x: 9, y: 0, z: 3 }, ""push limit exceeded"")",0,13,false
"b24d2/_s2\d6.0.5_6.1.3_a7.1.4_L13.flyer",13,0,0,0,300,3,148,70,1432,1433,12,"(Coord { x: 8, y: 2, z: 4 }, ""immovable obstruction"")",0,13,false
"b24d2/_s2\d6.0.5_6.1.4_a6.-1.3_L13.flyer",13,0,0,0,300,5,147,82,845,845,14,"(Coord { x: 3, y: 6, z: 5 }, ""push limit exceeded"")",0,13,false
"b24d2/_s2\d6.0.5_6.1.4_a9.-1.3_L13.flyer",13,0,0,0,300,5,147,82,845,845,14,"(Coord { x: 3, y: 6, z: 5 }, ""push limit exceeded"")",0,13,false
"b24d2/_s2\d6.0.5_7.0.3_a6.1.5_L13.flyer",13,0,0,0,300,5,146,77,1138,1138,12,"(Coord { x: 8, y: 2, z: 4 }, ""immovable obstruction"")",0,13,false
"b24d2/_s2\d6.0.5_8.0.3_a5.-1.3_L13.flyer",13,0,0,0,300,5,146,77,1138,1138,12,"(Coord { x: 8, y: 3, z: 4 }, ""immovable obstruction"")",0,13,false
"b24d2/_s2\d6.0.5_8.0.3_a7.0.4_L13.flyer",13,0,0,0,300,5,146,77,1138,1138,12,"(Coord { x: 8, y: 2, z: 4 }, ""immovable obstruction"")",0,13,false
"b24d2/_s2\d6.0.5_9.0.3_a6.-1.6_L13.flyer",13,0,0,0,300,3,147,68,1432,1433,12,"(Coord { x: 8, y: 1, z: 3 }, ""push limit exceeded"")",0,13,false
"b24d2/_s2\d6.0.6_6.1.3_a10.0.3_L13.flyer",13,0,0,0,300,3,147,70,1432,1433,12,"(Coord { x: 8, y: 2, z: 4 }, ""immovable obstruction"")",0,13,false
"b24d2/_s2\d6.0.6_6.1.3_a7.0.4_L13.flyer",13,0,0,0,300,3,147,70,1432,1433,12,"(Coord { x: 8, y: 2, z: 4 }, ""immovable obstruction"")",0,13,false
"b24d2/_s2\d6.0.6_6.1.4_a5.0.7_L13.flyer",13,0,0,0,300,5,147,89,3,3,12,"(Coord { x: 7, y: 1, z: 4 }, ""push limit exceeded"")",0,13,false
"b24d2/_s2\d6.0.6_6.1.4_a8.0.4_L13.flyer",13,0,0,0,300,5,147,89,3,3,12,"(Coord { x: 7, y: 1, z: 4 }, ""push limit exceeded"")",0,13,false
"b24d2/_s2\d6.0.6_7.0.3_a6.0.2_L13.flyer",13,0,0,0,300,5,146,89,563,564,10,"(Coord { x: 11, y: 3, z: 2 }, ""immovable obstruction"")",0,13,false
"b24d2/_s2\d6.0.6_8.0.3_a5.-1.3_L13.flyer",13,0,0,0,300,5,146,89,563,564,10,"(Coord { x: 11, y: 4, z: 2 }, ""immovable obstruction"")",0,13,false
"b24d2/_s2\d6.0.6_8.0.3_a7.1.3_L13.flyer",13,0,0,0,300,3,147,70,2015,2016,6,"(Coord { x: 9, y: 1, z: 3 }, ""immovable obstruction"")",0,13,false
"b24d2/_s2\d6.0.6_9.0.3_a6.1.5_L13.flyer",13,0,0,0,300,5,147,79,1131,1131,14,"(Coord { x: 8, y: 3, z: 3 }, ""push limit exceeded"")",0,13,false
"b24d2/_s2\d6.1.3_6.1.4_a5.-1.6_L13.flyer",13,0,0,0,300,5,146,83,843,843,12,"(Coord { x: 7, y: 1, z: 5 }, ""push limit exceeded"")",0,13,false
"b24d2/_s2\d6.1.3_6.1.4_a7.0.5_L13.flyer",13,0,0,0,300,5,146,83,843,843,12,"(Coord { x: 7, y: 0, z: 5 }, ""push limit exceeded"")",0,13,false
"b24d2/_s2\d6.1.3_7.0.3_a5.1.3_L13.flyer",13,0,0,0,300,3,146,71,1432,1433,12,"(Coord { x: 7, y: 0, z: 5 }, ""push limit exceeded"")",0,13,false
"b24d2/_s2\d6.1.3_7.0.3_a8.0.4_L13.flyer",13,0,0,0,300,3,146,71,1432,1433,12,"(Coord { x: 7, y: 0, z: 5 }, ""push limit exceeded"")",0,13,false
"b24d2/_s2\d6.1.3_8.0.3_a6.-1.6_L13.flyer",13,0,0,0,300,3,146,71,1432,1433,12,"(Coord { x: 7, y: 1, z: 5 }, ""push limit exceeded"")",0,13,false
"b24d2/_s2\d6.1.3_9.0.3_a5.-1.3_L13.flyer",13,0,0,0,300,3,146,70,1432,1433,12,"(Coord { x: 7, y: 1, z: 5 }, ""push limit exceeded"")",0,13,false
"b24d2/_s2\d6.1.3_9.0.3_a7.0.4_L13.flyer",13,0,0,0,300,3,146,70,1432,1433,12,"(Coord { x: 7, y: 0, z: 5 }, ""push limit exceeded"")",0,13,false
"b24d2/_s2\d6.1.4_7.0.3_a5.1.3_L13.flyer",13,0,0,0,300,6,145,104,547,548,10,"(Coord { x: 11, y: 3, z: 2 }, ""immovable obstruction"")",0,13,false
"b24d2/_s2\d6.1.4_7.0.3_a8.0.2_L13.flyer",13,0,0,0,300,3,145,75,1965,1966,8,"(Coord { x: 10, y: 4, z: 3 }, ""push limit exceeded"")",0,13,false
"b24d2/_s2\d6.1.4_8.0.3_a6.-1.5_L13.flyer",13,0,0,0,300,6,145,104,547,548,10,"(Coord { x: 11, y: 4, z: 2 }, ""immovable obstruction"")",0,13,false
"b24d2/_s2\d6.1.4_9.0.3_a4.0.6_L13.flyer",13,0,0,0,300,4,145,90,2,2,20,"(Coord { x: 9, y: 1, z: 4 }, ""push limit exceeded"")",0,13,false
"b24d2/_s2\d6.1.4_9.0.3_a7.-1.3_L13.flyer",13,0,0,0,300,3,145,67,2016,2017,8,"(Coord { x: 10, y: 2, z: 3 }, ""push limit exceeded"")",0,13,false
"b24d2/_s2\d7.0.3_8.0.3_a5.0.7_L13.flyer",13,0,0,0,300,5,146,82,1122,1122,12,"(Coord { x: 8, y: 2, z: 4 }, ""immovable obstruction"")",0,13,false
"b24d2/_s2\d7.0.3_8.0.3_a7.1.4_L13.flyer",13,0,0,0,300,3,145,67,2016,2017,8,"(Coord { x: 7, y: 0, z: 6 }, ""push limit exceeded"")",0,13,false
"b24d2/_s2\d7.0.3_9.0.3_a6.0.7_L13.flyer",13,0,0,0,300,3,145,67,2016,2017,8,"(Coord { x: 8, y: 0, z: 7 }, ""push limit exceeded"")",0,13,false
"b24d2/_s2\d8.0.3_9.0.3_a5.-1.6_L13.flyer",13,0,0,0,300,5,146,82,1121,1121,12,"(Coord { x: 8, y: 3, z: 4 }, ""immovable obstruction"")",0,13,false
"b24d2/_s2\d8.0.3_9.0.3_a7.0.4_L13.flyer",13,0,0,0,300,3,145,67,2016,2017,8,"(Coord { x: 7, y: 0, z: 6 }, ""push limit exceeded"")",0,13,false
"b24d2/_s3\d5.0.3_5.0.6_a6.-1.4_L13.flyer",13,0,0,0,300,3,145,59,2044,2044,4,"(Coord { x: 6, y: 0, z: 4 }, ""push limit exceeded"")",0,13,false
"b24d2/_s3\d5.0.3_5.0.6_a8.0.2_L13.flyer",13,0,0,0,300,3,145,59,2044,2044,4,"(Coord { x: 6, y: 0, z: 5 }, ""push limit exceeded"")",0,13,false
"b24d2/_s3\d5.0.3_6.0.3_a6.1.6_L13.flyer",13,0,0,0,300,3,145,68,1432,1434,10,"(Coord { x: 8, y: 1, z: 6 }, ""push limit exceeded"")",0,13,false
"b24d2/_s3\d5.0.3_6.0.4_a4.0.6_L13.flyer",13,0,0,0,300,3,145,60,2044,2044,4,"(Coord { x: 6, y: 1, z: 2 }, ""push limit exceeded"")",0,13,false
"b24d2/_s3\d5.0.3_6.0.4_a7.0.5_L13.flyer",13,0,0,0,300,3,145,60,2044,2044,4,"(Coord { x: 6, y: 1, z: 2 }, ""push limit exceeded"")",0,13,false
"b24d2/_s3\d5.0.3_6.0.5_a6.-1.3_L13.flyer",13,0,0,0,300,3,146,60,2044,2044,4,"(Coord { x: 6, y: 2, z: 2 }, ""push limit exceeded"")",0,13,false
"b24d2/_s3\d5.0.3_6.0.5_a8.0.4_L13.flyer",13,0,0,0,300,3,146,60,2044,2044,4,"(Coord { x: 6, y: 1, z: 2 }, ""push limit exceeded"")",0,13,false
"b24d2/_s3\d5.0.3_6.0.6_a7.-1.3_L13.flyer",13,0,0,0,300,3,146,62,1746,1746,6,"(Coord { x: 7, y: 2, z: 2 }, ""push limit exceeded"")",0,13,false
"b24d2/_s3\d5.0.3_6.1.3_a5.1.6_L13.flyer",13,0,0,0,300,3,145,68,1432,1433,12,"(Coord { x: 8, y: 0, z: 5 }, ""push limit exceeded"")",0,13,false
"b24d2/_s3\d5.0.3_6.1.3_a8.-1.3_L13.flyer",13,0,0,0,300,3,145,68,1432,1433,12,"(Coord { x: 8, y: 1, z: 5 }, ""push limit exceeded"")",0,13,false
"b24d2/_s3\d5.0.3_6.1.4_a6.0.2_L13.flyer",13,0,0,0,300,3,145,68,1432,1433,12,"(Coord { x: 7, y: 1, z: 4 }, ""push limit exceeded"")",0,13,false
"b24d2/_s3\d5.0.3_6.1.4_a9.0.4_L13.flyer",13,0,0,0,300,3,145,68,1432,1433,12,"(Coord { x: 7, y: 1, z: 4 }, ""push limit exceeded"")",0,13,false
"b24d2/_s3\d5.0.3_7.0.3_a7.0.4_L13.flyer",13,0,0,0,300,3,145,68,1432,1434,10,"(Coord { x: 7, y: 0, z: 6 }, ""push limit exceeded"")",0,13,false
"b24d2/_s3\d5.0.3_8.0.3_a5.1.6_L13.flyer",13,0,0,0,300,5,145,76,1138,1138,12,"(Coord { x: 7, y: 2, z: 4 }, ""push limit exceeded"")",0,13,false
"b24d2/_s3\d5.0.3_8.0.3_a7.1.4_L13.flyer",13,0,0,0,300,3,145,61,2040,2040,6,"(Coord { x: 9, y: 0, z: 3 }, ""push limit exceeded"")",0,13,false
"b24d2/_s3\d5.0.3_9.0.3_a6.2.3_L13.flyer",13,0,0,0,300,3,145,61,1749,1749,0,"(Coord { x: 7, y: 2, z: 3 }, ""immovable obstruction"")",0,13,false
"b24d2/_s3\d5.0.6_6.0.3_a5.1.3_L13.flyer",13,0,0,0,300,3,146,69,1145,1147,6,"(Coord { x: 7, y: 2, z: 3 }, ""push limit exceeded"")",0,13,false
"b24d2/_s3\d5.0.6_6.0.3_a8.0.2_L13.flyer",13,0,0,0,300,3,146,61,1746,1746,6,"(Coord { x: 6, y: 3, z: 3 }, ""push limit exceeded"")",0,13,false
"b24d2/_s3\d5.0.6_6.0.4_a6.1.6_L13.flyer",13,0,0,0,300,3,146,60,2044,2044,4,"(Coord { x: 6, y: 1, z: 2 }, ""push limit exceeded"")",0,13,false
"b24d2/_s3\d5.0.6_6.0.5_a4.0.3_L13.flyer",13,0,0,0,300,3,146,69,1145,1146,6,"(Coord { x: 7, y: 1, z: 2 }, ""push limit exceeded"")",0,13,false
"b24d2/_s3\d5.0.6_6.0.5_a7.1.3_L13.flyer",13,0,0,0,300,3,146,69,2012,2013,10,"(Coord { x: 11, y: 0, z: 3 }, ""push limit exceeded"")",0,13,false
"b24d2/_s3\d5.0.6_6.0.6_a6.0.2_L13.flyer",13,0,0,0,300,3,146,69,1145,1146,6,"(Coord { x: 6, y: 3, z: 3 }, ""push limit exceeded"")",0,13,false
"b24d2/_s3\d5.0.6_6.1.3_a4.0.3_L13.flyer",13,0,0,0,300,3,146,69,1145,1146,6,"(Coord { x: 6, y: 3, z: 3 }, ""push limit exceeded"")",0,13,false
"b24d2/_s3\d5.0.6_6.1.3_a7.0.6_L13.flyer",13,0,0,0,300,3,146,69,1145,1146,6,"(Coord { x: 7, y: 2, z: 3 }, ""push limit exceeded"")",0,13,false
"b24d2/_s3\d5.0.6_6.1.4_a6.-1.5_L13.flyer",13,0,0,0,300,3,146,69,1145,1146,6,"(Coord { x: 6, y: 4, z: 3 }, ""push limit exceeded"")",0,13,false
"b24d2/_s3\d5.0.6_6.1.4_a8.1.3_L13.flyer",13,0,0,0,300,3,146,64,1748,1749,4,"(Coord { x: 6, y: 0, z: 3 }, ""push limit exceeded"")",0,13,false
"b24d2/_s3\d5.0.6_7.0.3_a6.2.3_L13.flyer",13,0,0,0,300,3,146,62,1748,1748,0,"(Coord { x: 7, y: 2, z: 3 }, ""immovable obstruction"")",0,13,false
"b24d2/_s3\d5.0.6_8.0.3_a5.1.3_L13.flyer",13,0,0,0,300,3,146,69,1145,1147,6,"(Coord { x: 7, y: 2, z: 3 }, ""push limit exceeded"")",0,13,false
"b24d2/_s3\d5.0.6_8.0.3_a7.1.4_L13.flyer",13,0,0,0,300,3,145,61,2040,2040,6,"(Coord { x: 7, y: 0, z: 3 }, ""push limit exceeded"")",0,13,false
"b24d2/_s3\d5.0.6_9.0.3_a7.-1.3_L13.flyer",13,0,0,0,300,3,146,68,1145,1146,6,"(Coord { x: 7, y: 3, z: 3 }, ""push limit exceeded"")",0,13,false
"b24d2/_s3\d6.0.3_6.0.4_a5.0.2_L13.flyer",13,0,0,0,300,3,146,63,1746,1746,6,"(Coord { x: 5, y: 4, z: 3 }, ""push limit exceeded"")",0,13,false
"b24d2/_s3\d6.0.3_6.0.4_a7.1.4_L13.flyer",13,0,0,0,300,3,146,61,2044,2044,4,"(Coord { x: 6, y: 1, z: 2 }, ""push limit exceeded"")",0,13,false
"b24d2/_s3\d6.0.3_6.0.5_a6.-1.4_L13.flyer",13,0,0,0,300,3,147,62,1746,1746,6,"(Coord { x: 5, y: 4, z: 3 }, ""push limit exceeded"")",0,13,false
"b24d2/_s3\d6.0.3_6.0.5_a9.-1.3_L13.flyer",13,0,0,0,300,3,147,62,1746,1746,6,"(Coord { x: 8, y: 1, z: 3 }, ""push limit exceeded"")",0,13,false
"b24d2/_s3\d6.0.3_6.0.6_a7.0.2_L13.flyer",13,0,0,0,300,3,146,61,1746,1746,6,"(Coord { x: 7, y: 1, z: 2 }, ""push limit exceeded"")",0,13,false
"b24d2/_s3\d6.0.3_6.1.3_a5.0.2_L13.flyer",13,0,0,0,300,3,145,68,1432,1433,12,"(Coord { x: 8, y: 0, z: 5 }, ""push limit exceeded"")",0,13,false
"b24d2/_s3\d6.0.3_6.1.3_a7.1.4_L13.flyer",13,0,0,0,300,3,146,69,1432,1433,12,"(Coord { x: 8, y: 2, z: 4 }, ""immovable obstruction"")",0,13,false
"b24d2/_s3\d6.0.3_6.1.4_a6.-1.4_L13.flyer",13,0,0,0,300,3,145,68,1432,1433,12,"(Coord { x: 8, y: 1, z: 5 }, ""push limit exceeded"")",0,13,false
"b24d2/_s3\d6.0.3_6.1.4_a8.1.3_L13.flyer",13,0,0,0,300,3,145,67,1433,1434,8,"(Coord { x: 7, y: 0, z: 5 }, ""immovable obstruction"")",0,13,false
"b24d2/_s3\d6.0.3_7.0.3_a6.1.5_L13.flyer",13,0,0,0,300,3,145,67,1432,1433,12,"(Coord { x: 7, y: 1, z: 4 }, ""push limit exceeded"")",0,13,false
"b24d2/_s3\d6.0.3_8.0.3_a4.0.6_L13.flyer",13,0,0,0,300,3,145,67,1432,1433,12,"(Coord { x: 7, y: 1, z: 4 }, ""push limit exceeded"")",0,13,false
"b24d2/_s3\d6.0.3_8.0.3_a7.0.4_L13.flyer",13,0,0,0,300,5,145,76,1138,1138,12,"(Coord { x: 7, y: 1, z: 4 }, ""push limit exceeded"")",0,13,false
"b24d2/_s3\d6.0.3_9.0.3_a6.-1.5_L13.flyer",13,0,0,0,300,3,145,67,1432,1433,12,"(Coord { x: 7, y: 2, z: 4 }, ""push limit exceeded"")",0,13,false
"b24d2/_s3\d6.0.3_9.0.3_a8.1.3_L13.flyer",13,0,0,0,300,3,145,67,1432,1433,12,"(Coord { x: 7, y: 1, z: 4 }, ""push limit exceeded"")",0,13,false
"b24d2/_s3\d6.0.4_6.0.5_a6.2.3_L13.flyer",13,0,0,0,300,3,147,61,2044,2044,4,"(Coord { x: 6, y: 1, z: 2 }, ""push limit exceeded"")",0,13,false
"b24d2/_s3\d6.0.4_6.0.6_a5.-1.3_L13.flyer",13,0,0,0,300,3,147,61,2044,2044,4,"(Coord { x: 7, y: 1, z: 3 }, ""push limit exceeded"")",0,13,false
"b24d2/_s3\d6.0.4_6.0.6_a7.1.4_L13.flyer",13,0,0,0,300,3,147,61,2044,2044,4,"(Coord { x: 6, y: 1, z: 2 }, ""push limit exceeded"")",0,13,false
"b24d2/_s3\d6.0.4_6.1.3_a6.-1.3_L13.flyer",13,0,0,0,300,4,146,72,1418,1418,14,"(Coord { x: 3, y: 6, z: 5 }, ""push limit exceeded"")",0,13,false
"b24d2/_s3\d6.0.4_6.1.3_a8.0.4_L13.flyer",13,0,0,0,300,3,146,68,1432,1433,12,"(Coord { x: 6, y: 3, z: 3 }, ""push limit exceeded"")",0,13,false
"b24d2/_s3\d6.0.4_6.1.4_a6.0.2_L13.flyer",13,0,0,0,300,4,146,72,1418,1418,14,"(Coord { x: 3, y: 5, z: 5 }, ""push limit exceeded"")",0,13,false
"b24d2/_s3\d6.0.4_6.1.4_a9.0.4_L13.flyer",13,0,0,0,300,4,146,72,1418,1418,14,"(Coord { x: 3, y: 5, z: 5 }, ""push limit exceeded"")",0,13,false
"b24d2/_s3\d6.0.4_7.0.3_a6.1.6_L13.flyer",13,0,0,0,300,3,146,61,2044,2044,4,"(Coord { x: 4, y: 3, z: 4 }, ""push limit exceeded"")",0,13,false
"b24d2/_s3\d6.0.4_8.0.3_a5.-1.6_L13.flyer",13,0,0,0,300,3,146,61,2044,2044,4,"(Coord { x: 4, y: 4, z: 4 }, ""push limit exceeded"")",0,13,false
"b24d2/_s3\d6.0.4_8.0.3_a7.0.5_L13.flyer",13,0,0,0,300,3,146,61,2044,2044,4,"(Coord { x: 4, y: 3, z: 4 }, ""push limit exceeded"")",0,13,false
"b24d2/_s3\d6.0.4_9.0.3_a6.-1.6_L13.flyer",13,0,0,0,300,3,146,61,2044,2044,4,"(Coord { x: 4, y: 4, z: 4 }, ""push limit exceeded"")",0,13,false
"b24d2/_s3\d6.0.4_9.0.3_a8.1.3_L13.flyer",13,0,0,0,300,3,146,61,2044,2044,4,"(Coord { x: 4, y: 3, z: 4 }, ""push limit exceeded"")",0,13,false
"b24d2/_s3\d6.0.5_6.0.6_a7.0.2_L13.flyer",13,0,0,0,300,3,147,69,1432,1433,12,"(Coord { x: 8, y: 0, z: 3 }, ""push limit exceeded"")",0,13,false
"b24d2/_s3\d6.0.5_6.1.3_a5.0.7_L13.flyer",13,0,0,0,300,3,147,69,1432,1433,12,"(Coord { x: 9, y: 0, z: 3 }, ""push limit exceeded"")",0,13,false
"b24d2/_s3\d6.0.5_6.1.3_a8.-1.3_L13.flyer",13,0,0,0,300,3,147,69,1432,1433,12,"(Coord { x: 9, y: 1, z: 3 }, ""push limit exceeded"")",0,13,false
"b24d2/_s3\d6.0.5_6.1.4_a6.-1.4_L13.flyer",13,0,0,0,300,5,147,82,845,845,14,"(Coord { x: 3, y: 6, z: 5 }, ""push limit exceeded"")",0,13,false
"b24d2/_s3\d6.0.5_6.1.4_a9.0.4_L13.flyer",13,0,0,0,300,5,147,82,845,845,14,"(Coord { x: 3, y: 5, z: 5 }, ""push limit exceeded"")",0,13,false
"b24d2/_s3\d6.0.5_7.0.3_a6.1.6_L13.flyer",13,0,0,0,300,5,146,73,1432,1432,10,"(Coord { x: 5, y: 1, z: 5 }, ""push limit exceeded"")",0,13,false
"b24d2/_s3\d6.0.5_8.0.3_a5.-1.6_L13.flyer",13,0,0,0,300,5,146,77,1138,1138,12,"(Coord { x: 8, y: 3, z: 4 }, ""immovable obstruction"")",0,13,false
"b24d2/_s3\d6.0.5_8.0.3_a7.0.6_L13.flyer",13,0,0,0,300,5,146,77,1138,1138,12,"(Coord { x: 8, y: 2, z: 4 }, ""immovable obstruction"")",0,13,false
"b24d2/_s3\d6.0.5_9.0.3_a6.0.2_L13.flyer",13,0,0,0,300,3,147,68,1432,1433,12,"(Coord { x: 8, y: 0, z: 3 }, ""push limit exceeded"")",0,13,false
"b24d2/_s3\d6.0.6_6.1.3_a4.0.3_L13.flyer",13,0,0,0,300,3,147,70,1432,1433,12,"(Coord { x: 8, y: 2, z: 4 }, ""immovable obstruction"")",0,13,false
"b24d2/_s3\d6.0.6_6.1.3_a7.0.5_L13.flyer",13,0,0,0,300,3,147,70,1432,1433,12,"(Coord { x: 8, y: 2, z: 4 }, ""immovable obstruction"")",0,13,false
"b24d2/_s3\d6.0.6_6.1.4_a5.1.3_L13.flyer",13,0,0,0,300,5,147,89,3,3,12,"(Coord { x: 7, y: 1, z: 4 }, ""push limit exceeded"")",0,13,false
"b24d2/_s3\d6.0.6_6.1.4_a8.1.3_L13.flyer",13,0,0,0,300,3,146,67,1725,1726,4,"(Coord { x: 7, y: 0, z: 3 }, ""push limit exceeded"")",0,13,false
"b24d2/_s3\d6.0.6_7.0.3_a6.1.5_L13.flyer",13,0,0,0,300,5,146,89,563,564,10,"(Coord { x: 11, y: 3, z: 2 }, ""immovable obstruction"")",0,13,false
"b24d2/_s3\d6.0.6_8.0.3_a5.-1.6_L13.flyer",13,0,0,0,300,5,146,89,563,564,10,"(Coord { x: 11, y: 4, z: 2 }, ""immovable obstruction"")",0,13,false
"b24d2/_s3\d6.0.6_8.0.3_a7.1.4_L13.flyer",13,0,0,0,300,5,146,89,563,564,10,"(Coord { x: 11, y: 3, z: 2 }, ""immovable obstruction"")",0,13,false
"b24d2/_s3\d6.0.6_9.0.3_a6.2.3_L13.flyer",13,0,0,0,300,3,147,69,1436,1437,0,"(Coord { x: 7, y: 2, z: 3 }, ""immovable obstruction"")",0,13,false
"b24d2/_s3\d6.1.3_6.1.4_a5.0.2_L13.flyer",13,0,0,0,300,5,146,83,843,843,12,"(Coord { x: 7, y: 0, z: 5 }, ""push limit exceeded"")",0,13,false
"b24d2/_s3\d6.1.3_6.1.4_a7.0.6_L13.flyer",13,0,0,0,300,5,146,83,843,843,12,"(Coord { x: 7, y: 0, z: 5 }, ""push limit exceeded"")",0,13,false
"b24d2/_s3\d6.1.3_7.0.3_a5.1.6_L13.flyer",13,0,0,0,300,3,146,71,1432,1433,12,"(Coord { x: 7, y: 2, z: 4 }, ""push limit exceeded"")",0,13,false
"b24d2/_s3\d6.1.3_7.0.3_a8.1.3_L13.flyer",13,0,0,0,300,3,146,70,1439,1440,6,"(Coord { x: 9, y: 1, z: 3 }, ""immovable obstruction"")",0,13,false
"b24d2/_s3\d6.1.3_8.0.3_a6.0.2_L13.flyer",13,0,0,0,300,6,146,88,845,845,12,"(Coord { x: 8, y: 2, z: 4 }, ""immovable obstruction"")",0,13,false
"b24d2/_s3\d6.1.3_9.0.3_a5.-1.6_L13.flyer",13,0,0,0,300,3,146,70,1432,1433,12,"(Coord { x: 7, y: 1, z: 5 }, ""push limit exceeded"")",0,13,false
"b24d2/_s3\d6.1.3_9.0.3_a7.0.5_L13.flyer",13,0,0,0,300,3,146,70,1432,1433,12,"(Coord { x: 7, y: 0, z: 5 }, ""push limit exceeded"")",0,13,false
"b24d2/_s3\d6.1.4_7.0.3_a5.1.6_L13.flyer",13,0,0,0,300,6,145,104,552,553,10,"(Coord { x: 11, y: 3, z: 2 }, ""immovable obstruction"")",0,13,false
"b24d2/_s3\d6.1.4_7.0.3_a8.0.4_L13.flyer",13,0,0,0,300,6,145,104,547,548,10,"(Coord { x: 11, y: 3, z: 2 }, ""immovable obstruction"")",0,13,false
"b24d2/_s3\d6.1.4_8.0.3_a6.-1.6_L13.flyer",13,0,0,0,300,6,145,104,547,548,10,"(Coord { x: 11, y: 4, z: 2 }, ""immovable obstruction"")",0,13,false
"b24d2/_s3\d6.1.4_9.0.3_a5.-1.3_L13.flyer",13,0,0,0,300,5,145,90,2,2,20,"(Coord { x: 9, y: 2, z: 4 }, ""push limit exceeded"")",0,13,false
"b24d2/_s3\d6.1.4_9.0.3_a7.0.2_L13.flyer",13,0,0,0,300,3,145,67,2016,2017,8,"(Coord { x: 10, y: 1, z: 3 }, ""push limit exceeded"")",0,13,false
"b24d2/_s3\d7.0.3_8.0.3_a5.1.3_L13.flyer",13,0,0,0,300,3,145,67,2016,2017,8,"(Coord { x: 7, y: 0, z: 6 }, ""push limit exceeded"")",0,13,false
"b24d2/_s3\d7.0.3_8.0.3_a9.-1.3_L13.flyer",13,0,0,0,300,5,146,82,1122,1122,12,"(Coord { x: 8, y: 3, z: 4 }, ""immovable obstruction"")",0,13,false
"b24d2/_s3\d7.0.3_9.0.3_a6.1.5_L13.flyer",13,0,0,0,300,3,145,67,2016,2017,8,"(Coord { x: 7, y: 0, z: 6 }, ""push limit exceeded"")",0,13,false
"b24d2/_s3\d8.0.3_9.0.3_a5.0.2_L13.flyer",13,0,0,0,300,5,146,82,1121,1121,12,"(Coord { x: 8, y: 2, z: 4 }, ""immovable obstruction"")",0,13,false
"b24d2/_s3\d8.0.3_9.0.3_a7.0.5_L13.flyer",13,0,0,0,300,3,145,67,2016,2017,8,"(Coord { x: 7, y: 0, z: 6 }, ""push limit exceeded"")",0,13,false
"b24d2/_s4\d5.0.3_5.0.6_a6.-1.5_L13.flyer",13,0,0,0,300,3,145,59,2044,2044,4,"(Coord { x: 6, y: 1, z: 5 }, ""push limit exceeded"")",0,13,false
"b24d2/_s4\d5.0.3_5.0.6_a8.0.4_L13.flyer",13,0,0,0,300,3,145,59,2044,2044,4,"(Coord { x: 6, y: 0, z: 5 }, ""push limit exceeded"")",0,13,false
"b24d2/_s4\d5.0.3_6.0.3_a6.2.3_L13.flyer",13,0,0,0,300,3,145,61,1748,1748,0,"(Coord { x: 7, y: 2, z: 3 }, ""immovable obstruction"")",0,13,false
"b24d2/_s4\d5.0.3_6.0.4_a5.-1.6_L13.flyer",13,0,0,0,300,3,145,60,2044,2044,4,"(Coord { x: 6, y: 2, z: 2 }, ""push limit exceeded"")",0,13,false
"b24d2/_s4\d5.0.3_6.0.4_a7.0.6_L13.flyer",13,0,0,0,300,3,145,60,2044,2044,4,"(Coord { x: 6, y: 1, z: 2 }, ""push limit exceeded"")",0,13,false
"b24d2/_s4\d5.0.3_6.0.5_a6.-1.4_L13.flyer",13,0,0,0,300,3,146,60,2044,2044,4,"(Coord { x: 6, y: 1, z: 3 }, ""push limit exceeded"")",0,13,false
"b24d2/_s4\d5.0.3_6.0.5_a8.1.3_L13.flyer",13,0,0,0,300,3,146,60,2044,2044,4,"(Coord { x: 6, y: 1, z: 2 }, ""push limit exceeded"")",0,13,false
"b24d2/_s4\d5.0.3_6.0.6_a7.0.2_L13.flyer",13,0,0,0,300,3,146,62,1746,1746,6,"(Coord { x: 7, y: 1, z: 2 }, ""push limit exceeded"")",0,13,false
"b24d2/_s4\d5.0.3_6.1.3_a6.-1.3_L13.flyer",13,0,0,0,300,3,145,68,1432,1433,12,"(Coord { x: 8, y: 1, z: 5 }, ""push limit exceeded"")",0,13,false
"b24d2/_s4\d5.0.3_6.1.3_a8.0.2_L13.flyer",13,0,0,0,300,3,145,68,1432,1433,12,"(Coord { x: 8, y: 0, z: 5 }, ""push limit exceeded"")",0,13,false
"b24d2/_s4\d5.0.3_6.1.4_a6.0.7_L13.flyer",13,0,0,0,300,3,145,68,1432,1433,12,"(Coord { x: 7, y: 1, z: 4 }, ""push limit exceeded"")",0,13,false
"b24d2/_s4\d5.0.3_7.0.3_a10.0.3_L13.flyer",13,0,0,0,300,3,145,61,2040,2040,6,"(Coord { x: 10, y: 1, z: 3 }, ""push limit exceeded"")",0,13,false
"b24d2/_s4\d5.0.3_7.0.3_a7.0.5_L13.flyer",13,0,0,0,300,3,145,68,1432,1434,10,"(Coord { x: 7, y: 0, z: 6 }, ""push limit exceeded"")",0,13,false
"b24d2/_s4\d5.0.3_8.0.3_a6.-1.3_L13.flyer",13,0,0,0,300,3,145,68,1432,1434,10,"(Coord { x: 7, y: 1, z: 6 }, ""push limit exceeded"")",0,13,false
"b24d2/_s4\d5.0.3_8.0.3_a9.-1.3_L13.flyer",13,0,0,0,300,3,145,68,1432,1434,10,"(Coord { x: 7, y: 1, z: 6 }, ""push limit exceeded"")",0,13,false
"b24d2/_s4\d5.0.3_9.0.3_a7.-1.3_L13.flyer",13,0,0,0,300,3,145,67,1432,1433,12,"(Coord { x: 7, y: 2, z: 4 }, ""push limit exceeded"")",0,13,false
"b24d2/_s4\d5.0.6_6.0.3_a6.-1.4_L13.flyer",13,0,0,0,300,3,146,61,1746,1746,6,"(Coord { x: 7, y: 3, z: 3 }, ""push limit exceeded"")",0,13,false
"b24d2/_s4\d5.0.6_6.0.3_a8.0.4_L13.flyer",13,0,0,0,300,3,146,61,1746,1746,6,"(Coord { x: 7, y: 2, z: 3 }, ""push limit exceeded"")",0,13,false
"b24d2/_s4\d5.0.6_6.0.4_a6.2.3_L13.flyer",13,0,0,0,300,3,146,60,2044,2044,4,"(Coord { x: 6, y: 0, z: 5 }, ""push limit exceeded"")",0,13,false
"b24d2/_s4\d5.0.6_6.0.5_a5.-1.3_L13.flyer",13,0,0,0,300,3,146,69,1145,1146,6,"(Coord { x: 7, y: 2, z: 2 }, ""push limit exceeded"")",0,13,false
"b24d2/_s4\d5.0.6_6.0.5_a7.1.4_L13.flyer",13,0,0,0,300,3,147,70,1145,1146,6,"(Coord { x: 7, y: 0, z: 3 }, ""push limit exceeded"")",0,13,false
"b24d2/_s4\d5.0.6_6.0.6_a6.1.5_L13.flyer",13,0,0,0,300,3,146,69,1145,1146,6,"(Coord { x: 7, y: 2, z: 3 }, ""push limit exceeded"")",0,13,false
"b24d2/_s4\d5.0.6_6.1.3_a5.-1.3_L13.flyer",13,0,0,0,300,3,146,69,1145,1146,6,"(Coord { x: 6, y: 4, z: 3 }, ""push limit exceeded"")",0,13,false
"b24d2/_s4\d5.0.6_6.1.3_a7.1.3_L13.flyer",13,0,0,0,300,3,146,69,1432,1433,12,"(Coord { x: 7, y: 1, z: 4 }, ""push limit exceeded"")",0,13,false
"b24d2/_s4\d5.0.6_6.1.4_a6.-1.6_L13.flyer",13,0,0,0,300,3,146,69,1145,1146,6,"(Coord { x: 6, y: 4, z: 3 }, ""push limit exceeded"")",0,13,false
"b24d2/_s4\d5.0.6_6.1.4_a9.-1.3_L13.flyer",13,0,0,0,300,3,146,69,1145,1146,6,"(Coord { x: 8, y: 1, z: 3 }, ""push limit exceeded"")",0,13,false
"b24d2/_s4\d5.0.6_7.0.3_a7.0.4_L13.flyer",13,0,0,0,300,3,146,69,1145,1147,6,"(Coord { x: 7, y: 0, z: 3 }, ""push limit exceeded"")",0,13,false
"b24d2/_s4\d5.0.6_8.0.3_a6.-1.3_L13.flyer",13,0,0,0,300,3,146,69,1145,1147,6,"(Coord { x: 7, y: 3, z: 3 }, ""push limit exceeded"")",0,13,false
"b24d2/_s4\d5.0.6_8.0.3_a9.-1.3_L13.flyer",13,0,0,0,300,3,146,69,1145,1147,6,"(Coord { x: 7, y: 3, z: 3 }, ""push limit exceeded"")",0,13,false
"b24d2/_s4\d5.0.6_9.0.3_a7.0.2_L13.flyer",13,0,0,0,300,3,146,68,1145,1146,6,"(Coord { x: 7, y: 2, z: 3 }, ""push limit exceeded"")",0,13,false
"b24d2/_s4\d6.0.3_6.0.4_a5.0.7_L13.flyer",13,0,0,0,300,3,146,63,1746,1746,6,"(Coord { x: 5, y: 4, z: 3 }, ""push limit exceeded"")",0,13,false
"b24d2/_s4\d6.0.3_6.0.4_a8.-1.3_L13.flyer",13,0,0,0,300,3,146,63,1746,1746,6,"(Coord { x: 5, y: 5, z: 3 }, ""push limit exceeded"")",0,13,false
"b24d2/_s4\d6.0.3_6.0.5_a6.-1.6_L13.flyer",13,0,0,0,300,3,147,62,1746,1746,6,"(Coord { x: 8, y: 1, z: 3 }, ""push limit exceeded"")",0,13,false
"b24d2/_s4\d6.0.3_6.0.5_a9.0.4_L13.flyer",13,0,0,0,300,3,147,62,1746,1746,6,"(Coord { x: 8, y: 0, z: 3 }, ""push limit exceeded"")",0,13,false
"b24d2/_s4\d6.0.3_6.0.6_a7.0.4_L13.flyer",13,0,0,0,300,3,146,62,1746,1746,6,"(Coord { x: 7, y: 1, z: 2 }, ""push limit exceeded"")",0,13,false
"b24d2/_s4\d6.0.3_6.1.3_a5.0.7_L13.flyer",13,0,0,0,300,3,145,68,1432,1433,12,"(Coord { x: 8, y: 0, z: 5 }, ""push limit exceeded"")",0,13,false
"b24d2/_s4\d6.0.3_6.1.3_a8.-1.3_L13.flyer",13,0,0,0,300,3,145,68,1432,1433,12,"(Coord { x: 8, y: 1, z: 5 }, ""push limit exceeded"")",0,13,false
"b24d2/_s4\d6.0.3_6.1.4_a6.-1.5_L13.flyer",13,0,0,0,300,3,145,68,1432,1433,12,"(Coord { x: 8, y: 1, z: 3 }, ""push limit exceeded"")",0,13,false
"b24d2/_s4\d6.0.3_6.1.4_a9.-1.3_L13.flyer",13,0,0,0,300,3,145,68,1432,1433,12,"(Coord { x: 8, y: 1, z: 3 }, ""push limit exceeded"")",0,13,false
"b24d2/_s4\d6.0.3_7.0.3_a6.1.6_L13.flyer",13,0,0,0,300,3,145,67,1432,1433,12,"(Coord { x: 7, y: 1, z: 4 }, ""push limit exceeded"")",0,13,false
"b24d2/_s4\d6.0.3_8.0.3_a5.-1.3_L13.flyer",13,0,0,0,300,3,145,67,1432,1433,12,"(Coord { x: 7, y: 2, z: 4 }, ""push limit exceeded"")",0,13,false
"b24d2/_s4\d6.0.3_8.0.3_a7.0.5_L13.flyer",13,0,0,0,300,3,145,67,1432,1433,12,"(Coord { x: 7, y: 1, z: 4 }, ""push limit exceeded"")",0,13,false
"b24d2/_s4\d6.0.3_9.0.3_a6.-1.6_L13.flyer",13,0,0,0,300,3,145,67,1432,1433,12,"(Coord { x: 7, y: 2, z: 4 }, ""push limit exceeded"")",0,13,false
"b24d2/_s4\d6.0.4_6.0.5_a10.0.3_L13.flyer",13,0,0,0,300,3,147,61,2044,2044,4,"(Coord { x: 7, y: 0, z: 3 }, ""push limit exceeded"")",0,13,false
"b24d2/_s4\d6.0.4_6.0.5_a7.-1.3_L13.flyer",13,0,0,0,300,3,147,61,2044,2044,4,"(Coord { x: 7, y: 1, z: 3 }, ""push limit exceeded"")",0,13,false
"b24d2/_s4\d6.0.4_6.0.6_a5.-1.6_L13.flyer",13,0,0,0,300,3,147,61,2044,2044,4,"(Coord { x: 7, y: 1, z: 3 }, ""push limit exceeded"")",0,13,false
"b24d2/_s4\d6.0.4_6.0.6_a8.-1.3_L13.flyer",13,0,0,0,300,3,147,61,2044,2044,4,"(Coord { x: 7, y: 1, z: 3 }, ""push limit exceeded"")",0,13,false
"b24d2/_s4\d6.0.4_6.1.3_a6.-1.5_L13.flyer",13,0,0,0,300,4,146,72,1418,1418,14,"(Coord { x: 3, y: 6, z: 5 }, ""push limit exceeded"")",0,13,false
"b24d2/_s4\d6.0.4_6.1.3_a8.1.3_L13.flyer",13,0,0,0,300,3,146,68,1432,1433,12,"(Coord { x: 9, y: 0, z: 3 }, ""push limit exceeded"")",0,13,false
"b24d2/_s4\d6.0.4_6.1.4_a6.0.7_L13.flyer",13,0,0,0,300,4,146,72,1418,1418,14,"(Coord { x: 3, y: 5, z: 5 }, ""push limit exceeded"")",0,13,false
"b24d2/_s4\d6.0.4_7.0.3_a10.0.3_L13.flyer",13,0,0,0,300,3,146,61,2044,2044,4,"(Coord { x: 4, y: 3, z: 4 }, ""push limit exceeded"")",0,13,false
"b24d2/_s4\d6.0.4_7.0.3_a6.2.3_L13.flyer",13,0,0,0,300,3,146,61,2044,2044,4,"(Coord { x: 6, y: 0, z: 3 }, ""push limit exceeded"")",0,13,false
"b24d2/_s4\d6.0.4_8.0.3_a5.0.2_L13.flyer",13,0,0,0,300,3,146,61,2044,2044,4,"(Coord { x: 4, y: 3, z: 4 }, ""push limit exceeded"")",0,13,false
"b24d2/_s4\d6.0.4_8.0.3_a7.0.6_L13.flyer",13,0,0,0,300,3,146,61,2044,2044,4,"(Coord { x: 4, y: 3, z: 4 }, ""push limit exceeded"")",0,13,false
"b24d2/_s4\d6.0.4_9.0.3_a6.0.2_L13.flyer",13,0,0,0,300,3,146,61,2044,2044,4,"(Coord { x: 4, y: 3, z: 4 }, ""push limit exceeded"")",0,13,false
"b24d2/_s4\d6.0.5_6.0.6_a10.0.3_L13.flyer",13,0,0,0,300,3,147,69,1432,1433,12,"(Coord { x: 8, y: 0, z: 3 }, ""push limit exceeded"")",0,13,false
"b24d2/_s4\d6.0.5_6.0.6_a7.0.4_L13.flyer",13,0,0,0,300,3,147,69,1432,1433,12,"(Coord { x: 9, y: 0, z: 4 }, ""push limit exceeded"")",0,13,false
"b24d2/_s4\d6.0.5_6.1.3_a5.1.3_L13.flyer",13,0,0,0,300,3,147,69,1432,1433,12,"(Coord { x: 9, y: 0, z: 3 }, ""push limit exceeded"")",0,13,false
"b24d2/_s4\d6.0.5_6.1.3_a8.0.2_L13.flyer",13,0,0,0,300,3,147,69,1432,1433,12,"(Coord { x: 9, y: 0, z: 3 }, ""push limit exceeded"")",0,13,false
"b24d2/_s4\d6.0.5_6.1.4_a6.-1.6_L13.flyer",13,0,0,0,300,5,147,82,845,845,14,"(Coord { x: 3, y: 6, z: 5 }, ""push limit exceeded"")",0,13,false
"b24d2/_s4\d6.0.5_7.0.3_a10.0.3_L13.flyer",13,0,0,0,300,3,147,68,1432,1433,12,"(Coord { x: 8, y: 0, z: 3 }, ""push limit exceeded"")",0,13,false
"b24d2/_s4\d6.0.5_7.0.3_a6.2.3_L13.flyer",13,0,0,0,300,3,147,63,1748,1748,0,"(Coord { x: 7, y: 2, z: 3 }, ""immovable obstruction"")",0,13,false
"b24d2/_s4\d6.0.5_8.0.3_a5.0.2_L13.flyer",13,0,0,0,300,5,146,77,1138,1138,12,"(Coord { x: 8, y: 2, z: 4 }, ""immovable obstruction"")",0,13,false
"b24d2/_s4\d6.0.5_8.0.3_a7.1.3_L13.flyer",13,0,0,0,300,3,147,68,1433,1434,8,"(Coord { x: 7, y: 3, z: 3 }, ""push limit exceeded"")",0,13,false
"b24d2/_s4\d6.0.5_9.0.3_a6.0.7_L13.flyer",13,0,0,0,300,3,147,68,1432,1433,12,"(Coord { x: 8, y: 0, z: 3 }, ""push limit exceeded"")",0,13,false
"b24d2/_s4\d6.0.6_6.1.3_a4.0.6_L13.flyer",13,0,0,0,300,3,147,70,1432,1433,12,"(Coord { x: 8, y: 2, z: 4 }, ""immovable obstruction"")",0,13,false
"b24d2/_s4\d6.0.6_6.1.3_a7.1.3_L13.flyer",13,0,0,0,300,3,147,69,1433,1434,2,"(Coord { x: 9, y: 1, z: 3 }, ""immovable obstruction"")",0,13,false
"b24d2/_s4\d6.0.6_6.1.4_a5.1.6_L13.flyer",13,0,0,0,300,3,146,74,1452,1452,8,"(Coord { x: 4, y: 3, z: 8 }, ""push limit exceeded"")",0,13,false
"b24d2/_s4\d6.0.6_6.1.4_a9.-1.3_L13.flyer",13,0,0,0,300,5,147,89,3,3,12,"(Coord { x: 7, y: 2, z: 4 }, ""push limit exceeded"")",0,13,false
"b24d2/_s4\d6.0.6_7.0.3_a6.2.3_L13.flyer",13,0,0,0,300,3,147,69,1436,1437,0,"(Coord { x: 7, y: 2, z: 3 }, ""immovable obstruction"")",0,13,false
"b24d2/_s4\d6.0.6_8.0.3_a5.0.2_L13.flyer",13,0,0,0,300,5,146,89,563,564,10,"(Coord { x: 11, y: 3, z: 2 }, ""immovable obstruction"")",0,13,false
"b24d2/_s4\d6.0.6_8.0.3_a9.-1.3_L13.flyer",13,0,0,0,300,5,146,89,563,564,10,"(Coord { x: 11, y: 4, z: 2 }, ""immovable obstruction"")",0,13,false
"b24d2/_s4\d6.0.6_9.0.3_a7.-1.3_L13.flyer",13,0,0,0,300,5,147,79,1131,1131,14,"(Coord { x: 9, y: 1, z: 3 }, ""push limit exceeded"")",0,13,false
"b24d2/_s4\d6.1.3_6.1.4_a5.0.7_L13.flyer",13,0,0,0,300,5,146,83,843,843,12,"(Coord { x: 7, y: 0, z: 5 }, ""push limit exceeded"")",0,13,false
"b24d2/_s4\d6.1.3_6.1.4_a7.1.3_L13.flyer",13,0,0,0,300,3,145,75,1672,1673,2,"(Coord { x: 9, y: 1, z: 3 }, ""immovable obstruction"")",0,13,false
"b24d2/_s4\d6.1.3_7.0.3_a6.-1.3_L13.flyer",13,0,0,0,300,3,146,71,1432,1433,12,"(Coord { x: 7, y: 1, z: 5 }, ""push limit exceeded"")",0,13,false
"b24d2/_s4\d6.1.3_7.0.3_a9.-1.3_L13.flyer",13,0,0,0,300,3,146,71,1432,1433,12,"(Coord { x: 7, y: 1, z: 5 }, ""push limit exceeded"")",0,13,false
"b24d2/_s4\d6.1.3_8.0.3_a6.0.7_L13.flyer",13,0,0,0,300,3,146,71,1432,1433,12,"(Coord { x: 7, y: 0, z: 5 }, ""push limit exceeded"")",0,13,false
"b24d2/_s4\d6.1.3_9.0.3_a5.0.2_L13.flyer",13,0,0,0,300,3,146,70,1432,1433,12,"(Coord { x: 7, y: 0, z: 5 }, ""push limit exceeded"")",0,13,false
"b24d2/_s4\d6.1.3_9.0.3_a7.0.6_L13.flyer",13,0,0,0,300,3,146,70,1432,1433,12,"(Coord { x: 7, y: 0, z: 5 }, ""push limit exceeded"")",0,13,false
"b24d2/_s4\d6.1.4_7.0.3_a6.-1.3_L13.flyer",13,0,0,0,300,6,145,104,547,548,10,"(Coord { x: 11, y: 4, z: 2 }, ""immovable obstruction"")",0,13,false
"b24d2/_s4\d6.1.4_7.0.3_a8.1.3_L13.flyer",13,0,0,0,300,3,146,74,875,876,6,"(Coord { x: 9, y: 1, z: 3 }, ""immovable obstruction"")",0,13,false
"b24d2/_s4\d6.1.4_8.0.3_a6.0.2_L13.flyer",13,0,0,0,300,6,145,104,547,548,10,"(Coord { x: 11, y: 3, z: 2 }, ""immovable obstruction"")",0,13,false
"b24d2/_s4\d6.1.4_9.0.3_a5.-1.6_L13.flyer",13,0,0,0,300,5,145,90,2,2,20,"(Coord { x: 9, y: 2, z: 4 }, ""push limit exceeded"")",0,13,false
"b24d2/_s4\d6.1.4_9.0.3_a7.0.4_L13.flyer",13,0,0,0,300,3,145,67,2016,2017,8,"(Coord { x: 10, y: 1, z: 3 }, ""push limit exceeded"")",0,13,false
"b24d2/_s4\d7.0.3_8.0.3_a5.1.6_L13.flyer",13,0,0,0,300,5,146,82,1122,1122,12,"(Coord { x: 8, y: 2, z: 4 }, ""immovable obstruction"")",0,13,false
"b24d2/_s4\d7.0.3_8.0.3_a9.0.4_L13.flyer",13,0,0,0,300,3,145,67,2016,2017,8,"(Coord { x: 7, y: 0, z: 6 }, ""push limit exceeded"")",0,13,false
"b24d2/_s4\d7.0.3_9.0.3_a6.1.6_L13.flyer",13,0,0,0,300,3,145,67,2016,2017,8,"(Coord { x: 8, y: 1, z: 6 }, ""push limit exceeded"")",0,13,false
"b24d2/_s4\d8.0.3_9.0.3_a5.0.7_L13.flyer",13,0,0,0,300,5,146,82,1121,1121,12,"(Coord { x: 8, y: 2, z: 4 }, ""immovable obstruction"")",0,13,false
"b24d2/_s4\d8.0.3_9.0.3_a7.0.6_L13.flyer",13,0,0,0,300,3,145,67,2016,2017,8,"(Coord { x: 7, y: 0, z: 6 }, ""push limit exceeded"")",0,13,false
"b24d2/_s5\d5.0.3_5.0.6_a6.-1.6_L13.flyer",13,0,0,0,300,3,145,59,2044,2044,4,"(Coord { x: 6, y: 1, z: 5 }, ""push limit exceeded"")",0,13,false
"b24d2/_s5\d5.0.3_5.0.6_a8.1.3_L13.flyer",13,0,0,0,300,3,145,59,2044,2044,4,"(Coord { x: 6, y: 0, z: 5 }, ""push limit exceeded"")",0,13,false
"b24d2/_s5\d5.0.3_6.0.3_a7.-1.3_L13.flyer",13,0,0,0,300,3,145,68,1432,1434,10,"(Coord { x: 7, y: 1, z: 6 }, ""push limit exceeded"")",0,13,false
"b24d2/_s5\d5.0.3_6.0.4_a5.0.7_L13.flyer",13,0,0,0,300,3,145,60,2044,2044,4,"(Coord { x: 6, y: 1, z: 2 }, ""push limit exceeded"")",0,13,false
"b24d2/_s5\d5.0.3_6.0.4_a7.1.3_L13.flyer",13,0,0,0,300,3,145,60,2044,2044,4,"(Coord { x: 6, y: 0, z: 3 }, ""push limit exceeded"")",0,13,false
"b24d2/_s5\d5.0.3_6.0.5_a6.-1.6_L13.flyer",13,0,0,0,300,3,146,60,2044,2044,4,"(Coord { x: 6, y: 2, z: 2 }, ""push limit exceeded"")",0,13,false
"b24d2/_s5\d5.0.3_6.0.5_a9.-1.3_L13.flyer",13,0,0,0,300,3,146,60,2044,2044,4,"(Coord { x: 6, y: 2, z: 2 }, ""push limit exceeded"")",0,13,false
"b24d2/_s5\d5.0.3_6.0.6_a7.0.4_L13.flyer",13,0,0,0,300,3,146,62,1746,1746,6,"(Coord { x: 7, y: 0, z: 3 }, ""push limit exceeded"")",0,13,false
"b24d2/_s5\d5.0.3_6.1.3_a6.-1.4_L13.flyer",13,0,0,0,300,3,145,68,1432,1433,12,"(Coord { x: 8, y: 0, z: 4 }, ""push limit exceeded"")",0,13,false
"b24d2/_s5\d5.0.3_6.1.3_a8.0.4_L13.flyer",13,0,0,0,300,3,145,68,1432,1433,12,"(Coord { x: 8, y: 0, z: 5 }, ""push limit exceeded"")",0,13,false
"b24d2/_s5\d5.0.3_6.1.4_a6.1.5_L13.flyer",13,0,0,0,300,3,145,68,1432,1433,12,"(Coord { x: 7, y: 1, z: 4 }, ""push limit exceeded"")",0,13,false
"b24d2/_s5\d5.0.3_7.0.3_a4.0.6_L13.flyer",13,0,0,0,300,4,145,76,1138,1138,12,"(Coord { x: 7, y: 1, z: 4 }, ""push limit exceeded"")",0,13,false
"b24d2/_s5\d5.0.3_7.0.3_a7.0.6_L13.flyer",13,0,0,0,300,3,145,68,1432,1434,10,"(Coord { x: 7, y: 0, z: 6 }, ""push limit exceeded"")",0,13,false
"b24d2/_s5\d5.0.3_8.0.3_a6.-1.4_L13.flyer",13,0,0,0,300,3,145,68,1432,1434,10,"(Coord { x: 7, y: 1, z: 6 }, ""push limit exceeded"")",0,13,false
"b24d2/_s5\d5.0.3_8.0.3_a9.0.4_L13.flyer",13,0,0,0,300,3,145,68,1432,1434,10,"(Coord { x: 7, y: 0, z: 6 }, ""push limit exceeded"")",0,13,false
"b24d2/_s5\d5.0.3_9.0.3_a7.0.2_L13.flyer",13,0,0,0,300,3,145,67,1432,1433,12,"(Coord { x: 7, y: 1, z: 4 }, ""push limit exceeded"")",0,13,false
"b24d2/_s5\d5.0.6_6.0.3_a6.-1.5_L13.flyer",13,0,0,0,300,3,146,61,1746,1746,6,"(Coord { x: 7, y: 3, z: 3 }, ""push limit exceeded"")",0,13,false
"b24d2/_s5\d5.0.6_6.0.3_a8.1.3_L13.flyer",13,0,0,0,300,3,146,61,1746,1746,6,"(Coord { x: 6, y: 3, z: 3 }, ""push limit exceeded"")",0,13,false
"b24d2/_s5\d5.0.6_6.0.4_a7.-1.3_L13.flyer",13,0,0,0,300,3,146,60,2044,2044,4,"(Coord { x: 6, y: 2, z: 2 }, ""push limit exceeded"")",0,13,false
"b24d2/_s5\d5.0.6_6.0.5_a5.0.2_L13.flyer",13,0,0,0,300,3,146,69,1145,1146,6,"(Coord { x: 7, y: 1, z: 2 }, ""push limit exceeded"")",0,13,false
"b24d2/_s5\d5.0.6_6.0.5_a8.-1.3_L13.flyer",13,0,0,0,300,3,146,69,1145,1146,6,"(Coord { x: 7, y: 2, z: 2 }, ""push limit exceeded"")",0,13,false
"b24d2/_s5\d5.0.6_6.0.6_a6.2.3_L13.flyer",13,0,0,0,300,3,146,63,1749,1749,0,"(Coord { x: 7, y: 2, z: 3 }, ""immovable obstruction"")",0,13,false
"b24d2/_s5\d5.0.6_6.1.3_a5.0.2_L13.flyer",13,0,0,0,300,3,146,69,1145,1146,6,"(Coord { x: 6, y: 3, z: 3 }, ""push limit exceeded"")",0,13,false
"b24d2/_s5\d5.0.6_6.1.3_a7.1.4_L13.flyer",13,0,0,0,300,3,147,70,1145,1146,6,"(Coord { x: 7, y: 2, z: 3 }, ""push limit exceeded"")",0,13,false
"b24d2/_s5\d5.0.6_6.1.4_a6.0.2_L13.flyer",13,0,0,0,300,3,146,69,1145,1146,6,"(Coord { x: 8, y: 0, z: 3 }, ""push limit exceeded"")",0,13,false
"b24d2/_s5\d5.0.6_6.1.4_a9.0.4_L13.flyer",13,0,0,0,300,3,146,69,1145,1146,6,"(Coord { x: 8, y: 0, z: 3 }, ""push limit exceeded"")",0,13,false
"b24d2/_s5\d5.0.6_7.0.3_a7.0.5_L13.flyer",13,0,0,0,300,3,146,69,1145,1147,6,"(Coord { x: 7, y: 0, z: 3 }, ""push limit exceeded"")",0,13,false
"b24d2/_s5\d5.0.6_8.0.3_a6.-1.4_L13.flyer",13,0,0,0,300,3,146,69,1145,1147,6,"(Coord { x: 7, y: 1, z: 3 }, ""push limit exceeded"")",0,13,false
"b24d2/_s5\d5.0.6_8.0.3_a9.0.4_L13.flyer",13,0,0,0,300,3,146,69,1145,1147,6,"(Coord { x: 7, y: 2, z: 3 }, ""push limit exceeded"")",0,13,false
"b24d2/_s5\d5.0.6_9.0.3_a7.0.4_L13.flyer",13,0,0,0,300,3,146,68,1145,1146,6,"(Coord { x: 7, y: 0, z: 3 }, ""push limit exceeded"")",0,13,false
"b24d2/_s5\d6.0.3_6.0.4_a5.1.3_L13.flyer",13,0,0,0,300,3,146,61,2044,2044,4,"(Coord { x: 4, y: 3, z: 4 }, ""push limit exceeded"")",0,13,false
"b24d2/_s5\d6.0.3_6.0.4_a8.0.2_L13.flyer",13,0,0,0,300,3,146,63,1746,1746,6,"(Coord { x: 5, y: 4, z: 3 }, ""push limit exceeded"")",0,13,false
"b24d2/_s5\d6.0.3_6.0.5_a6.0.7_L13.flyer",13,0,0,0,300,3,147,62,1746,1746,6,"(Coord { x: 8, y: 0, z: 3 }, ""push limit exceeded"")",0,13,false
"b24d2/_s5\d6.0.3_6.0.6_a10.0.3_L13.flyer",13,0,0,0,300,3,146,61,1746,1746,6,"(Coord { x: 7, y: 1, z: 2 }, ""push limit exceeded"")",0,13,false
"b24d2/_s5\d6.0.3_6.0.6_a7.0.5_L13.flyer",13,0,0,0,300,3,146,61,1746,1746,6,"(Coord { x: 7, y: 1, z: 2 }, ""push limit exceeded"")",0,13,false
"b24d2/_s5\d6.0.3_6.1.3_a5.1.3_L13.flyer",13,0,0,0,300,3,145,68,1432,1433,12,"(Coord { x: 8, y: 0, z: 5 }, ""push limit exceeded"")",0,13,false
"b24d2/_s5\d6.0.3_6.1.3_a8.0.2_L13.flyer",13,0,0,0,300,3,145,68,1432,1433,12,"(Coord { x: 8, y: 0, z: 5 }, ""push limit exceeded"")",0,13,false
"b24d2/_s5\d6.0.3_6.1.4_a6.-1.6_L13.flyer",13,0,0,0,300,3,145,68,1432,1433,12,"(Coord { x: 8, y: 1, z: 3 }, ""push limit exceeded"")",0,13,false
"b24d2/_s5\d6.0.3_6.1.4_a9.0.4_L13.flyer",13,0,0,0,300,3,145,68,1432,1433,12,"(Coord { x: 8, y: 0, z: 5 }, ""push limit exceeded"")",0,13,false
"b24d2/_s5\d6.0.3_7.0.3_a6.2.3_L13.flyer",13,0,0,0,300,3,145,61,1750,1750,0,"(Coord { x: 7, y: 2, z: 3 }, ""immovable obstruction"")",0,13,false
"b24d2/_s5\d6.0.3_8.0.3_a5.-1.6_L13.flyer",13,0,0,0,300,3,145,67,1432,1433,12,"(Coord { x: 7, y: 2, z: 4 }, ""push limit exceeded"")",0,13,false
"b24d2/_s5\d6.0.3_8.0.3_a7.0.6_L13.flyer",13,0,0,0,300,3,145,67,1432,1433,12,"(Coord { x: 7, y: 1, z: 4 }, ""push limit exceeded"")",0,13,false
"b24d2/_s5\d6.0.3_9.0.3_a6.0.7_L13.flyer",13,0,0,0,300,3,145,67,1432,1433,12,"(Coord { x: 7, y: 1, z: 4 }, ""push limit exceeded"")",0,13,false
"b24d2/_s5\d6.0.4_6.0.5_a4.0.3_L13.flyer",13,0,0,0,300,3,147,61,2044,2044,4,"(Coord { x: 7, y: 0, z: 3 }, ""push limit exceeded"")",0,13,false
"b24d2/_s5\d6.0.4_6.0.5_a7.0.2_L13.flyer",13,0,0,0,300,3,147,61,2044,2044,4,"(Coord { x: 7, y: 0, z: 3 }, ""push limit exceeded"")",0,13,false
"b24d2/_s5\d6.0.4_6.0.6_a5.0.2_L13.flyer",13,0,0,0,300,3,147,61,2044,2044,4,"(Coord { x: 7, y: 0, z: 3 }, ""push limit exceeded"")",0,13,false
"b24d2/_s5\d6.0.4_6.0.6_a8.0.2_L13.flyer",13,0,0,0,300,3,147,61,2044,2044,4,"(Coord { x: 7, y: 0, z: 3 }, ""push limit exceeded"")",0,13,false
"b24d2/_s5\d6.0.4_6.1.3_a6.-1.6_L13.flyer",13,0,0,0,300,4,146,72,1418,1418,14,"(Coord { x: 3, y: 6, z: 5 }, ""push limit exceeded"")",0,13,false
"b24d2/_s5\d6.0.4_6.1.3_a9.-1.3_L13.flyer",13,0,0,0,300,4,146,72,1418,1418,14,"(Coord { x: 3, y: 6, z: 5 }, ""push limit exceeded"")",0,13,false
"b24d2/_s5\d6.0.4_6.1.4_a6.1.5_L13.flyer",13,0,0,0,300,3,146,68,1432,1433,12,"(Coord { x: 6, y: 3, z: 3 }, ""push limit exceeded"")",0,13,false
"b24d2/_s5\d6.0.4_7.0.3_a4.0.3_L13.flyer",13,0,0,0,300,3,146,61,2044,2044,4,"(Coord { x: 4, y: 3, z: 4 }, ""push limit exceeded"")",0,13,false
"b24d2/_s5\d6.0.4_7.0.3_a7.0.5_L13.flyer",13,0,0,0,300,3,146,61,2044,2044,4,"(Coord { x: 4, y: 3, z: 4 }, ""push limit exceeded"")",0,13,false
"b24d2/_s5\d6.0.4_8.0.3_a5.0.7_L13.flyer",13,0,0,0,300,3,146,61,2044,2044,4,"(Coord { x: 4, y: 3, z: 4 }, ""push limit exceeded"")",0,13,false
"b24d2/_s5\d6.0.4_8.0.3_a7.1.3_L13.flyer",13,0,0,0,300,3,146,61,2044,2044,4,"(Coord { x: 6, y: 1, z: 2 }, ""push limit exceeded"")",0,13,false
"b24d2/_s5\d6.0.4_9.0.3_a6.0.7_L13.flyer",13,0,0,0,300,3,146,61,2044,2044,4,"(Coord { x: 4, y: 3, z: 4 }, ""push limit exceeded"")",0,13,false
"b24d2/_s5\d6.0.5_6.0.6_a4.0.3_L13.flyer",13,0,0,0,300,3,147,69,1432,1433,12,"(Coord { x: 8, y: 0, z: 3 }, ""push limit exceeded"")",0,13,false
"b24d2/_s5\d6.0.5_6.0.6_a7.1.3_L13.flyer",13,0,0,0,300,3,147,70,2012,2013,10,"(Coord { x: 11, y: 0, z: 3 }, ""push limit exceeded"")",0,13,false
"b24d2/_s5\d6.0.5_6.1.3_a5.1.6_L13.flyer",13,0,0,0,300,3,147,65,1452,1452,8,"(Coord { x: 4, y: 2, z: 4 }, ""push limit exceeded"")",0,13,false
"b24d2/_s5\d6.0.5_6.1.3_a8.0.4_L13.flyer",13,0,0,0,300,3,147,69,1432,1433,12,"(Coord { x: 9, y: 0, z: 3 }, ""push limit exceeded"")",0,13,false
"b24d2/_s5\d6.0.5_6.1.4_a6.0.2_L13.flyer",13,0,0,0,300,5,147,82,845,845,14,"(Coord { x: 3, y: 5, z: 5 }, ""push limit exceeded"")",0,13,false
"b24d2/_s5\d6.0.5_7.0.3_a4.0.3_L13.flyer",13,0,0,0,300,4,146,77,1138,1138,12,"(Coord { x: 8, y: 2, z: 4 }, ""immovable obstruction"")",0,13,false
"b24d2/_s5\d6.0.5_7.0.3_a7.0.4_L13.flyer",13,0,0,0,300,5,146,77,1138,1138,12,"(Coord { x: 8, y: 2, z: 4 }, ""immovable obstruction"")",0,13,false
"b24d2/_s5\d6.0.5_8.0.3_a5.0.7_L13.flyer",13,0,0,0,300,5,146,77,1138,1138,12,"(Coord { x: 8, y: 2, z: 4 }, ""immovable obstruction"")",0,13,false
"b24d2/_s5\d6.0.5_8.0.3_a7.1.4_L13.flyer",13,0,0,0,300,5,146,76,1707,1708,12,"(Coord { x: 8, y: 2, z: 4 }, ""immovable obstruction"")",0,13,false
"b24d2/_s5\d6.0.5_9.0.3_a6.1.5_L13.flyer",13,0,0,0,300,3,147,68,1432,1433,12,"(Coord { x: 6, y: 3, z: 3 }, ""push limit exceeded"")",0,13,false
"b24d2/_s5\d6.0.6_6.1.3_a5.-1.3_L13.flyer",13,0,0,0,300,3,147,70,1432,1433,12,"(Coord { x: 8, y: 3, z: 4 }, ""immovable obstruction"")",0,13,false
"b24d2/_s5\d6.0.6_6.1.3_a7.1.4_L13.flyer",13,0,0,0,300,3,147,70,1432,1433,12,"(Coord { x: 8, y: 2, z: 4 }, ""immovable obstruction"")",0,13,false
"b24d2/_s5\d6.0.6_6.1.4_a6.-1.3_L13.flyer",13,0,0,0,300,5,147,89,3,3,12,"(Coord { x: 7, y: 2, z: 4 }, ""push limit exceeded"")",0,13,false
"b24d2/_s5\d6.0.6_6.1.4_a9.0.4_L13.flyer",13,0,0,0,300,5,147,89,3,3,12,"(Coord { x: 7, y: 1, z: 4 }, ""push limit exceeded"")",0,13,false
"b24d2/_s5\d6.0.6_7.0.3_a7.0.4_L13.flyer",13,0,0,0,300,5,146,89,563,564,10,"(Coord { x: 11, y: 3, z: 2 }, ""immovable obstruction"")",0,13,false
"b24d2/_s5\d6.0.6_8.0.3_a5.0.7_L13.flyer",13,0,0,0,300,5,146,89,563,564,10,"(Coord { x: 11, y: 3, z: 2 }, ""immovable obstruction"")",0,13,false
"b24d2/_s5\d6.0.6_8.0.3_a9.0.4_L13.flyer",13,0,0,0,300,5,146,89,563,564,10,"(Coord { x: 11, y: 3, z: 2 }, ""immovable obstruction"")",0,13,false
"b24d2/_s5\d6.0.6_9.0.3_a7.0.2_L13.flyer",13,0,0,0,300,3,147,69,2012,2013,10,"(Coord { x: 11, y: 1, z: 3 }, ""push limit exceeded"")",0,13,false
"b24d2/_s5\d6.1.3_6.1.4_a5.1.3_L13.flyer",13,0,0,0,300,5,146,83,843,843,12,"(Coord { x: 7, y: 0, z: 5 }, ""push limit exceeded"")",0,13,false
"b24d2/_s5\d6.1.3_6.1.4_a8.-1.3_L13.flyer",13,0,0,0,300,5,146,83,843,843,12,"(Coord { x: 7, y: 1, z: 5 }, ""push limit exceeded"")",0,13,false
"b24d2/_s5\d6.1.3_7.0.3_a6.-1.4_L13.flyer",13,0,0,0,300,3,146,71,1432,1433,12,"(Coord { x: 7, y: 1, z: 5 }, ""push limit exceeded"")",0,13,false
"b24d2/_s5\d6.1.3_7.0.3_a9.0.4_L13.flyer",13,0,0,0,300,3,146,71,1432,1433,12,"(Coord { x: 7, y: 0, z: 5 }, ""push limit exceeded"")",0,13,false
"b24d2/_s5\d6.1.3_8.0.3_a6.1.5_L13.flyer",13,0,0,0,300,3,146,71,1432,1433,12,"(Coord { x: 7, y: 0, z: 5 }, ""push limit exceeded"")",0,13,false
"b24d2/_s5\d6.1.3_9.0.3_a5.0.7_L13.flyer",13,0,0,0,300,3,146,70,1432,1433,12,"(Coord { x: 7, y: 0, z: 5 }, ""push limit exceeded"")",0,13,false
"b24d2/_s5\d6.1.3_9.0.3_a7.1.3_L13.flyer",13,0,0,0,300,3,146,69,1722,1723,10,"(Coord { x: 10, y: 3, z: 3 }, ""push limit exceeded"")",0,13,false
"b24d2/_s5\d6.1.4_7.0.3_a6.-1.4_L13.flyer",13,0,0,0,300,6,145,104,547,548,10,"(Coord { x: 11, y: 4, z: 2 }, ""immovable obstruction"")",0,13,false
"b24d2/_s5\d6.1.4_7.0.3_a9.-1.3_L13.flyer",13,0,0,0,300,6,145,104,547,548,10,"(Coord { x: 11, y: 4, z: 2 }, ""immovable obstruction"")",0,13,false
"b24d2/_s5\d6.1.4_8.0.3_a6.0.7_L13.flyer",13,0,0,0,300,6,145,104,547,548,10,"(Coord { x: 11, y: 3, z: 2 }, ""immovable obstruction"")",0,13,false
"b24d2/_s5\d6.1.4_9.0.3_a5.0.2_L13.flyer",13,0,0,0,300,5,145,90,2,2,20,"(Coord { x: 9, y: 1, z: 4 }, ""push limit exceeded"")",0,13,false
"b24d2/_s5\d6.1.4_9.0.3_a7.0.5_L13.flyer",13,0,0,0,300,3,145,67,2016,2017,8,"(Coord { x: 10, y: 1, z: 3 }, ""push limit exceeded"")",0,13,false
"b24d2/_s5\d7.0.3_8.0.3_a6.-1.3_L13.flyer",13,0,0,0,300,3,145,67,2016,2017,8,"(Coord { x: 7, y: 1, z: 6 }, ""push limit exceeded"")",0,13,false
"b24d2/_s5\d7.0.3_9.0.3_a4.0.3_L13.flyer",13,0,0,0,300,4,146,82,1121,1121,12,"(Coord { x: 8, y: 2, z: 4 }, ""immovable obstruction"")",0,13,false
"b24d2/_s5\d7.0.3_9.0.3_a6.2.3_L13.flyer",13,0,0,0,300,3,146,69,1436,1437,0,"(Coord { x: 7, y: 2, z: 3 }, ""immovable obstruction"")",0,13,false
"b24d2/_s5\d8.0.3_9.0.3_a5.1.3_L13.flyer",13,0,0,0,300,3,145,67,2016,2017,8,"(Coord { x: 7, y: 0, z: 6 }, ""push limit exceeded"")",0,13,false
"b24d2/_s5\d8.0.3_9.0.3_a7.1.3_L13.flyer",13,0,0,0,300,3,145,67,2016,2017,8,"(Coord { x: 7, y: 0, z: 6 }, ""push limit exceeded"")",0,13,false
"b24d2/_s6\d5.0.3_5.0.6_a6.0.2_L13.flyer",13,0,0,0,300,3,145,59,2044,2044,4,"(Coord { x: 6, y: 0, z: 5 }, ""push limit exceeded"")",0,13,false
"b24d2/_s6\d5.0.3_5.0.6_a9.-1.3_L13.flyer",13,0,0,0,300,3,145,59,2044,2044,4,"(Coord { x: 6, y: 1, z: 5 }, ""push limit exceeded"")",0,13,false
"b24d2/_s6\d5.0.3_6.0.3_a7.0.2_L13.flyer",13,0,0,0,300,3,145,68,1432,1434,10,"(Coord { x: 7, y: 0, z: 6 }, ""push limit exceeded"")",0,13,false
"b24d2/_s6\d5.0.3_6.0.4_a5.1.3_L13.flyer",13,0,0,0,300,3,145,60,2044,2044,4,"(Coord { x: 6, y: 0, z: 3 }, ""push limit exceeded"")",0,13,false
"b24d2/_s6\d5.0.3_6.0.4_a7.1.4_L13.flyer",13,0,0,0,300,3,145,60,2044,2044,4,"(Coord { x: 7, y: 2, z: 4 }, ""push limit exceeded"")",0,13,false
"b24d2/_s6\d5.0.3_6.0.5_a6.0.2_L13.flyer",13,0,0,0,300,3,146,60,2044,2044,4,"(Coord { x: 6, y: 1, z: 2 }, ""push limit exceeded"")",0,13,false
"b24d2/_s6\d5.0.3_6.0.5_a9.0.4_L13.flyer",13,0,0,0,300,3,146,60,2044,2044,4,"(Coord { x: 6, y: 1, z: 2 }, ""push limit exceeded"")",0,13,false
"b24d2/_s6\d5.0.3_6.0.6_a7.0.5_L13.flyer",13,0,0,0,300,3,146,62,1746,1746,6,"(Coord { x: 7, y: 1, z: 2 }, ""push limit exceeded"")",0,13,false
"b24d2/_s6\d5.0.3_6.1.3_a6.-1.5_L13.flyer",13,0,0,0,300,3,145,68,1432,1433,12,"(Coord { x: 8, y: 1, z: 5 }, ""push limit exceeded"")",0,13,false
"b24d2/_s6\d5.0.3_6.1.3_a8.1.3_L13.flyer",13,0,0,0,300,3,145,68,1434,1435,4,"(Coord { x: 6, y: 0, z: 5 }, ""push limit exceeded"")",0,13,false
"b24d2/_s6\d5.0.3_6.1.4_a6.1.6_L13.flyer",13,0,0,0,300,3,145,68,1432,1433,12,"(Coord { x: 7, y: 1, z: 4 }, ""push limit exceeded"")",0,13,false
"b24d2/_s6\d5.0.3_7.0.3_a5.-1.6_L13.flyer",13,0,0,0,300,5,145,76,1138,1138,12,"(Coord { x: 7, y: 2, z: 4 }, ""push limit exceeded"")",0,13,false
"b24d2/_s6\d5.0.3_7.0.3_a7.1.3_L13.flyer",13,0,0,0,300,3,145,67,1433,1434,8,"(Coord { x: 7, y: 2, z: 4 }, ""push limit exceeded"")",0,13,false
"b24d2/_s6\d5.0.3_8.0.3_a6.-1.5_L13.flyer",13,0,0,0,300,3,145,68,1432,1434,10,"(Coord { x: 7, y: 1, z: 6 }, ""push limit exceeded"")",0,13,false
"b24d2/_s6\d5.0.3_9.0.3_a4.0.6_L13.flyer",13,0,0,0,300,3,145,67,1432,1433,12,"(Coord { x: 7, y: 1, z: 4 }, ""push limit exceeded"")",0,13,false
"b24d2/_s6\d5.0.3_9.0.3_a7.0.4_L13.flyer",13,0,0,0,300,3,145,67,1432,1433,12,"(Coord { x: 7, y: 1, z: 4 }, ""push limit exceeded"")",0,13,false
"b24d2/_s6\d5.0.6_6.0.3_a6.-1.6_L13.flyer",13,0,0,0,300,3,146,61,1746,1746,6,"(Coord { x: 7, y: 3, z: 3 }, ""push limit exceeded"")",0,13,false
"b24d2/_s6\d5.0.6_6.0.3_a9.-1.3_L13.flyer",13,0,0,0,300,3,146,61,1746,1746,6,"(Coord { x: 6, y: 4, z: 3 }, ""push limit exceeded"")",0,13,false
"b24d2/_s6\d5.0.6_6.0.4_a7.0.2_L13.flyer",13,0,0,0,300,3,146,60,2044,2044,4,"(Coord { x: 6, y: 1, z: 2 }, ""push limit exceeded"")",0,13,false
"b24d2/_s6\d5.0.6_6.0.5_a5.1.3_L13.flyer",13,0,0,0,300,3,146,69,1145,1146,6,"(Coord { x: 6, y: 1, z: 3 }, ""push limit exceeded"")",0,13,false
"b24d2/_s6\d5.0.6_6.0.5_a8.0.2_L13.flyer",13,0,0,0,300,3,146,69,1145,1146,6,"(Coord { x: 7, y: 1, z: 2 }, ""push limit exceeded"")",0,13,false
"b24d2/_s6\d5.0.6_6.0.6_a7.-1.3_L13.flyer",13,0,0,0,300,3,146,69,1145,1146,6,"(Coord { x: 6, y: 4, z: 3 }, ""push limit exceeded"")",0,13,false
"b24d2/_s6\d5.0.6_6.1.3_a5.1.3_L13.flyer",13,0,0,0,300,3,146,69,1145,1146,6,"(Coord { x: 6, y: 3, z: 3 }, ""push limit exceeded"")",0,13,false
"b24d2/_s6\d5.0.6_6.1.3_a8.-1.3_L13.flyer",13,0,0,0,300,3,146,69,1145,1146,6,"(Coord { x: 6, y: 4, z: 3 }, ""push limit exceeded"")",0,13,false
"b24d2/_s6\d5.0.6_6.1.4_a6.0.7_L13.flyer",13,0,0,0,300,3,146,69,1145,1146,6,"(Coord { x: 6, y: 3, z: 3 }, ""push limit exceeded"")",0,13,false
"b24d2/_s6\d5.0.6_7.0.3_a10.0.3_L13.flyer",13,0,0,0,300,3,145,61,2040,2040,6,"(Coord { x: 7, y: 2, z: 3 }, ""push limit exceeded"")",0,13,false
"b24d2/_s6\d5.0.6_7.0.3_a7.0.6_L13.flyer",13,0,0,0,300,3,146,69,1145,1147,6,"(Coord { x: 7, y: 0, z: 3 }, ""push limit exceeded"")",0,13,false
"b24d2/_s6\d5.0.6_8.0.3_a6.-1.5_L13.flyer",13,0,0,0,300,3,146,69,1145,1147,6,"(Coord { x: 7, y: 1, z: 3 }, ""push limit exceeded"")",0,13,false
"b24d2/_s6\d5.0.6_9.0.3_a4.0.3_L13.flyer",13,0,0,0,300,3,146,68,1145,1146,6,"(Coord { x: 7, y: 2, z: 3 }, ""push limit exceeded"")",0,13,false
"b24d2/_s6\d5.0.6_9.0.3_a7.0.5_L13.flyer",13,0,0,0,300,3,146,68,1145,1146,6,"(Coord { x: 7, y: 0, z: 3 }, ""push limit exceeded"")",0,13,false
"b24d2/_s6\d6.0.3_6.0.4_a5.1.6_L13.flyer",13,0,0,0,300,3,146,63,1746,1746,6,"(Coord { x: 5, y: 4, z: 3 }, ""push limit exceeded"")",0,13,false
"b24d2/_s6\d6.0.3_6.0.4_a8.0.4_L13.flyer",13,0,0,0,300,3,146,63,1746,1746,6,"(Coord { x: 5, y: 4, z: 3 }, ""push limit exceeded"")",0,13,false
"b24d2/_s6\d6.0.3_6.0.5_a6.1.5_L13.flyer",13,0,0,0,300,3,147,62,1746,1746,6,"(Coord { x: 5, y: 3, z: 3 }, ""push limit exceeded"")",0,13,false
"b24d2/_s6\d6.0.3_6.0.6_a4.0.3_L13.flyer",13,0,0,0,300,3,146,61,1746,1746,6,"(Coord { x: 7, y: 1, z: 2 }, ""push limit exceeded"")",0,13,false
"b24d2/_s6\d6.0.3_6.0.6_a7.1.3_L13.flyer",13,0,0,0,300,3,146,67,1432,1433,12,"(Coord { x: 7, y: 1, z: 4 }, ""push limit exceeded"")",0,13,false
"b24d2/_s6\d6.0.3_6.1.3_a5.1.6_L13.flyer",13,0,0,0,300,3,145,68,1432,1433,12,"(Coord { x: 8, y: 0, z: 5 }, ""push limit exceeded"")",0,13,false
"b24d2/_s6\d6.0.3_6.1.3_a8.0.4_L13.flyer",13,0,0,0,300,3,145,68,1432,1433,12,"(Coord { x: 9, y: 0, z: 4 }, ""push limit exceeded"")",0,13,false
"b24d2/_s6\d6.0.3_6.1.4_a6.0.7_L13.flyer",13,0,0,0,300,3,145,68,1432,1433,12,"(Coord { x: 8, y: 0, z: 3 }, ""push limit exceeded"")",0,13,false
"b24d2/_s6\d6.0.3_7.0.3_a10.0.3_L13.flyer",13,0,0,0,300,3,145,67,1432,1433,12,"(Coord { x: 7, y: 1, z: 4 }, ""push limit exceeded"")",0,13,false
"b24d2/_s6\d6.0.3_7.0.3_a7.0.4_L13.flyer",13,0,0,0,300,5,145,76,1138,1138,12,"(Coord { x: 7, y: 1, z: 4 }, ""push limit exceeded"")",0,13,false
"b24d2/_s6\d6.0.3_8.0.3_a5.0.2_L13.flyer",13,0,0,0,300,3,145,67,1432,1433,12,"(Coord { x: 7, y: 1, z: 4 }, ""push limit exceeded"")",0,13,false
"b24d2/_s6\d6.0.3_8.0.3_a7.1.3_L13.flyer",13,0,0,0,300,3,145,67,1433,1434,8,"(Coord { x: 7, y: 0, z: 4 }, ""push limit exceeded"")",0,13,false
"b24d2/_s6\d6.0.3_9.0.3_a6.1.5_L13.flyer",13,0,0,0,300,3,145,67,1432,1433,12,"(Coord { x: 7, y: 1, z: 4 }, ""push limit exceeded"")",0,13,false
"b24d2/_s6\d6.0.4_6.0.5_a4.0.6_L13.flyer",13,0,0,0,300,3,147,61,2044,2044,4,"(Coord { x: 7, y: 0, z: 3 }, ""push limit exceeded"")",0,13,false
"b24d2/_s6\d6.0.4_6.0.5_a7.0.4_L13.flyer",13,0,0,0,300,3,147,61,2044,2044,4,"(Coord { x: 7, y: 0, z: 3 }, ""push limit exceeded"")",0,13,false
"b24d2/_s6\d6.0.4_6.0.6_a5.0.7_L13.flyer",13,0,0,0,300,3,147,61,2044,2044,4,"(Coord { x: 7, y: 0, z: 3 }, ""push limit exceeded"")",0,13,false
"b24d2/_s6\d6.0.4_6.0.6_a8.0.4_L13.flyer",13,0,0,0,300,3,147,61,2044,2044,4,"(Coord { x: 7, y: 0, z: 3 }, ""push limit exceeded"")",0,13,false
"b24d2/_s6\d6.0.4_6.1.3_a6.0.2_L13.flyer",13,0,0,0,300,4,146,72,1418,1418,14,"(Coord { x: 3, y: 5, z: 5 }, ""push limit exceeded"")",0,13,false
"b24d2/_s6\d6.0.4_6.1.3_a9.0.4_L13.flyer",13,0,0,0,300,4,146,72,1418,1418,14,"(Coord { x: 3, y: 5, z: 5 }, ""push limit exceeded"")",0,13,false
"b24d2/_s6\d6.0.4_6.1.4_a6.1.6_L13.flyer",13,0,0,0,300,4,146,72,1418,1418,14,"(Coord { x: 3, y: 5, z: 5 }, ""push limit exceeded"")",0,13,false
"b24d2/_s6\d6.0.4_7.0.3_a4.0.6_L13.flyer",13,0,0,0,300,3,146,61,2044,2044,4,"(Coord { x: 4, y: 3, z: 4 }, ""push limit exceeded"")",0,13,false
"b24d2/_s6\d6.0.4_7.0.3_a7.0.6_L13.flyer",13,0,0,0,300,3,146,61,2044,2044,4,"(Coord { x: 4, y: 3, z: 4 }, ""push limit exceeded"")",0,13,false
"b24d2/_s6\d6.0.4_8.0.3_a5.1.3_L13.flyer",13,0,0,0,300,3,146,61,2044,2044,4,"(Coord { x: 6, y: 1, z: 2 }, ""push limit exceeded"")",0,13,false
"b24d2/_s6\d6.0.4_8.0.3_a7.1.4_L13.flyer",13,0,0,0,300,3,146,61,2044,2044,4,"(Coord { x: 6, y: 0, z: 3 }, ""push limit exceeded"")",0,13,false
"b24d2/_s6\d6.0.4_9.0.3_a6.1.5_L13.flyer",13,0,0,0,300,3,146,69,1432,1433,12,"(Coord { x: 7, y: 1, z: 4 }, ""push limit exceeded"")",0,13,false
"b24d2/_s6\d6.0.5_6.0.6_a4.0.6_L13.flyer",13,0,0,0,300,3,147,69,1432,1433,12,"(Coord { x: 8, y: 0, z: 3 }, ""push limit exceeded"")",0,13,false
"b24d2/_s6\d6.0.5_6.0.6_a7.1.4_L13.flyer",13,0,0,0,300,3,148,70,1432,1433,12,"(Coord { x: 8, y: 2, z: 4 }, ""immovable obstruction"")",0,13,false
"b24d2/_s6\d6.0.5_6.1.3_a6.-1.3_L13.flyer",13,0,0,0,300,3,147,69,1432,1433,12,"(Coord { x: 9, y: 1, z: 3 }, ""push limit exceeded"")",0,13,false
"b24d2/_s6\d6.0.5_6.1.3_a8.1.3_L13.flyer",13,0,0,0,300,3,147,69,1434,1435,4,"(Coord { x: 4, y: 3, z: 4 }, ""push limit exceeded"")",0,13,false
"b24d2/_s6\d6.0.5_6.1.4_a6.0.7_L13.flyer",13,0,0,0,300,5,147,82,845,845,14,"(Coord { x: 3, y: 5, z: 5 }, ""push limit exceeded"")",0,13,false
"b24d2/_s6\d6.0.5_7.0.3_a4.0.6_L13.flyer",13,0,0,0,300,4,146,77,1138,1138,12,"(Coord { x: 8, y: 2, z: 4 }, ""immovable obstruction"")",0,13,false
"b24d2/_s6\d6.0.5_7.0.3_a7.0.6_L13.flyer",13,0,0,0,300,5,146,77,1138,1138,12,"(Coord { x: 8, y: 2, z: 4 }, ""immovable obstruction"")",0,13,false
"b24d2/_s6\d6.0.5_8.0.3_a5.1.3_L13.flyer",13,0,0,0,300,5,146,77,1138,1138,12,"(Coord { x: 8, y: 2, z: 4 }, ""immovable obstruction"")",0,13,false
"b24d2/_s6\d6.0.5_8.0.3_a9.-1.3_L13.flyer",13,0,0,0,300,5,146,77,1138,1138,12,"(Coord { x: 8, y: 3, z: 4 }, ""immovable obstruction"")",0,13,false
"b24d2/_s6\d6.0.5_9.0.3_a6.1.6_L13.flyer",13,0,0,0,300,3,147,66,1152,1152,10,"(Coord { x: 5, y: 1, z: 5 }, ""push limit exceeded"")",0,13,false
"b24d2/_s6\d6.0.6_6.1.3_a5.-1.6_L13.flyer",13,0,0,0,300,3,147,70,1432,1433,12,"(Coord { x: 8, y: 3, z: 4 }, ""immovable obstruction"")",0,13,false
"b24d2/_s6\d6.0.6_6.1.3_a8.-1.3_L13.flyer",13,0,0,0,300,3,147,70,1432,1433,12,"(Coord { x: 8, y: 3, z: 4 }, ""immovable obstruction"")",0,13,false
"b24d2/_s6\d6.0.6_6.1.4_a6.-1.4_L13.flyer",13,0,0,0,300,5,147,89,3,3,12,"(Coord { x: 7, y: 2, z: 4 }, ""push limit exceeded"")",0,13,false
"b24d2/_s6\d6.0.6_7.0.3_a10.0.3_L13.flyer",13,0,0,0,300,5,147,79,1132,1132,14,"(Coord { x: 9, y: 0, z: 3 }, ""push limit exceeded"")",0,13,false
"b24d2/_s6\d6.0.6_7.0.3_a7.0.5_L13.flyer",13,0,0,0,300,5,146,89,563,564,10,"(Coord { x: 11, y: 3, z: 2 }, ""immovable obstruction"")",0,13,false
"b24d2/_s6\d6.0.6_8.0.3_a5.1.3_L13.flyer",13,0,0,0,300,5,146,89,563,564,10,"(Coord { x: 11, y: 3, z: 2 }, ""immovable obstruction"")",0,13,false
"b24d2/_s6\d6.0.6_9.0.3_a4.0.3_L13.flyer",13,0,0,0,300,4,147,79,1131,1131,14,"(Coord { x: 9, y: 0, z: 3 }, ""push limit exceeded"")",0,13,false
"b24d2/_s6\d6.0.6_9.0.3_a7.0.4_L13.flyer",13,0,0,0,300,5,147,79,1131,1131,14,"(Coord { x: 9, y: 0, z: 5 }, ""push limit exceeded"")",0,13,false
"b24d2/_s6\d6.1.3_6.1.4_a5.1.6_L13.flyer",13,0,0,0,300,5,146,83,843,843,12,"(Coord { x: 7, y: 2, z: 4 }, ""push limit exceeded"")",0,13,false
"b24d2/_s6\d6.1.3_6.1.4_a8.0.2_L13.flyer",13,0,0,0,300,3,145,68,2016,2017,8,"(Coord { x: 10, y: 2, z: 2 }, ""push limit exceeded"")",0,13,false
"b24d2/_s6\d6.1.3_7.0.3_a6.-1.5_L13.flyer",13,0,0,0,300,3,146,71,1432,1433,12,"(Coord { x: 7, y: 1, z: 5 }, ""push limit exceeded"")",0,13,false
"b24d2/_s6\d6.1.3_8.0.3_a10.0.3_L13.flyer",13,0,0,0,300,3,146,70,1432,1433,12,"(Coord { x: 7, y: 0, z: 5 }, ""push limit exceeded"")",0,13,false
"b24d2/_s6\d6.1.3_8.0.3_a6.1.6_L13.flyer",13,0,0,0,300,3,146,71,1432,1433,12,"(Coord { x: 7, y: 0, z: 5 }, ""push limit exceeded"")",0,13,false
"b24d2/_s6\d6.1.3_9.0.3_a5.1.3_L13.flyer",13,0,0,0,300,3,146,70,1432,1433,12,"(Coord { x: 7, y: 0, z: 5 }, ""push limit exceeded"")",0,13,false
"b24d2/_s6\d6.1.3_9.0.3_a7.1.4_L13.flyer",13,0,0,0,300,4,145,73,1702,1702,14,"(Coord { x: 9, y: 2, z: 3 }, ""immovable obstruction"")",0,13,false
"b24d2/_s6\d6.1.4_7.0.3_a6.-1.5_L13.flyer",13,0,0,0,300,6,145,104,547,548,10,"(Coord { x: 11, y: 4, z: 2 }, ""immovable obstruction"")",0,13,false
"b24d2/_s6\d6.1.4_7.0.3_a9.0.4_L13.flyer",13,0,0,0,300,6,145,104,547,548,10,"(Coord { x: 11, y: 3, z: 2 }, ""immovable obstruction"")",0,13,false
"b24d2/_s6\d6.1.4_8.0.3_a6.1.5_L13.flyer",13,0,0,0,300,6,145,91,559,560,10,"(Coord { x: 11, y: 3, z: 2 }, ""immovable obstruction"")",0,13,false
"b24d2/_s6\d6.1.4_9.0.3_a5.0.7_L13.flyer",13,0,0,0,300,5,145,90,2,2,20,"(Coord { x: 9, y: 1, z: 4 }, ""push limit exceeded"")",0,13,false
"b24d2/_s6\d6.1.4_9.0.3_a7.0.6_L13.flyer",13,0,0,0,300,3,145,67,2016,2017,8,"(Coord { x: 10, y: 1, z: 3 }, ""push limit exceeded"")",0,13,false
"b24d2/_s6\d7.0.3_8.0.3_a6.-1.4_L13.flyer",13,0,0,0,300,3,145,67,2016,2017,8,"(Coord { x: 7, y: 1, z: 6 }, ""push limit exceeded"")",0,13,false
"b24d2/_s6\d7.0.3_9.0.3_a4.0.6_L13.flyer",13,0,0,0,300,4,146,82,1121,1121,12,"(Coord { x: 8, y: 2, z: 4 }, ""immovable obstruction"")",0,13,false
"b24d2/_s6\d7.0.3_9.0.3_a7.0.4_L13.flyer",13,0,0,0,300,3,145,67,2016,2017,8,"(Coord { x: 7, y: 0, z: 6 }, ""push limit exceeded"")",0,13,false
"b24d2/_s6\d8.0.3_9.0.3_a5.1.6_L13.flyer",13,0,0,0,300,5,146,82,1121,1121,12,"(Coord { x: 8, y: 2, z: 4 }, ""immovable obstruction"")",0,13,false
"b24d2/_s6\d8.0.3_9.0.3_a7.1.4_L13.flyer",13,0,0,0,300,3,145,67,2016,2017,8,"(Coord { x: 7, y: 0, z: 6 }, ""push limit exceeded"")",0,13,false
"b24d2/_s7\d5.0.3_5.0.6_a6.0.7_L13.flyer",13,0,0,0,300,3,145,59,2044,2044,4,"(Coord { x: 6, y: 0, z: 5 }, ""push limit exceeded"")",0,13,false
"b24d2/_s7\d5.0.3_5.0.6_a9.0.4_L13.flyer",13,0,0,0,300,3,145,59,2044,2044,4,"(Coord { x: 6, y: 0, z: 5 }, ""push limit exceeded"")",0,13,false
"b24d2/_s7\d5.0.3_6.0.3_a7.0.4_L13.flyer",13,0,0,0,300,3,145,68,1432,1433,12,"(Coord { x: 7, y: 1, z: 4 }, ""push limit exceeded"")",0,13,false
"b24d2/_s7\d5.0.3_6.0.4_a5.1.6_L13.flyer",13,0,0,0,300,3,145,60,2044,2044,4,"(Coord { x: 6, y: 1, z: 2 }, ""push limit exceeded"")",0,13,false
"b24d2/_s7\d5.0.3_6.0.4_a8.-1.3_L13.flyer",13,0,0,0,300,3,145,60,2044,2044,4,"(Coord { x: 6, y: 2, z: 2 }, ""push limit exceeded"")",0,13,false
"b24d2/_s7\d5.0.3_6.0.5_a6.0.7_L13.flyer",13,0,0,0,300,3,146,60,2044,2044,4,"(Coord { x: 6, y: 1, z: 2 }, ""push limit exceeded"")",0,13,false
"b24d2/_s7\d5.0.3_6.0.6_a10.0.3_L13.flyer",13,0,0,0,300,3,146,62,1746,1746,6,"(Coord { x: 7, y: 1, z: 2 }, ""push limit exceeded"")",0,13,false
"b24d2/_s7\d5.0.3_6.0.6_a7.1.3_L13.flyer",13,0,0,0,300,3,146,67,1432,1433,12,"(Coord { x: 7, y: 1, z: 4 }, ""push limit exceeded"")",0,13,false
"b24d2/_s7\d5.0.3_6.1.3_a6.-1.6_L13.flyer",13,0,0,0,300,3,145,68,1432,1433,12,"(Coord { x: 8, y: 1, z: 5 }, ""push limit exceeded"")",0,13,false
"b24d2/_s7\d5.0.3_6.1.3_a9.-1.3_L13.flyer",13,0,0,0,300,3,145,68,1432,1433,12,"(Coord { x: 8, y: 1, z: 5 }, ""push limit exceeded"")",0,13,false
"b24d2/_s7\d5.0.3_6.1.4_a6.2.3_L13.flyer",13,0,0,0,300,3,145,62,1749,1749,0,"(Coord { x: 7, y: 2, z: 3 }, ""immovable obstruction"")",0,13,false
"b24d2/_s7\d5.0.3_7.0.3_a5.0.7_L13.flyer",13,0,0,0,300,5,145,76,1138,1138,12,"(Coord { x: 7, y: 1, z: 4 }, ""push limit exceeded"")",0,13,false
"b24d2/_s7\d5.0.3_7.0.3_a7.1.4_L13.flyer",13,0,0,0,300,3,145,61,2040,2040,6,"(Coord { x: 9, y: 0, z: 3 }, ""push limit exceeded"")",0,13,false
"b24d2/_s7\d5.0.3_8.0.3_a6.-1.6_L13.flyer",13,0,0,0,300,3,145,68,1432,1434,10,"(Coord { x: 8, y: 0, z: 6 }, ""push limit exceeded"")",0,13,false
"b24d2/_s7\d5.0.3_9.0.3_a5.-1.6_L13.flyer",13,0,0,0,300,3,145,67,1432,1433,12,"(Coord { x: 7, y: 2, z: 4 }, ""push limit exceeded"")",0,13,false
"b24d2/_s7\d5.0.3_9.0.3_a7.0.5_L13.flyer",13,0,0,0,300,3,145,67,1432,1433,12,"(Coord { x: 7, y: 1, z: 4 }, ""push limit exceeded"")",0,13,false
"b24d2/_s7\d5.0.6_6.0.3_a6.0.7_L13.flyer",13,0,0,0,300,3,146,61,1746,1746,6,"(Coord { x: 7, y: 2, z: 3 }, ""push limit exceeded"")",0,13,false
"b24d2/_s7\d5.0.6_6.0.3_a9.0.4_L13.flyer",13,0,0,0,300,3,146,61,1746,1746,6,"(Coord { x: 6, y: 3, z: 3 }, ""push limit exceeded"")",0,13,false
"b24d2/_s7\d5.0.6_6.0.4_a7.0.4_L13.flyer",13,0,0,0,300,3,146,60,2044,2044,4,"(Coord { x: 6, y: 1, z: 2 }, ""push limit exceeded"")",0,13,false
"b24d2/_s7\d5.0.6_6.0.5_a6.-1.3_L13.flyer",13,0,0,0,300,3,146,69,1145,1146,6,"(Coord { x: 7, y: 2, z: 2 }, ""push limit exceeded"")",0,13,false
"b24d2/_s7\d5.0.6_6.0.5_a8.0.4_L13.flyer",13,0,0,0,300,3,146,69,1145,1146,6,"(Coord { x: 7, y: 1, z: 2 }, ""push limit exceeded"")",0,13,false
"b24d2/_s7\d5.0.6_6.0.6_a7.0.2_L13.flyer",13,0,0,0,300,3,146,69,1145,1146,6,"(Coord { x: 6, y: 3, z: 3 }, ""push limit exceeded"")",0,13,false
"b24d2/_s7\d5.0.6_6.1.3_a6.-1.3_L13.flyer",13,0,0,0,300,3,146,69,1145,1146,6,"(Coord { x: 6, y: 4, z: 3 }, ""push limit exceeded"")",0,13,false
"b24d2/_s7\d5.0.6_6.1.3_a8.0.2_L13.flyer",13,0,0,0,300,3,146,69,1145,1146,6,"(Coord { x: 6, y: 3, z: 3 }, ""push limit exceeded"")",0,13,false
"b24d2/_s7\d5.0.6_6.1.4_a6.1.5_L13.flyer",13,0,0,0,300,3,146,69,1145,1146,6,"(Coord { x: 6, y: 3, z: 3 }, ""push limit exceeded"")",0,13,false
"b24d2/_s7\d5.0.6_7.0.3_a4.0.3_L13.flyer",13,0,0,0,300,4,145,77,853,853,6,"(Coord { x: 7, y: 2, z: 3 }, ""push limit exceeded"")",0,13,false
"b24d2/_s7\d5.0.6_7.0.3_a7.1.3_L13.flyer",13,0,0,0,300,3,146,68,1146,1147,6,"(Coord { x: 7, y: 2, z: 3 }, ""push limit exceeded"")",0,13,false
"b24d2/_s7\d5.0.6_8.0.3_a6.-1.6_L13.flyer",13,0,0,0,300,3,146,69,1145,1147,6,"(Coord { x: 7, y: 1, z: 3 }, ""push limit exceeded"")",0,13,false
"b24d2/_s7\d5.0.6_9.0.3_a5.-1.3_L13.flyer",13,0,0,0,300,3,146,68,1145,1146,6,"(Coord { x: 7, y: 3, z: 3 }, ""push limit exceeded"")",0,13,false
"b24d2/_s7\d5.0.6_9.0.3_a7.0.6_L13.flyer",13,0,0,0,300,3,146,68,1145,1146,6,"(Coord { x: 7, y: 0, z: 3 }, ""push limit exceeded"")",0,13,false
"b24d2/_s7\d6.0.3_6.0.4_a6.-1.5_L13.flyer",13,0,0,0,300,3,146,63,1746,1746,6,"(Coord { x: 5, y: 5, z: 3 }, ""push limit exceeded"")",0,13,false
"b24d2/_s7\d6.0.3_6.0.4_a8.1.3_L13.flyer",13,0,0,0,300,3,146,63,1746,1746,6,"(Coord { x: 8, y: 0, z: 3 }, ""push limit exceeded"")",0,13,false
"b24d2/_s7\d6.0.3_6.0.5_a6.1.6_L13.flyer",13,0,0,0,300,3,147,62,1746,1746,6,"(Coord { x: 8, y: 0, z: 3 }, ""push limit exceeded"")",0,13,false
"b24d2/_s7\d6.0.3_6.0.6_a4.0.6_L13.flyer",13,0,0,0,300,3,146,61,1746,1746,6,"(Coord { x: 7, y: 1, z: 2 }, ""push limit exceeded"")",0,13,false
"b24d2/_s7\d6.0.3_6.0.6_a7.1.4_L13.flyer",13,0,0,0,300,3,146,61,1746,1746,6,"(Coord { x: 7, y: 0, z: 3 }, ""push limit exceeded"")",0,13,false
"b24d2/_s7\d6.0.3_6.1.3_a6.-1.4_L13.flyer",13,0,0,0,300,3,145,68,1432,1433,12,"(Coord { x: 8, y: 0, z: 4 }, ""push limit exceeded"")",0,13,false
"b24d2/_s7\d6.0.3_6.1.3_a8.1.3_L13.flyer",13,0,0,0,300,3,145,67,1433,1434,8,"(Coord { x: 7, y: 0, z: 5 }, ""immovable obstruction"")",0,13,false
"b24d2/_s7\d6.0.3_6.1.4_a6.1.5_L13.flyer",13,0,0,0,300,3,145,68,1432,1433,12,"(Coord { x: 8, y: 0, z: 5 }, ""push limit exceeded"")",0,13,false
"b24d2/_s7\d6.0.3_7.0.3_a4.0.3_L13.flyer",13,0,0,0,300,3,145,67,1432,1433,12,"(Coord { x: 7, y: 1, z: 4 }, ""push limit exceeded"")",0,13,false
"b24d2/_s7\d6.0.3_7.0.3_a7.0.5_L13.flyer",13,0,0,0,300,3,145,67,1432,1433,12,"(Coord { x: 7, y: 1, z: 4 }, ""push limit exceeded"")",0,13,false
"b24d2/_s7\d6.0.3_8.0.3_a5.0.7_L13.flyer",13,0,0,0,300,3,145,67,1432,1433,12,"(Coord { x: 7, y: 1, z: 4 }, ""push limit exceeded"")",0,13,false
"b24d2/_s7\d6.0.3_8.0.3_a7.1.4_L13.flyer",13,0,0,0,300,3,146,68,1432,1433,12,"(Coord { x: 7, y: 1, z: 4 }, ""push limit exceeded"")",0,13,false
"b24d2/_s7\d6.0.3_9.0.3_a6.1.6_L13.flyer",13,0,0,0,300,3,145,67,1432,1433,12,"(Coord { x: 7, y: 1, z: 4 }, ""push limit exceeded"")",0,13,false
"b24d2/_s7\d6.0.4_6.0.5_a5.-1.3_L13.flyer",13,0,0,0,300,3,147,61,2044,2044,4,"(Coord { x: 7, y: 1, z: 3 }, ""push limit exceeded"")",0,13,false
"b24d2/_s7\d6.0.4_6.0.5_a7.0.6_L13.flyer",13,0,0,0,300,3,147,61,2044,2044,4,"(Coord { x: 7, y: 0, z: 3 }, ""push limit exceeded"")",0,13,false
"b24d2/_s7\d6.0.4_6.0.6_a5.1.3_L13.flyer",13,0,0,0,300,3,147,61,2044,2044,4,"(Coord { x: 4, y: 3, z: 4 }, ""push limit exceeded"")",0,13,false
"b24d2/_s7\d6.0.4_6.0.6_a8.1.3_L13.flyer",13,0,0,0,300,3,147,61,2044,2044,4,"(Coord { x: 7, y: 0, z: 3 }, ""push limit exceeded"")",0,13,false
"b24d2/_s7\d6.0.4_6.1.3_a6.0.7_L13.flyer",13,0,0,0,300,4,146,72,1418,1418,14,"(Coord { x: 3, y: 5, z: 5 }, ""push limit exceeded"")",0,13,false
"b24d2/_s7\d6.0.4_6.1.4_a10.0.3_L13.flyer",13,0,0,0,300,4,146,72,1418,1418,14,"(Coord { x: 3, y: 5, z: 5 }, ""push limit exceeded"")",0,13,false
"b24d2/_s7\d6.0.4_6.1.4_a6.2.3_L13.flyer",13,0,0,0,300,3,146,61,2044,2044,4,"(Coord { x: 6, y: 0, z: 3 }, ""push limit exceeded"")",0,13,false
"b24d2/_s7\d6.0.4_7.0.3_a5.-1.3_L13.flyer",13,0,0,0,300,3,146,61,2044,2044,4,"(Coord { x: 4, y: 4, z: 4 }, ""push limit exceeded"")",0,13,false
"b24d2/_s7\d6.0.4_7.0.3_a7.1.3_L13.flyer",13,0,0,0,300,3,146,61,2044,2044,4,"(Coord { x: 6, y: 1, z: 2 }, ""push limit exceeded"")",0,13,false
"b24d2/_s7\d6.0.4_8.0.3_a5.1.6_L13.flyer",13,0,0,0,300,3,146,61,2044,2044,4,"(Coord { x: 4, y: 3, z: 4 }, ""push limit exceeded"")",0,13,false
"b24d2/_s7\d6.0.4_8.0.3_a9.-1.3_L13.flyer",13,0,0,0,300,3,146,61,2044,2044,4,"(Coord { x: 4, y: 4, z: 4 }, ""push limit exceeded"")",0,13,false
"b24d2/_s7\d6.0.4_9.0.3_a6.1.6_L13.flyer",13,0,0,0,300,3,146,61,2044,2044,4,"(Coord { x: 4, y: 3, z: 4 }, ""push limit exceeded"")",0,13,false
"b24d2/_s7\d6.0.5_6.0.6_a5.-1.3_L13.flyer",13,0,0,0,300,3,147,69,1432,1433,12,"(Coord { x: 8, y: 1, z: 3 }, ""push limit exceeded"")",0,13,false
"b24d2/_s7\d6.0.5_6.0.6_a8.-1.3_L13.flyer",13,0,0,0,300,3,147,69,1432,1433,12,"(Coord { x: 8, y: 1, z: 3 }, ""push limit exceeded"")",0,13,false
"b24d2/_s7\d6.0.5_6.1.3_a6.-1.4_L13.flyer",13,0,0,0,300,3,147,69,1432,1433,12,"(Coord { x: 6, y: 4, z: 3 }, ""push limit exceeded"")",0,13,false
"b24d2/_s7\d6.0.5_6.1.3_a9.-1.3_L13.flyer",13,0,0,0,300,3,147,69,1432,1433,12,"(Coord { x: 9, y: 1, z: 3 }, ""push limit exceeded"")",0,13,false
"b24d2/_s7\d6.0.5_6.1.4_a6.1.6_L13.flyer",13,0,0,0,300,3,147,67,1152,1152,10,"(Coord { x: 5, y: 1, z: 5 }, ""push limit exceeded"")",0,13,false
"b24d2/_s7\d6.0.5_7.0.3_a5.-1.3_L13.flyer",13,0,0,0,300,5,146,77,1138,1138,12,"(Coord { x: 8, y: 3, z: 4 }, ""immovable obstruction"")",0,13,false
"b24d2/_s7\d6.0.5_7.0.3_a7.1.3_L13.flyer",13,0,0,0,300,3,147,68,1433,1434,8,"(Coord { x: 7, y: 3, z: 3 }, ""push limit exceeded"")",0,13,false
"b24d2/_s7\d6.0.5_8.0.3_a5.1.6_L13.flyer",13,0,0,0,300,4,146,71,1732,1732,8,"(Coord { x: 4, y: 2, z: 4 }, ""push limit exceeded"")",0,13,false
"b24d2/_s7\d6.0.5_8.0.3_a9.0.4_L13.flyer",13,0,0,0,300,5,146,77,1138,1138,12,"(Coord { x: 8, y: 2, z: 4 }, ""immovable obstruction"")",0,13,false
"b24d2/_s7\d6.0.5_9.0.3_a6.2.3_L13.flyer",13,0,0,0,300,3,147,63,1748,1748,0,"(Coord { x: 7, y: 2, z: 3 }, ""immovable obstruction"")",0,13,false
"b24d2/_s7\d6.0.6_6.1.3_a5.0.2_L13.flyer",13,0,0,0,300,3,147,70,1432,1433,12,"(Coord { x: 8, y: 2, z: 4 }, ""immovable obstruction"")",0,13,false
"b24d2/_s7\d6.0.6_6.1.3_a8.0.2_L13.flyer",13,0,0,0,300,3,146,68,1724,1725,8,"(Coord { x: 9, y: 2, z: 2 }, ""push limit exceeded"")",0,13,false
"b24d2/_s7\d6.0.6_6.1.4_a6.-1.5_L13.flyer",13,0,0,0,300,5,147,89,3,3,12,"(Coord { x: 7, y: 2, z: 4 }, ""push limit exceeded"")",0,13,false
"b24d2/_s7\d6.0.6_7.0.3_a4.0.3_L13.flyer",13,0,0,0,300,4,146,89,563,564,10,"(Coord { x: 11, y: 3, z: 2 }, ""immovable obstruction"")",0,13,false
"b24d2/_s7\d6.0.6_7.0.3_a7.1.3_L13.flyer",13,0,0,0,300,3,147,70,2015,2016,6,"(Coord { x: 9, y: 1, z: 3 }, ""immovable obstruction"")",0,13,false
"b24d2/_s7\d6.0.6_8.0.3_a5.1.6_L13.flyer",13,0,0,0,300,4,147,73,2300,2301,8,"(Coord { x: 4, y: 3, z: 8 }, ""push limit exceeded"")",0,13,false
"b24d2/_s7\d6.0.6_9.0.3_a4.0.6_L13.flyer",13,0,0,0,300,4,147,79,1131,1131,14,"(Coord { x: 9, y: 0, z: 3 }, ""push limit exceeded"")",0,13,false
"b24d2/_s7\d6.0.6_9.0.3_a7.0.5_L13.flyer",13,0,0,0,300,5,147,79,1131,1131,14,"(Coord { x: 9, y: 0, z: 3 }, ""push limit exceeded"")",0,13,false
"b24d2/_s7\d6.1.3_6.1.4_a6.-1.3_L13.flyer",13,0,0,0,300,5,146,83,843,843,12,"(Coord { x: 7, y: 1, z: 5 }, ""push limit exceeded"")",0,13,false
"b24d2/_s7\d6.1.3_6.1.4_a8.0.4_L13.flyer",13,0,0,0,300,5,146,83,843,843,12,"(Coord { x: 7, y: 0, z: 5 }, ""push limit exceeded"")",0,13,false
"b24d2/_s7\d6.1.3_7.0.3_a6.-1.6_L13.flyer",13,0,0,0,300,3,146,71,1432,1433,12,"(Coord { x: 7, y: 1, z: 5 }, ""push limit exceeded"")",0,13,false
"b24d2/_s7\d6.1.3_8.0.3_a4.0.3_L13.flyer",13,0,0,0,300,3,146,71,1432,1433,12,"(Coord { x: 7, y: 0, z: 5 }, ""push limit exceeded"")",0,13,false
"b24d2/_s7\d6.1.3_8.0.3_a7.-1.3_L13.flyer",13,0,0,0,300,3,146,71,1432,1433,12,"(Coord { x: 7, y: 1, z: 5 }, ""push limit exceeded"")",0,13,false
"b24d2/_s7\d6.1.3_9.0.3_a5.1.6_L13.flyer",13,0,0,0,300,3,146,70,1432,1433,12,"(Coord { x: 7, y: 2, z: 4 }, ""push limit exceeded"")",0,13,false
"b24d2/_s7\d6.1.3_9.0.3_a8.-1.3_L13.flyer",13,0,0,0,300,3,146,70,1432,1433,12,"(Coord { x: 7, y: 1, z: 5 }, ""push limit exceeded"")",0,13,false
"b24d2/_s7\d6.1.4_7.0.3_a6.-1.6_L13.flyer",13,0,0,0,300,6,145,104,547,548,10,"(Coord { x: 11, y: 4, z: 2 }, ""immovable obstruction"")",0,13,false
"b24d2/_s7\d6.1.4_8.0.3_a10.0.3_L13.flyer",13,0,0,0,300,3,145,67,2016,2017,8,"(Coord { x: 11, y: 1, z: 3 }, ""push limit exceeded"")",0,13,false
"b24d2/_s7\d6.1.4_8.0.3_a6.1.6_L13.flyer",13,0,0,0,300,6,145,91,559,560,10,"(Coord { x: 11, y: 3, z: 2 }, ""immovable obstruction"")",0,13,false
"b24d2/_s7\d6.1.4_9.0.3_a5.1.3_L13.flyer",13,0,0,0,300,3,145,67,2016,2017,8,"(Coord { x: 10, y: 1, z: 3 }, ""push limit exceeded"")",0,13,false
"b24d2/_s7\d6.1.4_9.0.3_a7.1.3_L13.flyer",13,0,0,0,300,3,145,67,2016,2017,8,"(Coord { x: 10, y: 1, z: 3 }, ""push limit exceeded"")",0,13,false
"b24d2/_s7\d7.0.3_8.0.3_a6.-1.5_L13.flyer",13,0,0,0,300,3,145,67,2016,2017,8,"(Coord { x: 7, y: 1, z: 6 }, ""push limit exceeded"")",0,13,false
"b24d2/_s7\d7.0.3_9.0.3_a5.-1.3_L13.flyer",13,0,0,0,300,5,146,82,1121,1121,12,"(Coord { x: 8, y: 3, z: 4 }, ""immovable obstruction"")",0,13,false
"b24d2/_s7\d7.0.3_9.0.3_a7.0.5_L13.flyer",13,0,0,0,300,3,145,67,2016,2017,8,"(Coord { x: 7, y: 0, z: 6 }, ""push limit exceeded"")",0,13,false
"b24d2/_s7\d8.0.3_9.0.3_a6.-1.3_L13.flyer",13,0,0,0,300,3,145,67,2016,2017,8,"(Coord { x: 7, y: 1, z: 6 }, ""push limit exceeded"")",0,13,false
"b24d2/_s8\d5.0.3_5.0.6_a6.1.5_L13.flyer",13,0,0,0,300,3,145,59,2044,2044,4,"(Coord { x: 4, y: 3, z: 3 }, ""push limit exceeded"")",0,13,false
"b24d2/_s8\d5.0.3_6.0.3_a10.0.3_L13.flyer",13,0,0,0,300,3,145,61,2040,2040,6,"(Coord { x: 10, y: 1, z: 3 }, ""push limit exceeded"")",0,13,false
"b24d2/_s8\d5.0.3_6.0.3_a7.0.5_L13.flyer",13,0,0,0,300,3,145,68,1432,1434,10,"(Coord { x: 7, y: 0, z: 6 }, ""push limit exceeded"")",0,13,false
"b24d2/_s8\d5.0.3_6.0.4_a6.-1.3_L13.flyer",13,0,0,0,300,3,145,60,2044,2044,4,"(Coord { x: 6, y: 2, z: 2 }, ""push limit exceeded"")",0,13,false
"b24d2/_s8\d5.0.3_6.0.4_a8.0.2_L13.flyer",13,0,0,0,300,3,145,60,2044,2044,4,"(Coord { x: 6, y: 1, z: 2 }, ""push limit exceeded"")",0,13,false
"b24d2/_s8\d5.0.3_6.0.5_a6.1.5_L13.flyer",13,0,0,0,300,3,146,60,2044,2044,4,"(Coord { x: 6, y: 0, z: 3 }, ""push limit exceeded"")",0,13,false
"b24d2/_s8\d5.0.3_6.0.6_a4.0.6_L13.flyer",13,0,0,0,300,3,146,62,1746,1746,6,"(Coord { x: 7, y: 1, z: 2 }, ""push limit exceeded"")",0,13,false
"b24d2/_s8\d5.0.3_6.0.6_a7.1.4_L13.flyer",13,0,0,0,300,3,146,62,1746,1746,6,"(Coord { x: 7, y: 0, z: 3 }, ""push limit exceeded"")",0,13,false
"b24d2/_s8\d5.0.3_6.1.3_a6.0.2_L13.flyer",13,0,0,0,300,3,145,68,1432,1433,12,"(Coord { x: 7, y: 1, z: 4 }, ""push limit exceeded"")",0,13,false
"b24d2/_s8\d5.0.3_6.1.3_a9.0.4_L13.flyer",13,0,0,0,300,3,145,68,1432,1433,12,"(Coord { x: 8, y: 0, z: 5 }, ""push limit exceeded"")",0,13,false
"b24d2/_s8\d5.0.3_6.1.4_a7.-1.3_L13.flyer",13,0,0,0,300,3,145,68,1432,1433,12,"(Coord { x: 7, y: 2, z: 4 }, ""push limit exceeded"")",0,13,false
"b24d2/_s8\d5.0.3_7.0.3_a5.1.3_L13.flyer",13,0,0,0,300,3,145,68,1432,1434,10,"(Coord { x: 7, y: 0, z: 6 }, ""push limit exceeded"")",0,13,false
"b24d2/_s8\d5.0.3_7.0.3_a8.-1.3_L13.flyer",13,0,0,0,300,3,145,68,1432,1434,10,"(Coord { x: 7, y: 1, z: 6 }, ""push limit exceeded"")",0,13,false
"b24d2/_s8\d5.0.3_8.0.3_a6.0.2_L13.flyer",13,0,0,0,300,3,145,68,1432,1434,10,"(Coord { x: 7, y: 0, z: 6 }, ""push limit exceeded"")",0,13,false
"b24d2/_s8\d5.0.3_9.0.3_a5.0.7_L13.flyer",13,0,0,0,300,3,145,67,1432,1433,12,"(Coord { x: 7, y: 1, z: 4 }, ""push limit exceeded"")",0,13,false
"b24d2/_s8\d5.0.3_9.0.3_a7.0.6_L13.flyer",13,0,0,0,300,3,145,67,1432,1433,12,"(Coord { x: 7, y: 1, z: 4 }, ""push limit exceeded"")",0,13,false
"b24d2/_s8\d5.0.6_6.0.3_a6.1.5_L13.flyer",13,0,0,0,300,3,146,61,1746,1746,6,"(Coord { x: 7, y: 2, z: 3 }, ""push limit exceeded"")",0,13,false
"b24d2/_s8\d5.0.6_6.0.4_a10.0.3_L13.flyer",13,0,0,0,300,3,146,60,2044,2044,4,"(Coord { x: 6, y: 1, z: 2 }, ""push limit exceeded"")",0,13,false
"b24d2/_s8\d5.0.6_6.0.4_a7.0.5_L13.flyer",13,0,0,0,300,3,146,60,2044,2044,4,"(Coord { x: 6, y: 1, z: 2 }, ""push limit exceeded"")",0,13,false
"b24d2/_s8\d5.0.6_6.0.5_a6.-1.4_L13.flyer",13,0,0,0,300,3,146,69,1145,1146,6,"(Coord { x: 7, y: 1, z: 3 }, ""push limit exceeded"")",0,13,false
"b24d2/_s8\d5.0.6_6.0.5_a8.1.3_L13.flyer",13,0,0,0,300,3,146,69,1435,1436,4,"(Coord { x: 6, y: 1, z: 3 }, ""push limit exceeded"")",0,13,false
"b24d2/_s8\d5.0.6_6.0.6_a7.0.4_L13.flyer",13,0,0,0,300,3,146,69,1145,1146,6,"(Coord { x: 7, y: 2, z: 3 }, ""push limit exceeded"")",0,13,false
"b24d2/_s8\d5.0.6_6.1.3_a6.-1.4_L13.flyer",13,0,0,0,300,3,146,69,1145,1146,6,"(Coord { x: 7, y: 3, z: 3 }, ""push limit exceeded"")",0,13,false
"b24d2/_s8\d5.0.6_6.1.3_a8.0.4_L13.flyer",13,0,0,0,300,3,146,69,1145,1146,6,"(Coord { x: 6, y: 3, z: 3 }, ""push limit exceeded"")",0,13,false
"b24d2/_s8\d5.0.6_6.1.4_a6.1.6_L13.flyer",13,0,0,0,300,3,146,69,1145,1146,6,"(Coord { x: 6, y: 3, z: 3 }, ""push limit exceeded"")",0,13,false
"b24d2/_s8\d5.0.6_7.0.3_a5.-1.3_L13.flyer",13,0,0,0,300,5,145,77,853,853,6,"(Coord { x: 7, y: 3, z: 3 }, ""push limit exceeded"")",0,13,false
"b24d2/_s8\d5.0.6_7.0.3_a7.1.4_L13.flyer",13,0,0,0,300,3,145,61,2040,2040,6,"(Coord { x: 7, y: 0, z: 3 }, ""push limit exceeded"")",0,13,false
"b24d2/_s8\d5.0.6_8.0.3_a6.0.2_L13.flyer",13,0,0,0,300,3,146,69,1145,1147,6,"(Coord { x: 7, y: 2, z: 3 }, ""push limit exceeded"")",0,13,false
"b24d2/_s8\d5.0.6_9.0.3_a5.0.2_L13.flyer",13,0,0,0,300,3,146,68,1145,1146,6,"(Coord { x: 7, y: 2, z: 3 }, ""push limit exceeded"")",0,13,false
"b24d2/_s8\d5.0.6_9.0.3_a7.1.3_L13.flyer",13,0,0,0,300,3,146,68,1145,1146,6,"(Coord { x: 7, y: 2, z: 3 }, ""push limit exceeded"")",0,13,false
"b24d2/_s8\d6.0.3_6.0.4_a6.-1.6_L13.flyer",13,0,0,0,300,3,146,63,1746,1746,6,"(Coord { x: 5, y: 5, z: 3 }, ""push limit exceeded"")",0,13,false
"b24d2/_s8\d6.0.3_6.0.4_a9.-1.3_L13.flyer",13,0,0,0,300,3,146,63,1746,1746,6,"(Coord { x: 5, y: 5, z: 3 }, ""push limit exceeded"")",0,13,false
"b24d2/_s8\d6.0.3_6.0.5_a6.2.3_L13.flyer",13,0,0,0,300,3,147,62,1748,1748,0,"(Coord { x: 7, y: 2, z: 3 }, ""immovable obstruction"")",0,13,false
"b24d2/_s8\d6.0.3_6.0.6_a5.-1.3_L13.flyer",13,0,0,0,300,3,146,61,1746,1746,6,"(Coord { x: 7, y: 2, z: 2 }, ""push limit exceeded"")",0,13,false
"b24d2/_s8\d6.0.3_6.0.6_a8.-1.3_L13.flyer",13,0,0,0,300,3,146,61,1746,1746,6,"(Coord { x: 7, y: 2, z: 2 }, ""push limit exceeded"")",0,13,false
"b24d2/_s8\d6.0.3_6.1.3_a6.-1.5_L13.flyer",13,0,0,0,300,3,145,68,1432,1433,12,"(Coord { x: 8, y: 1, z: 5 }, ""push limit exceeded"")",0,13,false
"b24d2/_s8\d6.0.3_6.1.3_a9.-1.3_L13.flyer",13,0,0,0,300,3,145,68,1432,1433,12,"(Coord { x: 8, y: 1, z: 5 }, ""push limit exceeded"")",0,13,false
"b24d2/_s8\d6.0.3_6.1.4_a6.1.6_L13.flyer",13,0,0,0,300,3,145,68,1432,1433,12,"(Coord { x: 8, y: 0, z: 3 }, ""push limit exceeded"")",0,13,false
"b24d2/_s8\d6.0.3_7.0.3_a4.0.6_L13.flyer",13,0,0,0,300,3,145,67,1432,1433,12,"(Coord { x: 7, y: 1, z: 4 }, ""push limit exceeded"")",0,13,false
"b24d2/_s8\d6.0.3_7.0.3_a7.0.6_L13.flyer",13,0,0,0,300,3,145,67,1432,1433,12,"(Coord { x: 7, y: 1, z: 4 }, ""push limit exceeded"")",0,13,false
"b24d2/_s8\d6.0.3_8.0.3_a5.1.3_L13.flyer",13,0,0,0,300,3,145,67,2016,2017,8,"(Coord { x: 7, y: 0, z: 6 }, ""push limit exceeded"")",0,13,false
"b24d2/_s8\d6.0.3_8.0.3_a9.-1.3_L13.flyer",13,0,0,0,300,3,145,67,1432,1433,12,"(Coord { x: 7, y: 2, z: 4 }, ""push limit exceeded"")",0,13,false
"b24d2/_s8\d6.0.3_9.0.3_a6.2.3_L13.flyer",13,0,0,0,300,3,145,61,1750,1750,0,"(Coord { x: 7, y: 2, z: 3 }, ""immovable obstruction"")",0,13,false
"b24d2/_s8\d6.0.4_6.0.5_a5.-1.6_L13.flyer",13,0,0,0,300,3,147,61,2044,2044,4,"(Coord { x: 7, y: 1, z: 3 }, ""push limit exceeded"")",0,13,false
"b24d2/_s8\d6.0.4_6.0.5_a7.1.3_L13.flyer",13,0,0,0,300,3,147,61,2044,2044,4,"(Coord { x: 4, y: 3, z: 4 }, ""push limit exceeded"")",0,13,false
"b24d2/_s8\d6.0.4_6.0.6_a5.1.6_L13.flyer",13,0,0,0,300,3,147,61,2044,2044,4,"(Coord { x: 7, y: 0, z: 3 }, ""push limit exceeded"")",0,13,false
"b24d2/_s8\d6.0.4_6.0.6_a9.-1.3_L13.flyer",13,0,0,0,300,3,147,61,2044,2044,4,"(Coord { x: 7, y: 1, z: 3 }, ""push limit exceeded"")",0,13,false
"b24d2/_s8\d6.0.4_6.1.3_a6.1.5_L13.flyer",13,0,0,0,300,3,146,68,1432,1433,12,"(Coord { x: 7, y: 0, z: 6 }, ""push limit exceeded"")",0,13,false
"b24d2/_s8\d6.0.4_6.1.4_a4.0.3_L13.flyer",13,0,0,0,300,4,146,72,1418,1418,14,"(Coord { x: 3, y: 5, z: 5 }, ""push limit exceeded"")",0,13,false
"b24d2/_s8\d6.0.4_6.1.4_a7.-1.3_L13.flyer",13,0,0,0,300,4,146,72,1418,1418,14,"(Coord { x: 3, y: 6, z: 5 }, ""push limit exceeded"")",0,13,false
"b24d2/_s8\d6.0.4_7.0.3_a5.-1.6_L13.flyer",13,0,0,0,300,3,146,61,2044,2044,4,"(Coord { x: 4, y: 4, z: 4 }, ""push limit exceeded"")",0,13,false
"b24d2/_s8\d6.0.4_7.0.3_a7.1.4_L13.flyer",13,0,0,0,300,3,146,61,2044,2044,4,"(Coord { x: 6, y: 0, z: 3 }, ""push limit exceeded"")",0,13,false
"b24d2/_s8\d6.0.4_8.0.3_a6.-1.3_L13.flyer",13,0,0,0,300,3,146,61,2044,2044,4,"(Coord { x: 4, y: 4, z: 4 }, ""push limit exceeded"")",0,13,false
"b24d2/_s8\d6.0.4_8.0.3_a9.0.4_L13.flyer",13,0,0,0,300,3,146,61,2044,2044,4,"(Coord { x: 4, y: 3, z: 4 }, ""push limit exceeded"")",0,13,false
"b24d2/_s8\d6.0.4_9.0.3_a6.2.3_L13.flyer",13,0,0,0,300,3,146,61,2044,2044,4,"(Coord { x: 6, y: 0, z: 3 }, ""push limit exceeded"")",0,13,false
"b24d2/_s8\d6.0.5_6.0.6_a5.-1.6_L13.flyer",13,0,0,0,300,3,147,69,1432,1433,12,"(Coord { x: 8, y: 1, z: 3 }, ""push limit exceeded"")",0,13,false
"b24d2/_s8\d6.0.5_6.0.6_a8.0.2_L13.flyer",13,0,0,0,300,3,147,69,1432,1433,12,"(Coord { x: 8, y: 0, z: 3 }, ""push limit exceeded"")",0,13,false
"b24d2/_s8\d6.0.5_6.1.3_a6.-1.6_L13.flyer",13,0,0,0,300,3,147,69,1432,1433,12,"(Coord { x: 9, y: 1, z: 3 }, ""push limit exceeded"")",0,13,false
"b24d2/_s8\d6.0.5_6.1.3_a9.0.4_L13.flyer",13,0,0,0,300,3,147,69,1432,1433,12,"(Coord { x: 9, y: 0, z: 3 }, ""push limit exceeded"")",0,13,false
"b24d2/_s8\d6.0.5_6.1.4_a6.2.3_L13.flyer",13,0,0,0,300,3,147,64,1748,1748,0,"(Coord { x: 7, y: 2, z: 3 }, ""immovable obstruction"")",0,13,false
"b24d2/_s8\d6.0.5_7.0.3_a5.-1.6_L13.flyer",13,0,0,0,300,5,146,77,1138,1138,12,"(Coord { x: 8, y: 3, z: 4 }, ""immovable obstruction"")",0,13,false
"b24d2/_s8\d6.0.5_7.0.3_a7.1.4_L13.flyer",13,0,0,0,300,5,146,76,1707,1708,12,"(Coord { x: 8, y: 2, z: 4 }, ""immovable obstruction"")",0,13,false
"b24d2/_s8\d6.0.5_8.0.3_a6.-1.3_L13.flyer",13,0,0,0,300,5,146,77,1138,1138,12,"(Coord { x: 8, y: 3, z: 4 }, ""immovable obstruction"")",0,13,false
"b24d2/_s8\d6.0.5_9.0.3_a4.0.3_L13.flyer",13,0,0,0,300,3,147,68,1432,1433,12,"(Coord { x: 8, y: 0, z: 3 }, ""push limit exceeded"")",0,13,false
"b24d2/_s8\d6.0.5_9.0.3_a7.-1.3_L13.flyer",13,0,0,0,300,3,147,68,1432,1433,12,"(Coord { x: 8, y: 1, z: 3 }, ""push limit exceeded"")",0,13,false
"b24d2/_s8\d6.0.6_6.1.3_a5.0.7_L13.flyer",13,0,0,0,300,3,147,70,1432,1433,12,"(Coord { x: 8, y: 2, z: 4 }, ""immovable obstruction"")",0,13,false
"b24d2/_s8\d6.0.6_6.1.3_a8.0.4_L13.flyer",13,0,0,0,300,3,147,70,1432,1433,12,"(Coord { x: 8, y: 2, z: 4 }, ""immovable obstruction"")",0,13,false
"b24d2/_s8\d6.0.6_6.1.4_a6.0.2_L13.flyer",13,0,0,0,300,5,147,89,3,3,12,"(Coord { x: 7, y: 1, z: 4 }, ""push limit exceeded"")",0,13,false
"b24d2/_s8\d6.0.6_7.0.3_a4.0.6_L13.flyer",13,0,0,0,300,4,146,89,563,564,10,"(Coord { x: 11, y: 3, z: 2 }, ""immovable obstruction"")",0,13,false
"b24d2/_s8\d6.0.6_7.0.3_a7.1.4_L13.flyer",13,0,0,0,300,5,146,89,563,564,10,"(Coord { x: 11, y: 3, z: 2 }, ""immovable obstruction"")",0,13,false
"b24d2/_s8\d6.0.6_8.0.3_a6.-1.3_L13.flyer",13,0,0,0,300,5,146,89,563,564,10,"(Coord { x: 11, y: 4, z: 2 }, ""immovable obstruction"")",0,13,false
"b24d2/_s8\d6.0.6_9.0.3_a5.-1.3_L13.flyer",13,0,0,0,300,5,147,79,1131,1131,14,"(Coord { x: 9, y: 1, z: 3 }, ""push limit exceeded"")",0,13,false
"b24d2/_s8\d6.0.6_9.0.3_a7.1.3_L13.flyer",13,0,0,0,300,3,147,69,2012,2013,10,"(Coord { x: 11, y: 0, z: 3 }, ""push limit exceeded"")",0,13,false
"b24d2/_s8\d6.1.3_6.1.4_a6.-1.4_L13.flyer",13,0,0,0,300,5,146,83,843,843,12,"(Coord { x: 7, y: 1, z: 5 }, ""push limit exceeded"")",0,13,false
"b24d2/_s8\d6.1.3_6.1.4_a8.1.3_L13.flyer",13,0,0,0,300,3,145,67,2017,2018,4,"(Coord { x: 7, y: 0, z: 3 }, ""push limit exceeded"")",0,13,false
"b24d2/_s8\d6.1.3_7.0.3_a6.0.2_L13.flyer",13,0,0,0,300,6,146,88,845,845,12,"(Coord { x: 8, y: 2, z: 4 }, ""immovable obstruction"")",0,13,false
"b24d2/_s8\d6.1.3_8.0.3_a4.0.6_L13.flyer",13,0,0,0,300,3,146,71,1432,1433,12,"(Coord { x: 7, y: 0, z: 5 }, ""push limit exceeded"")",0,13,false
"b24d2/_s8\d6.1.3_8.0.3_a7.0.2_L13.flyer",13,0,0,0,300,3,146,70,1722,1723,10,"(Coord { x: 9, y: 2, z: 2 }, ""push limit exceeded"")",0,13,false
"b24d2/_s8\d6.1.3_9.0.3_a6.-1.3_L13.flyer",13,0,0,0,300,3,146,70,1432,1433,12,"(Coord { x: 7, y: 1, z: 5 }, ""push limit exceeded"")",0,13,false
"b24d2/_s8\d6.1.3_9.0.3_a8.0.2_L13.flyer",13,0,0,0,300,3,145,67,2016,2017,8,"(Coord { x: 10, y: 1, z: 2 }, ""push limit exceeded"")",0,13,false
"b24d2/_s8\d6.1.4_7.0.3_a6.0.2_L13.flyer",13,0,0,0,300,6,145,104,547,548,10,"(Coord { x: 11, y: 3, z: 2 }, ""immovable obstruction"")",0,13,false
"b24d2/_s8\d6.1.4_8.0.3_a4.0.3_L13.flyer",13,0,0,0,300,4,145,104,547,548,10,"(Coord { x: 11, y: 3, z: 2 }, ""immovable obstruction"")",0,13,false
"b24d2/_s8\d6.1.4_8.0.3_a6.2.3_L13.flyer",13,0,0,0,300,3,146,69,1436,1437,0,"(Coord { x: 7, y: 2, z: 3 }, ""immovable obstruction"")",0,13,false
"b24d2/_s8\d6.1.4_9.0.3_a5.1.6_L13.flyer",13,0,0,0,300,6,145,90,2,2,20,"(Coord { x: 10, y: 2, z: 4 }, ""push limit exceeded"")",0,13,false
"b24d2/_s8\d6.1.4_9.0.3_a8.-1.3_L13.flyer",13,0,0,0,300,3,145,67,2016,2017,8,"(Coord { x: 10, y: 0, z: 3 }, ""push limit exceeded"")",0,13,false
"b24d2/_s8\d7.0.3_8.0.3_a6.-1.6_L13.flyer",13,0,0,0,300,3,145,67,2016,2017,8,"(Coord { x: 8, y: 0, z: 6 }, ""push limit exceeded"")",0,13,false
"b24d2/_s8\d7.0.3_9.0.3_a5.-1.6_L13.flyer",13,0,0,0,300,5,146,82,1121,1121,12,"(Coord { x: 8, y: 3, z: 4 }, ""immovable obstruction"")",0,13,false
"b24d2/_s8\d7.0.3_9.0.3_a7.0.6_L13.flyer",13,0,0,0,300,3,145,67,2016,2017,8,"(Coord { x: 7, y: 0, z: 6 }, ""push limit exceeded"")",0,13,false
"b24d2/_s8\d8.0.3_9.0.3_a6.-1.4_L13.flyer",13,0,0,0,300,3,145,67,2016,2017,8,"(Coord { x: 7, y: 1, z: 6 }, ""push limit exceeded"")",0,13,false
"b24d2/_s9\d5.0.3_5.0.6_a6.1.6_L13.flyer",13,0,0,0,300,3,145,59,2044,2044,4,"(Coord { x: 6, y: 0, z: 5 }, ""push limit exceeded"")",0,13,false
"b24d2/_s9\d5.0.3_6.0.3_a4.0.6_L13.flyer",13,0,0,0,300,4,145,76,1138,1138,12,"(Coord { x: 7, y: 1, z: 4 }, ""push limit exceeded"")",0,13,false
"b24d2/_s9\d5.0.3_6.0.3_a7.0.6_L13.flyer",13,0,0,0,300,3,145,68,1432,1434,10,"(Coord { x: 7, y: 0, z: 6 }, ""push limit exceeded"")",0,13,false
"b24d2/_s9\d5.0.3_6.0.4_a6.-1.5_L13.flyer",13,0,0,0,300,3,145,60,2044,2044,4,"(Coord { x: 6, y: 2, z: 2 }, ""push limit exceeded"")",0,13,false
"b24d2/_s9\d5.0.3_6.0.4_a8.0.4_L13.flyer",13,0,0,0,300,3,145,60,2044,2044,4,"(Coord { x: 6, y: 1, z: 2 }, ""push limit exceeded"")",0,13,false
"b24d2/_s9\d5.0.3_6.0.5_a6.1.6_L13.flyer",13,0,0,0,300,3,146,60,2044,2044,4,"(Coord { x: 6, y: 1, z: 2 }, ""push limit exceeded"")",0,13,false
"b24d2/_s9\d5.0.3_6.0.6_a5.-1.6_L13.flyer",13,0,0,0,300,3,146,62,1746,1746,6,"(Coord { x: 7, y: 2, z: 2 }, ""push limit exceeded"")",0,13,false
"b24d2/_s9\d5.0.3_6.0.6_a8.-1.3_L13.flyer",13,0,0,0,300,3,146,62,1746,1746,6,"(Coord { x: 7, y: 2, z: 2 }, ""push limit exceeded"")",0,13,false
"b24d2/_s9\d5.0.3_6.1.3_a6.0.7_L13.flyer",13,0,0,0,300,3,145,68,1432,1433,12,"(Coord { x: 8, y: 0, z: 5 }, ""push limit exceeded"")",0,13,false
"b24d2/_s9\d5.0.3_6.1.4_a10.0.3_L13.flyer",13,0,0,0,300,3,145,68,1432,1433,12,"(Coord { x: 7, y: 1, z: 4 }, ""push limit exceeded"")",0,13,false
"b24d2/_s9\d5.0.3_6.1.4_a7.0.2_L13.flyer",13,0,0,0,300,3,145,68,1432,1433,12,"(Coord { x: 7, y: 1, z: 4 }, ""push limit exceeded"")",0,13,false
"b24d2/_s9\d5.0.3_7.0.3_a5.1.6_L13.flyer",13,0,0,0,300,5,145,76,1138,1138,12,"(Coord { x: 7, y: 2, z: 4 }, ""push limit exceeded"")",0,13,false
"b24d2/_s9\d5.0.3_7.0.3_a8.0.2_L13.flyer",13,0,0,0,300,3,145,68,1432,1434,10,"(Coord { x: 7, y: 0, z: 6 }, ""push limit exceeded"")",0,13,false
"b24d2/_s9\d5.0.3_8.0.3_a6.0.7_L13.flyer",13,0,0,0,300,3,145,68,1432,1434,10,"(Coord { x: 8, y: 0, z: 7 }, ""push limit exceeded"")",0,13,false
"b24d2/_s9\d5.0.3_9.0.3_a5.1.3_L13.flyer",13,0,0,0,300,3,145,67,1432,1433,12,"(Coord { x: 7, y: 1, z: 4 }, ""push limit exceeded"")",0,13,false
"b24d2/_s9\d5.0.3_9.0.3_a7.1.3_L13.flyer",13,0,0,0,300,3,145,67,1432,1433,12,"(Coord { x: 7, y: 1, z: 4 }, ""push limit exceeded"")",0,13,false
"b24d2/_s9\d5.0.6_6.0.3_a6.1.6_L13.flyer",13,0,0,0,300,3,146,61,1746,1746,6,"(Coord { x: 7, y: 2, z: 3 }, ""push limit exceeded"")",0,13,false
"b24d2/_s9\d5.0.6_6.0.4_a4.0.3_L13.flyer",13,0,0,0,300,3,146,60,2044,2044,4,"(Coord { x: 6, y: 1, z: 2 }, ""push limit exceeded"")",0,13,false
"b24d2/_s9\d5.0.6_6.0.4_a7.0.6_L13.flyer",13,0,0,0,300,3,146,60,2044,2044,4,"(Coord { x: 6, y: 1, z: 2 }, ""push limit exceeded"")",0,13,false
"b24d2/_s9\d5.0.6_6.0.5_a6.-1.6_L13.flyer",13,0,0,0,300,3,146,69,1145,1146,6,"(Coord { x: 7, y: 2, z: 2 }, ""push limit exceeded"")",0,13,false
"b24d2/_s9\d5.0.6_6.0.5_a9.-1.3_L13.flyer",13,0,0,0,300,3,146,69,1145,1146,6,"(Coord { x: 7, y: 2, z: 2 }, ""push limit exceeded"")",0,13,false
"b24d2/_s9\d5.0.6_6.0.6_a7.0.5_L13.flyer",13,0,0,0,300,3,146,69,1145,1146,6,"(Coord { x: 7, y: 2, z: 3 }, ""push limit exceeded"")",0,13,false
"b24d2/_s9\d5.0.6_6.1.3_a6.-1.5_L13.flyer",13,0,0,0,300,3,146,69,1145,1146,6,"(Coord { x: 7, y: 3, z: 3 }, ""push limit exceeded"")",0,13,false
"b24d2/_s9\d5.0.6_6.1.3_a8.1.3_L13.flyer",13,0,0,0,300,3,146,69,1435,1436,4,"(Coord { x: 6, y: 0, z: 5 }, ""push limit exceeded"")",0,13,false
"b24d2/_s9\d5.0.6_6.1.4_a6.2.3_L13.flyer",13,0,0,0,300,3,146,63,1749,1749,0,"(Coord { x: 7, y: 2, z: 3 }, ""immovable obstruction"")",0,13,false
"b24d2/_s9\d5.0.6_7.0.3_a5.0.2_L13.flyer",13,0,0,0,300,5,145,77,853,853,6,"(Coord { x: 7, y: 2, z: 3 }, ""push limit exceeded"")",0,13,false
"b24d2/_s9\d5.0.6_7.0.3_a8.-1.3_L13.flyer",13,0,0,0,300,3,146,69,1145,1147,6,"(Coord { x: 7, y: 3, z: 3 }, ""push limit exceeded"")",0,13,false
"b24d2/_s9\d5.0.6_8.0.3_a6.0.7_L13.flyer",13,0,0,0,300,3,146,69,1145,1147,6,"(Coord { x: 7, y: 0, z: 3 }, ""push limit exceeded"")",0,13,false
"b24d2/_s9\d5.0.6_9.0.3_a5.1.3_L13.flyer",13,0,0,0,300,3,146,68,1145,1146,6,"(Coord { x: 7, y: 2, z: 3 }, ""push limit exceeded"")",0,13,false
"b24d2/_s9\d5.0.6_9.0.3_a7.1.4_L13.flyer",13,0,0,0,300,3,145,61,2040,2040,6,"(Coord { x: 7, y: 0, z: 3 }, ""push limit exceeded"")",0,13,false
"b24d2/_s9\d6.0.3_6.0.4_a6.0.7_L13.flyer",13,0,0,0,300,3,146,63,1746,1746,6,"(Coord { x: 5, y: 4, z: 3 }, ""push limit exceeded"")",0,13,false
"b24d2/_s9\d6.0.3_6.0.4_a9.0.4_L13.flyer",13,0,0,0,300,3,146,63,1746,1746,6,"(Coord { x: 5, y: 4, z: 3 }, ""push limit exceeded"")",0,13,false
"b24d2/_s9\d6.0.3_6.0.5_a7.-1.3_L13.flyer",13,0,0,0,300,3,147,62,1746,1746,6,"(Coord { x: 8, y: 1, z: 3 }, ""push limit exceeded"")",0,13,false
"b24d2/_s9\d6.0.3_6.0.6_a5.-1.6_L13.flyer",13,0,0,0,300,3,146,61,1746,1746,6,"(Coord { x: 7, y: 2, z: 2 }, ""push limit exceeded"")",0,13,false
"b24d2/_s9\d6.0.3_6.0.6_a8.0.2_L13.flyer",13,0,0,0,300,3,146,61,1746,1746,6,"(Coord { x: 7, y: 1, z: 2 }, ""push limit exceeded"")",0,13,false
"b24d2/_s9\d6.0.3_6.1.3_a6.-1.6_L13.flyer",13,0,0,0,300,3,145,68,1432,1433,12,"(Coord { x: 8, y: 1, z: 5 }, ""push limit exceeded"")",0,13,false
"b24d2/_s9\d6.0.3_6.1.3_a9.0.4_L13.flyer",13,0,0,0,300,3,145,68,1432,1433,12,"(Coord { x: 9, y: 0, z: 4 }, ""push limit exceeded"")",0,13,false
"b24d2/_s9\d6.0.3_6.1.4_a6.2.3_L13.flyer",13,0,0,0,300,3,145,60,2044,2044,4,"(Coord { x: 6, y: 1, z: 2 }, ""push limit exceeded"")",0,13,false
"b24d2/_s9\d6.0.3_7.0.3_a5.-1.3_L13.flyer",13,0,0,0,300,3,145,67,1432,1433,12,"(Coord { x: 7, y: 2, z: 4 }, ""push limit exceeded"")",0,13,false
"b24d2/_s9\d6.0.3_7.0.3_a7.1.3_L13.flyer",13,0,0,0,300,3,145,67,1433,1434,8,"(Coord { x: 7, y: 0, z: 4 }, ""push limit exceeded"")",0,13,false
"b24d2/_s9\d6.0.3_8.0.3_a5.1.6_L13.flyer",13,0,0,0,300,3,145,67,1432,1433,12,"(Coord { x: 6, y: 2, z: 4 }, ""push limit exceeded"")",0,13,false
"b24d2/_s9\d6.0.3_8.0.3_a9.0.4_L13.flyer",13,0,0,0,300,3,145,67,1432,1433,12,"(Coord { x: 7, y: 1, z: 4 }, ""push limit exceeded"")",0,13,false
"b24d2/_s9\d6.0.3_9.0.3_a7.-1.3_L13.flyer",13,0,0,0,300,3,145,67,1432,1433,12,"(Coord { x: 7, y: 2, z: 4 }, ""push limit exceeded"")",0,13,false
"b24d2/_s9\d6.0.4_6.0.5_a5.0.2_L13.flyer",13,0,0,0,300,3,147,61,2044,2044,4,"(Coord { x: 7, y: 0, z: 3 }, ""push limit exceeded"")",0,13,false
"b24d2/_s9\d6.0.4_6.0.5_a7.1.4_L13.flyer",13,0,0,0,300,3,147,61,2044,2044,4,"(Coord { x: 6, y: 1, z: 2 }, ""push limit exceeded"")",0,13,false
"b24d2/_s9\d6.0.4_6.0.6_a6.-1.3_L13.flyer",13,0,0,0,300,3,147,61,2044,2044,4,"(Coord { x: 7, y: 1, z: 3 }, ""push limit exceeded"")",0,13,false
"b24d2/_s9\d6.0.4_6.0.6_a9.0.4_L13.flyer",13,0,0,0,300,3,147,61,2044,2044,4,"(Coord { x: 7, y: 0, z: 3 }, ""push limit exceeded"")",0,13,false
"b24d2/_s9\d6.0.4_6.1.3_a6.1.6_L13.flyer",13,0,0,0,300,4,146,72,1418,1418,14,"(Coord { x: 3, y: 5, z: 5 }, ""push limit exceeded"")",0,13,false
"b24d2/_s9\d6.0.4_6.1.4_a4.0.6_L13.flyer",13,0,0,0,300,4,146,72,1418,1418,14,"(Coord { x: 3, y: 5, z: 5 }, ""push limit exceeded"")",0,13,false
"b24d2/_s9\d6.0.4_6.1.4_a7.0.2_L13.flyer",13,0,0,0,300,4,146,72,1418,1418,14,"(Coord { x: 3, y: 5, z: 5 }, ""push limit exceeded"")",0,13,false
"b24d2/_s9\d6.0.4_7.0.3_a5.0.2_L13.flyer",13,0,0,0,300,3,146,61,2044,2044,4,"(Coord { x: 4, y: 3, z: 4 }, ""push limit exceeded"")",0,13,false
"b24d2/_s9\d6.0.4_7.0.3_a8.-1.3_L13.flyer",13,0,0,0,300,3,146,61,2044,2044,4,"(Coord { x: 4, y: 4, z: 4 }, ""push limit exceeded"")",0,13,false
"b24d2/_s9\d6.0.4_8.0.3_a6.-1.5_L13.flyer",13,0,0,0,300,3,146,61,2044,2044,4,"(Coord { x: 4, y: 4, z: 4 }, ""push limit exceeded"")",0,13,false
"b24d2/_s9\d6.0.4_9.0.3_a4.0.3_L13.flyer",13,0,0,0,300,3,146,61,2044,2044,4,"(Coord { x: 4, y: 3, z: 4 }, ""push limit exceeded"")",0,13,false
"b24d2/_s9\d6.0.4_9.0.3_a7.-1.3_L13.flyer",13,0,0,0,300,3,146,61,2044,2044,4,"(Coord { x: 4, y: 4, z: 4 }, ""push limit exceeded"")",0,13,false
"b24d2/_s9\d6.0.5_6.0.6_a5.0.2_L13.flyer",13,0,0,0,300,3,147,69,1432,1433,12,"(Coord { x: 8, y: 0, z: 3 }, ""push limit exceeded"")",0,13,false
"b24d2/_s9\d6.0.5_6.0.6_a8.0.4_L13.flyer",13,0,0,0,300,3,147,69,1432,1433,12,"(Coord { x: 8, y: 0, z: 3 }, ""push limit exceeded"")",0,13,false
"b24d2/_s9\d6.0.5_6.1.3_a6.0.2_L13.flyer",13,0,0,0,300,3,147,69,1432,1433,12,"(Coord { x: 6, y: 4, z: 3 }, ""push limit exceeded"")",0,13,false
"b24d2/_s9\d6.0.5_6.1.4_a10.0.3_L13.flyer",13,0,0,0,300,5,147,82,845,845,14,"(Coord { x: 3, y: 5, z: 5 }, ""push limit exceeded"")",0,13,false
"b24d2/_s9\d6.0.5_6.1.4_a7.-1.3_L13.flyer",13,0,0,0,300,5,147,82,845,845,14,"(Coord { x: 3, y: 6, z: 5 }, ""push limit exceeded"")",0,13,false
"b24d2/_s9\d6.0.5_7.0.3_a5.0.2_L13.flyer",13,0,0,0,300,5,146,77,1138,1138,12,"(Coord { x: 8, y: 2, z: 4 }, ""immovable obstruction"")",0,13,false
"b24d2/_s9\d6.0.5_7.0.3_a8.-1.3_L13.flyer",13,0,0,0,300,5,146,77,1138,1138,12,"(Coord { x: 8, y: 3, z: 4 }, ""immovable obstruction"")",0,13,false
"b24d2/_s9\d6.0.5_8.0.3_a6.-1.4_L13.flyer",13,0,0,0,300,5,146,77,1138,1138,12,"(Coord { x: 8, y: 3, z: 4 }, ""immovable obstruction"")",0,13,false
"b24d2/_s9\d6.0.5_9.0.3_a4.0.6_L13.flyer",13,0,0,0,300,3,147,68,1432,1433,12,"(Coord { x: 8, y: 0, z: 3 }, ""push limit exceeded"")",0,13,false
"b24d2/_s9\d6.0.5_9.0.3_a7.0.2_L13.flyer",13,0,0,0,300,3,147,68,1432,1433,12,"(Coord { x: 8, y: 0, z: 3 }, ""push limit exceeded"")",0,13,false
"b24d2/_s9\d6.0.6_6.1.3_a5.1.3_L13.flyer",13,0,0,0,300,3,147,70,1432,1433,12,"(Coord { x: 8, y: 2, z: 4 }, ""immovable obstruction"")",0,13,false
"b24d2/_s9\d6.0.6_6.1.3_a8.1.3_L13.flyer",13,0,0,0,300,3,146,67,1725,1726,4,"(Coord { x: 7, y: 0, z: 3 }, ""push limit exceeded"")",0,13,false
"b24d2/_s9\d6.0.6_6.1.4_a6.1.5_L13.flyer",13,0,0,0,300,5,147,89,3,3,12,"(Coord { x: 7, y: 1, z: 4 }, ""push limit exceeded"")",0,13,false
"b24d2/_s9\d6.0.6_7.0.3_a5.-1.3_L13.flyer",13,0,0,0,300,5,146,89,563,564,10,"(Coord { x: 11, y: 4, z: 2 }, ""immovable obstruction"")",0,13,false
"b24d2/_s9\d6.0.6_7.0.3_a8.-1.3_L13.flyer",13,0,0,0,300,5,146,89,563,564,10,"(Coord { x: 11, y: 4, z: 2 }, ""immovable obstruction"")",0,13,false
"b24d2/_s9\d6.0.6_8.0.3_a6.-1.4_L13.flyer",13,0,0,0,300,5,146,89,563,564,10,"(Coord { x: 11, y: 4, z: 2 }, ""immovable obstruction"")",0,13,false
"b24d2/_s9\d6.0.6_9.0.3_a5.-1.6_L13.flyer",13,0,0,0,300,5,147,79,1131,1131,14,"(Coord { x: 9, y: 1, z: 3 }, ""push limit exceeded"")",0,13,false
"b24d2/_s9\d6.0.6_9.0.3_a7.1.4_L13.flyer",13,0,0,0,300,5,147,79,1131,1131,14,"(Coord { x: 9, y: 0, z: 5 }, ""push limit exceeded"")",0,13,false
"b24d2/_s9\d6.1.3_6.1.4_a6.-1.5_L13.flyer",13,0,0,0,300,5,146,83,843,843,12,"(Coord { x: 7, y: 1, z: 5 }, ""push limit exceeded"")",0,13,false
"b24d2/_s9\d6.1.3_6.1.4_a9.-1.3_L13.flyer",13,0,0,0,300,5,146,83,843,843,12,"(Coord { x: 7, y: 1, z: 5 }, ""push limit exceeded"")",0,13,false
"b24d2/_s9\d6.1.3_7.0.3_a6.0.7_L13.flyer",13,0,0,0,300,3,146,71,1432,1433,12,"(Coord { x: 7, y: 0, z: 5 }, ""push limit exceeded"")",0,13,false
"b24d2/_s9\d6.1.3_8.0.3_a5.-1.3_L13.flyer",13,0,0,0,300,3,146,71,1432,1433,12,"(Coord { x: 7, y: 1, z: 5 }, ""push limit exceeded"")",0,13,false
"b24d2/_s9\d6.1.3_8.0.3_a7.0.4_L13.flyer",13,0,0,0,300,3,146,71,1432,1433,12,"(Coord { x: 7, y: 0, z: 5 }, ""push limit exceeded"")",0,13,false
"b24d2/_s9\d6.1.3_9.0.3_a6.-1.4_L13.flyer",13,0,0,0,300,3,146,70,1432,1433,12,"(Coord { x: 7, y: 1, z: 5 }, ""push limit exceeded"")",0,13,false
"b24d2/_s9\d6.1.3_9.0.3_a8.0.4_L13.flyer",13,0,0,0,300,3,146,70,1432,1433,12,"(Coord { x: 7, y: 0, z: 5 }, ""push limit exceeded"")",0,13,false
"b24d2/_s9\d6.1.4_7.0.3_a6.0.7_L13.flyer",13,0,0,0,300,6,145,104,547,548,10,"(Coord { x: 11, y: 3, z: 2 }, ""immovable obstruction"")",0,13,false
"b24d2/_s9\d6.1.4_8.0.3_a4.0.6_L13.flyer",13,0,0,0,300,4,145,104,547,548,10,"(Coord { x: 11, y: 3, z: 2 }, ""immovable obstruction"")",0,13,false
"b24d2/_s9\d6.1.4_8.0.3_a7.-1.3_L13.flyer",13,0,0,0,300,6,145,104,547,548,10,"(Coord { x: 11, y: 4, z: 2 }, ""immovable obstruction"")",0,13,false
"b24d2/_s9\d6.1.4_9.0.3_a6.-1.3_L13.flyer",13,0,0,0,300,3,145,67,2016,2017,8,"(Coord { x: 10, y: 2, z: 3 }, ""push limit exceeded"")",0,13,false
"b24d2/_s9\d6.1.4_9.0.3_a8.0.2_L13.flyer",13,0,0,0,300,3,145,67,2016,2017,8,"(Coord { x: 10, y: 0, z: 2 }, ""push limit exceeded"")",0,13,false
"b24d2/_s9\d7.0.3_8.0.3_a6.0.2_L13.flyer",13,0,0,0,300,3,145,67,2016,2017,8,"(Coord { x: 7, y: 0, z: 6 }, ""push limit exceeded"")",0,13,false
"b24d2/_s9\d7.0.3_9.0.3_a5.0.2_L13.flyer",13,0,0,0,300,5,146,82,1121,1121,12,"(Coord { x: 8, y: 2, z: 4 }, ""immovable obstruction"")",0,13,false
"b24d2/_s9\d7.0.3_9.0.3_a7.1.3_L13.flyer",13,0,0,0,300,3,145,67,2016,2017,8,"(Coord { x: 7, y: 0, z: 6 }, ""push limit exceeded"")",0,13,false
"b24d2/_s9\d8.0.3_9.0.3_a6.-1.5_L13.flyer",13,0,0,0,300,3,145,67,2016,2017,8,"(Coord { x: 7, y: 1, z: 6 }, ""push limit exceeded"")",0,13,false
"b24d2/_s10\d5.0.3_5.0.6_a6.2.3_L13.flyer",13,0,0,0,300,3,145,59,2044,2044,4,"(Coord { x: 4, y: 3, z: 3 }, ""push limit exceeded"")",0,13,false
"b24d2/_s10\d5.0.3_6.0.3_a5.-1.6_L13.flyer",13,0,0,0,300,5,145,76,1138,1138,12,"(Coord { x: 7, y: 2, z: 4 }, ""push limit exceeded"")",0,13,false
"b24d2/_s10\d5.0.3_6.0.3_a7.1.3_L13.flyer",13,0,0,0,300,3,145,67,1724,1725,8,"(Coord { x: 10, y: 0, z: 3 }, ""push limit exceeded"")",0,13,false
"b24d2/_s10\d5.0.3_6.0.4_a6.-1.6_L13.flyer",13,0,0,0,300,3,145,60,2044,2044,4,"(Coord { x: 6, y: 2, z: 2 }, ""push limit exceeded"")",0,13,false
"b24d2/_s10\d5.0.3_6.0.4_a8.1.3_L13.flyer",13,0,0,0,300,3,145,60,2044,2044,4,"(Coord { x: 6, y: 1, z: 2 }, ""push limit exceeded"")",0,13,false
"b24d2/_s10\d5.0.3_6.0.5_a6.2.3_L13.flyer",13,0,0,0,300,3,146,60,2044,2044,4,"(Coord { x: 7, y: 2, z: 3 }, ""push limit exceeded"")",0,13,false
"b24d2/_s10\d5.0.3_6.0.6_a5.0.7_L13.flyer",13,0,0,0,300,3,146,62,1746,1746,6,"(Coord { x: 7, y: 1, z: 2 }, ""push limit exceeded"")",0,13,false
"b24d2/_s10\d5.0.3_6.0.6_a8.0.2_L13.flyer",13,0,0,0,300,3,146,62,1746,1746,6,"(Coord { x: 7, y: 1, z: 2 }, ""push limit exceeded"")",0,13,false
"b24d2/_s10\d5.0.3_6.1.3_a6.1.5_L13.flyer",13,0,0,0,300,3,145,68,1432,1433,12,"(Coord { x: 6, y: 3, z: 3 }, ""push limit exceeded"")",0,13,false
"b24d2/_s10\d5.0.3_6.1.4_a4.0.6_L13.flyer",13,0,0,0,300,3,145,68,1432,1433,12,"(Coord { x: 7, y: 1, z: 4 }, ""push limit exceeded"")",0,13,false
"b24d2/_s10\d5.0.3_6.1.4_a7.0.4_L13.flyer",13,0,0,0,300,3,145,68,1432,1433,12,"(Coord { x: 7, y: 1, z: 4 }, ""push limit exceeded"")",0,13,false
"b24d2/_s10\d5.0.3_7.0.3_a6.-1.3_L13.flyer",13,0,0,0,300,3,145,68,1432,1434,10,"(Coord { x: 7, y: 1, z: 6 }, ""push limit exceeded"")",0,13,false
"b24d2/_s10\d5.0.3_7.0.3_a8.0.4_L13.flyer",13,0,0,0,300,3,145,68,1432,1434,10,"(Coord { x: 7, y: 0, z: 6 }, ""push limit exceeded"")",0,13,false
"b24d2/_s10\d5.0.3_8.0.3_a6.1.5_L13.flyer",13,0,0,0,300,3,145,68,1432,1434,10,"(Coord { x: 7, y: 0, z: 6 }, ""push limit exceeded"")",0,13,false
"b24d2/_s10\d5.0.3_9.0.3_a5.1.6_L13.flyer",13,0,0,0,300,3,145,67,1432,1433,12,"(Coord { x: 6, y: 2, z: 4 }, ""push limit exceeded"")",0,13,false
"b24d2/_s10\d5.0.3_9.0.3_a7.1.4_L13.flyer",13,0,0,0,300,3,145,61,2040,2040,6,"(Coord { x: 9, y: 0, z: 3 }, ""push limit exceeded"")",0,13,false
"b24d2/_s10\d5.0.6_6.0.3_a6.2.3_L13.flyer",13,0,0,0,300,3,146,61,1748,1748,0,"(Coord { x: 7, y: 2, z: 3 }, ""immovable obstruction"")",0,13,false
"b24d2/_s10\d5.0.6_6.0.4_a5.-1.3_L13.flyer",13,0,0,0,300,3,146,60,2044,2044,4,"(Coord { x: 6, y: 2, z: 2 }, ""push limit exceeded"")",0,13,false
"b24d2/_s10\d5.0.6_6.0.4_a7.1.3_L13.flyer",13,0,0,0,300,3,146,60,2044,2044,4,"(Coord { x: 6, y: 0, z: 3 }, ""push limit exceeded"")",0,13,false
"b24d2/_s10\d5.0.6_6.0.5_a6.0.2_L13.flyer",13,0,0,0,300,3,146,69,1145,1146,6,"(Coord { x: 7, y: 1, z: 2 }, ""push limit exceeded"")",0,13,false
"b24d2/_s10\d5.0.6_6.0.5_a9.0.4_L13.flyer",13,0,0,0,300,3,146,69,1145,1146,6,"(Coord { x: 7, y: 1, z: 2 }, ""push limit exceeded"")",0,13,false
"b24d2/_s10\d5.0.6_6.0.6_a7.1.3_L13.flyer",13,0,0,0,300,3,145,67,1724,1725,8,"(Coord { x: 10, y: 1, z: 3 }, ""push limit exceeded"")",0,13,false
"b24d2/_s10\d5.0.6_6.1.3_a6.-1.6_L13.flyer",13,0,0,0,300,3,146,69,1145,1146,6,"(Coord { x: 7, y: 3, z: 3 }, ""push limit exceeded"")",0,13,false
"b24d2/_s10\d5.0.6_6.1.3_a9.-1.3_L13.flyer",13,0,0,0,300,3,146,69,1145,1146,6,"(Coord { x: 6, y: 4, z: 3 }, ""push limit exceeded"")",0,13,false
"b24d2/_s10\d5.0.6_6.1.4_a7.-1.3_L13.flyer",13,0,0,0,300,3,146,69,1145,1146,6,"(Coord { x: 8, y: 1, z: 3 }, ""push limit exceeded"")",0,13,false
"b24d2/_s10\d5.0.6_7.0.3_a5.1.3_L13.flyer",13,0,0,0,300,3,146,69,1145,1147,6,"(Coord { x: 7, y: 2, z: 3 }, ""push limit exceeded"")",0,13,false
"b24d2/_s10\d5.0.6_7.0.3_a8.0.2_L13.flyer",13,0,0,0,300,3,146,69,1145,1147,6,"(Coord { x: 7, y: 2, z: 3 }, ""push limit exceeded"")",0,13,false
"b24d2/_s10\d5.0.6_8.0.3_a6.1.5_L13.flyer",13,0,0,0,300,3,146,69,1145,1147,6,"(Coord { x: 7, y: 0, z: 3 }, ""push limit exceeded"")",0,13,false
"b24d2/_s10\d5.0.6_9.0.3_a6.-1.3_L13.flyer",13,0,0,0,300,3,146,68,1145,1146,6,"(Coord { x: 7, y: 3, z: 3 }, ""push limit exceeded"")",0,13,false
"b24d2/_s10\d5.0.6_9.0.3_a8.-1.3_L13.flyer",13,0,0,0,300,3,146,68,1145,1146,6,"(Coord { x: 7, y: 3, z: 3 }, ""push limit exceeded"")",0,13,false
"b24d2/_s10\d6.0.3_6.0.4_a6.1.5_L13.flyer",13,0,0,0,300,5,146,77,1138,1138,12,"(Coord { x: 8, y: 2, z: 4 }, ""immovable obstruction"")",0,13,false
"b24d2/_s10\d6.0.3_6.0.5_a10.0.3_L13.flyer",13,0,0,0,300,3,147,62,1746,1746,6,"(Coord { x: 8, y: 0, z: 3 }, ""push limit exceeded"")",0,13,false
"b24d2/_s10\d6.0.3_6.0.5_a7.0.2_L13.flyer",13,0,0,0,300,3,147,62,1746,1746,6,"(Coord { x: 8, y: 0, z: 3 }, ""push limit exceeded"")",0,13,false
"b24d2/_s10\d6.0.3_6.0.6_a5.0.2_L13.flyer",13,0,0,0,300,3,146,61,1746,1746,6,"(Coord { x: 7, y: 1, z: 2 }, ""push limit exceeded"")",0,13,false
"b24d2/_s10\d6.0.3_6.0.6_a8.0.4_L13.flyer",13,0,0,0,300,3,146,61,1746,1746,6,"(Coord { x: 7, y: 0, z: 3 }, ""push limit exceeded"")",0,13,false
"b24d2/_s10\d6.0.3_6.1.3_a6.0.7_L13.flyer",13,0,0,0,300,3,145,68,1432,1433,12,"(Coord { x: 8, y: 0, z: 5 }, ""push limit exceeded"")",0,13,false
"b24d2/_s10\d6.0.3_6.1.4_a10.0.3_L13.flyer",13,0,0,0,300,3,145,67,1432,1433,12,"(Coord { x: 8, y: 0, z: 3 }, ""push limit exceeded"")",0,13,false
"b24d2/_s10\d6.0.3_6.1.4_a7.-1.3_L13.flyer",13,0,0,0,300,3,145,68,1432,1433,12,"(Coord { x: 8, y: 1, z: 3 }, ""push limit exceeded"")",0,13,false
"b24d2/_s10\d6.0.3_7.0.3_a5.-1.6_L13.flyer",13,0,0,0,300,3,145,67,1432,1433,12,"(Coord { x: 7, y: 2, z: 4 }, ""push limit exceeded"")",0,13,false
"b24d2/_s10\d6.0.3_7.0.3_a7.1.4_L13.flyer",13,0,0,0,300,3,146,68,1432,1433,12,"(Coord { x: 7, y: 1, z: 4 }, ""push limit exceeded"")",0,13,false
"b24d2/_s10\d6.0.3_8.0.3_a6.-1.4_L13.flyer",13,0,0,0,300,3,145,67,1432,1433,12,"(Coord { x: 7, y: 2, z: 4 }, ""push limit exceeded"")",0,13,false
"b24d2/_s10\d6.0.3_9.0.3_a4.0.3_L13.flyer",13,0,0,0,300,3,145,67,1432,1433,12,"(Coord { x: 7, y: 1, z: 4 }, ""push limit exceeded"")",0,13,false
"b24d2/_s10\d6.0.3_9.0.3_a7.0.2_L13.flyer",13,0,0,0,300,3,145,67,1432,1433,12,"(Coord { x: 7, y: 1, z: 4 }, ""push limit exceeded"")",0,13,false
"b24d2/_s10\d6.0.4_6.0.5_a5.0.7_L13.flyer",13,0,0,0,300,3,147,61,2044,2044,4,"(Coord { x: 7, y: 0, z: 3 }, ""push limit exceeded"")",0,13,false
"b24d2/_s10\d6.0.4_6.0.5_a8.-1.3_L13.flyer",13,0,0,0,300,3,147,61,2044,2044,4,"(Coord { x: 7, y: 1, z: 3 }, ""push limit exceeded"")",0,13,false
"b24d2/_s10\d6.0.4_6.0.6_a6.-1.5_L13.flyer",13,0,0,0,300,3,147,61,2044,2044,4,"(Coord { x: 7, y: 1, z: 3 }, ""push limit exceeded"")",0,13,false
"b24d2/_s10\d6.0.4_6.1.3_a10.0.3_L13.flyer",13,0,0,0,300,4,146,72,1418,1418,14,"(Coord { x: 3, y: 5, z: 5 }, ""push limit exceeded"")",0,13,false
"b24d2/_s10\d6.0.4_6.1.3_a7.-1.3_L13.flyer",13,0,0,0,300,4,146,72,1418,1418,14,"(Coord { x: 3, y: 6, z: 5 }, ""push limit exceeded"")",0,13,false
"b24d2/_s10\d6.0.4_6.1.4_a5.-1.3_L13.flyer",13,0,0,0,300,4,146,72,1418,1418,14,"(Coord { x: 3, y: 6, z: 5 }, ""push limit exceeded"")",0,13,false
"b24d2/_s10\d6.0.4_6.1.4_a7.0.4_L13.flyer",13,0,0,0,300,5,145,84,14,14,14,"(Coord { x: 3, y: 5, z: 5 }, ""push limit exceeded"")",0,13,false
"b24d2/_s10\d6.0.4_7.0.3_a5.0.7_L13.flyer",13,0,0,0,300,3,146,61,2044,2044,4,"(Coord { x: 4, y: 3, z: 4 }, ""push limit exceeded"")",0,13,false
"b24d2/_s10\d6.0.4_7.0.3_a8.0.2_L13.flyer",13,0,0,0,300,3,146,61,2044,2044,4,"(Coord { x: 4, y: 3, z: 4 }, ""push limit exceeded"")",0,13,false
"b24d2/_s10\d6.0.4_8.0.3_a6.-1.6_L13.flyer",13,0,0,0,300,3,146,61,2044,2044,4,"(Coord { x: 4, y: 4, z: 4 }, ""push limit exceeded"")",0,13,false
"b24d2/_s10\d6.0.4_9.0.3_a4.0.6_L13.flyer",13,0,0,0,300,3,146,61,2044,2044,4,"(Coord { x: 4, y: 3, z: 4 }, ""push limit exceeded"")",0,13,false
"b24d2/_s10\d6.0.4_9.0.3_a7.0.2_L13.flyer",13,0,0,0,300,3,146,61,2044,2044,4,"(Coord { x: 4, y: 3, z: 4 }, ""push limit exceeded"")",0,13,false
"b24d2/_s10\d6.0.5_6.0.6_a5.0.7_L13.flyer",13,0,0,0,300,3,147,69,1432,1433,12,"(Coord { x: 8, y: 0, z: 3 }, ""push limit exceeded"")",0,13,false
"b24d2/_s10\d6.0.5_6.0.6_a8.1.3_L13.flyer",13,0,0,0,300,3,147,69,1434,1435,4,"(Coord { x: 4, y: 3, z: 3 }, ""push limit exceeded"")",0,13,false
"b24d2/_s10\d6.0.5_6.1.3_a6.0.7_L13.flyer",13,0,0,0,300,3,147,69,1432,1433,12,"(Coord { x: 9, y: 0, z: 3 }, ""push limit exceeded"")",0,13,false
"b24d2/_s10\d6.0.5_6.1.4_a4.0.3_L13.flyer",13,0,0,0,300,4,147,82,845,845,14,"(Coord { x: 3, y: 5, z: 5 }, ""push limit exceeded"")",0,13,false
"b24d2/_s10\d6.0.5_6.1.4_a7.0.2_L13.flyer",13,0,0,0,300,5,147,82,845,845,14,"(Coord { x: 3, y: 5, z: 5 }, ""push limit exceeded"")",0,13,false
"b24d2/_s10\d6.0.5_7.0.3_a5.0.7_L13.flyer",13,0,0,0,300,5,146,77,1138,1138,12,"(Coord { x: 8, y: 2, z: 4 }, ""immovable obstruction"")",0,13,false
"b24d2/_s10\d6.0.5_7.0.3_a8.0.2_L13.flyer",13,0,0,0,300,3,148,70,2008,2009,12,"(Coord { x: 9, y: 4, z: 2 }, ""push limit exceeded"")",0,13,false
"b24d2/_s10\d6.0.5_8.0.3_a6.-1.6_L13.flyer",13,0,0,0,300,5,146,77,1138,1138,12,"(Coord { x: 8, y: 3, z: 4 }, ""immovable obstruction"")",0,13,false
"b24d2/_s10\d6.0.5_9.0.3_a5.-1.3_L13.flyer",13,0,0,0,300,3,147,68,1432,1433,12,"(Coord { x: 8, y: 1, z: 3 }, ""push limit exceeded"")",0,13,false
"b24d2/_s10\d6.0.5_9.0.3_a7.0.4_L13.flyer",13,0,0,0,300,3,147,68,1432,1433,12,"(Coord { x: 9, y: 0, z: 4 }, ""push limit exceeded"")",0,13,false
"b24d2/_s10\d6.0.6_6.1.3_a5.1.6_L13.flyer",13,0,0,0,300,3,147,66,1452,1452,8,"(Coord { x: 4, y: 3, z: 8 }, ""push limit exceeded"")",0,13,false
"b24d2/_s10\d6.0.6_6.1.3_a9.-1.3_L13.flyer",13,0,0,0,300,3,147,70,1432,1433,12,"(Coord { x: 8, y: 3, z: 4 }, ""immovable obstruction"")",0,13,false
"b24d2/_s10\d6.0.6_6.1.4_a6.2.3_L13.flyer",13,0,0,0,300,3,147,70,1436,1438,0,"(Coord { x: 7, y: 2, z: 3 }, ""immovable obstruction"")",0,13,false
"b24d2/_s10\d6.0.6_7.0.3_a5.-1.6_L13.flyer",13,0,0,0,300,5,146,89,563,564,10,"(Coord { x: 11, y: 4, z: 2 }, ""immovable obstruction"")",0,13,false
"b24d2/_s10\d6.0.6_7.0.3_a8.0.2_L13.flyer",13,0,0,0,300,3,147,69,2016,2017,8,"(Coord { x: 10, y: 4, z: 3 }, ""push limit exceeded"")",0,13,false
"b24d2/_s10\d6.0.6_8.0.3_a6.-1.5_L13.flyer",13,0,0,0,300,5,146,89,563,564,10,"(Coord { x: 11, y: 4, z: 2 }, ""immovable obstruction"")",0,13,false
"b24d2/_s10\d6.0.6_9.0.3_a5.0.2_L13.flyer",13,0,0,0,300,5,147,79,1131,1131,14,"(Coord { x: 9, y: 0, z: 3 }, ""push limit exceeded"")",0,13,false
"b24d2/_s10\d6.0.6_9.0.3_a8.-1.3_L13.flyer",13,0,0,0,300,5,147,79,1131,1131,14,"(Coord { x: 9, y: 1, z: 3 }, ""push limit exceeded"")",0,13,false
"b24d2/_s10\d6.1.3_6.1.4_a6.-1.6_L13.flyer",13,0,0,0,300,5,146,83,843,843,12,"(Coord { x: 7, y: 1, z: 5 }, ""push limit exceeded"")",0,13,false
"b24d2/_s10\d6.1.3_6.1.4_a9.0.4_L13.flyer",13,0,0,0,300,5,146,83,843,843,12,"(Coord { x: 7, y: 0, z: 5 }, ""push limit exceeded"")",0,13,false
"b24d2/_s10\d6.1.3_7.0.3_a6.1.5_L13.flyer",13,0,0,0,300,3,146,71,1432,1433,12,"(Coord { x: 7, y: 0, z: 5 }, ""push limit exceeded"")",0,13,false
"b24d2/_s10\d6.1.3_8.0.3_a5.-1.6_L13.flyer",13,0,0,0,300,3,146,71,1432,1433,12,"(Coord { x: 7, y: 1, z: 5 }, ""push limit exceeded"")",0,13,false
"b24d2/_s10\d6.1.3_8.0.3_a7.0.5_L13.flyer",13,0,0,0,300,3,146,71,1432,1433,12,"(Coord { x: 7, y: 0, z: 5 }, ""push limit exceeded"")",0,13,false
"b24d2/_s10\d6.1.3_9.0.3_a6.-1.5_L13.flyer",13,0,0,0,300,3,146,70,1432,1433,12,"(Coord { x: 7, y: 1, z: 5 }, ""push limit exceeded"")",0,13,false
"b24d2/_s10\d6.1.3_9.0.3_a8.1.3_L13.flyer",13,0,0,0,300,3,145,67,2016,2017,8,"(Coord { x: 10, y: 2, z: 3 }, ""push limit exceeded"")",0,13,false
"b24d2/_s10\d6.1.4_7.0.3_a6.1.5_L13.flyer",13,0,0,0,300,6,145,91,559,560,10,"(Coord { x: 11, y: 3, z: 2 }, ""immovable obstruction"")",0,13,false
"b24d2/_s10\d6.1.4_8.0.3_a5.-1.3_L13.flyer",13,0,0,0,300,5,145,104,547,548,10,"(Coord { x: 11, y: 4, z: 2 }, ""immovable obstruction"")",0,13,false
"b24d2/_s10\d6.1.4_8.0.3_a7.0.2_L13.flyer",13,0,0,0,300,3,145,75,1965,1966,8,"(Coord { x: 10, y: 4, z: 3 }, ""push limit exceeded"")",0,13,false
"b24d2/_s10\d6.1.4_9.0.3_a6.-1.4_L13.flyer",13,0,0,0,300,3,145,67,2016,2017,8,"(Coord { x: 10, y: 2, z: 3 }, ""push limit exceeded"")",0,13,false
"b24d2/_s10\d6.1.4_9.0.3_a8.0.4_L13.flyer",13,0,0,0,300,3,145,67,2016,2017,8,"(Coord { x: 10, y: 0, z: 4 }, ""push limit exceeded"")",0,13,false
"b24d2/_s10\d7.0.3_8.0.3_a6.0.7_L13.flyer",13,0,0,0,300,3,145,67,2016,2017,8,"(Coord { x: 8, y: 0, z: 7 }, ""push limit exceeded"")",0,13,false
"b24d2/_s10\d7.0.3_9.0.3_a5.0.7_L13.flyer",13,0,0,0,300,5,146,82,1121,1121,12,"(Coord { x: 8, y: 2, z: 4 }, ""immovable obstruction"")",0,13,false
"b24d2/_s10\d7.0.3_9.0.3_a7.1.4_L13.flyer",13,0,0,0,300,3,145,67,2016,2017,8,"(Coord { x: 7, y: 0, z: 6 }, ""push limit exceeded"")",0,13,false
"b24d2/_s10\d8.0.3_9.0.3_a6.-1.6_L13.flyer",13,0,0,0,300,3,145,67,2016,2017,8,"(Coord { x: 8, y: 0, z: 6 }, ""push limit exceeded"")",0,13,false
"b24d2/_s11\d5.0.3_5.0.6_a7.-1.3_L13.flyer",13,0,0,0,300,3,145,59,2044,2044,4,"(Coord { x: 6, y: 1, z: 5 }, ""push limit exceeded"")",0,13,false
"b24d2/_s11\d5.0.3_6.0.3_a5.0.7_L13.flyer",13,0,0,0,300,5,145,76,1138,1138,12,"(Coord { x: 7, y: 1, z: 4 }, ""push limit exceeded"")",0,13,false
"b24d2/_s11\d5.0.3_6.0.3_a7.1.4_L13.flyer",13,0,0,0,300,3,145,61,2040,2040,6,"(Coord { x: 9, y: 0, z: 3 }, ""push limit exceeded"")",0,13,false
"b24d2/_s11\d5.0.3_6.0.4_a6.0.2_L13.flyer",13,0,0,0,300,3,145,60,2044,2044,4,"(Coord { x: 6, y: 1, z: 2 }, ""push limit exceeded"")",0,13,false
"b24d2/_s11\d5.0.3_6.0.4_a9.-1.3_L13.flyer",13,0,0,0,300,3,145,60,2044,2044,4,"(Coord { x: 6, y: 2, z: 2 }, ""push limit exceeded"")",0,13,false
"b24d2/_s11\d5.0.3_6.0.5_a7.-1.3_L13.flyer",13,0,0,0,300,3,146,60,2044,2044,4,"(Coord { x: 6, y: 2, z: 2 }, ""push limit exceeded"")",0,13,false
"b24d2/_s11\d5.0.3_6.0.6_a5.1.3_L13.flyer",13,0,0,0,300,3,146,62,1746,1746,6,"(Coord { x: 6, y: 1, z: 3 }, ""push limit exceeded"")",0,13,false
"b24d2/_s11\d5.0.3_6.0.6_a8.0.4_L13.flyer",13,0,0,0,300,3,146,62,1746,1746,6,"(Coord { x: 7, y: 1, z: 2 }, ""push limit exceeded"")",0,13,false
"b24d2/_s11\d5.0.3_6.1.3_a6.1.6_L13.flyer",13,0,0,0,300,3,145,68,1432,1433,12,"(Coord { x: 8, y: 0, z: 5 }, ""push limit exceeded"")",0,13,false
"b24d2/_s11\d5.0.3_6.1.4_a5.-1.6_L13.flyer",13,0,0,0,300,3,145,68,1432,1433,12,"(Coord { x: 7, y: 2, z: 4 }, ""push limit exceeded"")",0,13,false
"b24d2/_s11\d5.0.3_6.1.4_a7.0.5_L13.flyer",13,0,0,0,300,3,145,68,1432,1433,12,"(Coord { x: 7, y: 1, z: 4 }, ""push limit exceeded"")",0,13,false
"b24d2/_s11\d5.0.3_7.0.3_a6.-1.4_L13.flyer",13,0,0,0,300,3,145,68,1432,1434,10,"(Coord { x: 7, y: 1, z: 6 }, ""push limit exceeded"")",0,13,false
"b24d2/_s11\d5.0.3_7.0.3_a8.1.3_L13.flyer",13,0,0,0,300,3,145,67,1433,1434,8,"(Coord { x: 7, y: 2, z: 4 }, ""push limit exceeded"")",0,13,false
"b24d2/_s11\d5.0.3_8.0.3_a6.1.6_L13.flyer",13,0,0,0,300,3,145,68,1432,1434,10,"(Coord { x: 8, y: 1, z: 6 }, ""push limit exceeded"")",0,13,false
"b24d2/_s11\d5.0.3_9.0.3_a6.-1.3_L13.flyer",13,0,0,0,300,3,145,67,1432,1433,12,"(Coord { x: 7, y: 2, z: 4 }, ""push limit exceeded"")",0,13,false
"b24d2/_s11\d5.0.3_9.0.3_a8.-1.3_L13.flyer",13,0,0,0,300,3,145,67,1432,1433,12,"(Coord { x: 7, y: 2, z: 4 }, ""push limit exceeded"")",0,13,false
"b24d2/_s11\d5.0.6_6.0.3_a7.-1.3_L13.flyer",13,0,0,0,300,3,146,61,1746,1746,6,"(Coord { x: 6, y: 4, z: 3 }, ""push limit exceeded"")",0,13,false
"b24d2/_s11\d5.0.6_6.0.4_a5.0.2_L13.flyer",13,0,0,0,300,3,146,60,2044,2044,4,"(Coord { x: 6, y: 1, z: 2 }, ""push limit exceeded"")",0,13,false
"b24d2/_s11\d5.0.6_6.0.4_a7.1.4_L13.flyer",13,0,0,0,300,3,146,60,2044,2044,4,"(Coord { x: 7, y: 2, z: 4 }, ""push limit exceeded"")",0,13,false
"b24d2/_s11\d5.0.6_6.0.5_a6.0.7_L13.flyer",13,0,0,0,300,3,146,69,1145,1146,6,"(Coord { x: 7, y: 1, z: 2 }, ""push limit exceeded"")",0,13,false
"b24d2/_s11\d5.0.6_6.0.6_a10.0.3_L13.flyer",13,0,0,0,300,3,146,69,1145,1146,6,"(Coord { x: 6, y: 3, z: 3 }, ""push limit exceeded"")",0,13,false
"b24d2/_s11\d5.0.6_6.0.6_a7.1.4_L13.flyer",13,0,0,0,300,3,145,62,2040,2040,6,"(Coord { x: 7, y: 2, z: 3 }, ""push limit exceeded"")",0,13,false
"b24d2/_s11\d5.0.6_6.1.3_a6.0.2_L13.flyer",13,0,0,0,300,3,146,69,1145,1146,6,"(Coord { x: 6, y: 3, z: 3 }, ""push limit exceeded"")",0,13,false
"b24d2/_s11\d5.0.6_6.1.3_a9.0.4_L13.flyer",13,0,0,0,300,3,146,69,1145,1146,6,"(Coord { x: 6, y: 3, z: 3 }, ""push limit exceeded"")",0,13,false
"b24d2/_s11\d5.0.6_6.1.4_a7.0.2_L13.flyer",13,0,0,0,300,3,146,69,1145,1146,6,"(Coord { x: 8, y: 0, z: 3 }, ""push limit exceeded"")",0,13,false
"b24d2/_s11\d5.0.6_7.0.3_a6.-1.3_L13.flyer",13,0,0,0,300,3,146,69,1145,1147,6,"(Coord { x: 7, y: 3, z: 3 }, ""push limit exceeded"")",0,13,false
"b24d2/_s11\d5.0.6_7.0.3_a8.0.4_L13.flyer",13,0,0,0,300,3,146,69,1145,1147,6,"(Coord { x: 7, y: 0, z: 3 }, ""push limit exceeded"")",0,13,false
"b24d2/_s11\d5.0.6_8.0.3_a6.1.6_L13.flyer",13,0,0,0,300,3,146,69,1145,1147,6,"(Coord { x: 7, y: 0, z: 3 }, ""push limit exceeded"")",0,13,false
"b24d2/_s11\d5.0.6_9.0.3_a6.-1.4_L13.flyer",13,0,0,0,300,3,146,68,1145,1146,6,"(Coord { x: 7, y: 1, z: 3 }, ""push limit exceeded"")",0,13,false
"b24d2/_s11\d5.0.6_9.0.3_a8.0.2_L13.flyer",13,0,0,0,300,3,146,68,1145,1146,6,"(Coord { x: 7, y: 2, z: 3 }, ""push limit exceeded"")",0,13,false
"b24d2/_s11\d6.0.3_6.0.4_a6.1.6_L13.flyer",13,0,0,0,300,3,146,63,1746,1746,6,"(Coord { x: 5, y: 4, z: 3 }, ""push limit exceeded"")",0,13,false
"b24d2/_s11\d6.0.3_6.0.5_a4.0.3_L13.flyer",13,0,0,0,300,3,147,62,1746,1746,6,"(Coord { x: 8, y: 0, z: 3 }, ""push limit exceeded"")",0,13,false
"b24d2/_s11\d6.0.3_6.0.5_a7.0.4_L13.flyer",13,0,0,0,300,3,147,63,1746,1746,6,"(Coord { x: 8, y: 0, z: 3 }, ""push limit exceeded"")",0,13,false
"b24d2/_s11\d6.0.3_6.0.6_a5.0.7_L13.flyer",13,0,0,0,300,3,146,61,1746,1746,6,"(Coord { x: 7, y: 1, z: 2 }, ""push limit exceeded"")",0,13,false
"b24d2/_s11\d6.0.3_6.0.6_a8.1.3_L13.flyer",13,0,0,0,300,3,146,61,1746,1746,6,"(Coord { x: 8, y: 1, z: 3 }, ""push limit exceeded"")",0,13,false
"b24d2/_s11\d6.0.3_6.1.3_a6.1.5_L13.flyer",13,0,0,0,300,3,145,68,1432,1433,12,"(Coord { x: 6, y: 3, z: 3 }, ""push limit exceeded"")",0,13,false
"b24d2/_s11\d6.0.3_6.1.4_a4.0.3_L13.flyer",13,0,0,0,300,3,145,68,1432,1433,12,"(Coord { x: 8, y: 0, z: 3 }, ""push limit exceeded"")",0,13,false
"b24d2/_s11\d6.0.3_6.1.4_a7.0.2_L13.flyer",13,0,0,0,300,3,145,68,1432,1433,12,"(Coord { x: 8, y: 0, z: 3 }, ""push limit exceeded"")",0,13,false
"b24d2/_s11\d6.0.3_7.0.3_a5.0.2_L13.flyer",13,0,0,0,300,3,145,67,1432,1433,12,"(Coord { x: 7, y: 1, z: 4 }, ""push limit exceeded"")",0,13,false
"b24d2/_s11\d6.0.3_7.0.3_a8.-1.3_L13.flyer",13,0,0,0,300,3,145,67,1432,1433,12,"(Coord { x: 7, y: 2, z: 4 }, ""push limit exceeded"")",0,13,false
"b24d2/_s11\d6.0.3_8.0.3_a6.-1.5_L13.flyer",13,0,0,0,300,3,145,67,1432,1433,12,"(Coord { x: 7, y: 2, z: 4 }, ""push limit exceeded"")",0,13,false
"b24d2/_s11\d6.0.3_9.0.3_a4.0.6_L13.flyer",13,0,0,0,300,3,145,67,1432,1433,12,"(Coord { x: 7, y: 1, z: 4 }, ""push limit exceeded"")",0,13,false
"b24d2/_s11\d6.0.3_9.0.3_a7.0.4_L13.flyer",13,0,0,0,300,3,145,67,1432,1433,12,"(Coord { x: 7, y: 1, z: 4 }, ""push limit exceeded"")",0,13,false
"b24d2/_s11\d6.0.4_6.0.5_a5.1.3_L13.flyer",13,0,0,0,300,3,147,61,2044,2044,4,"(Coord { x: 4, y: 3, z: 4 }, ""push limit exceeded"")",0,13,false
"b24d2/_s11\d6.0.4_6.0.5_a8.0.2_L13.flyer",13,0,0,0,300,3,147,61,2044,2044,4,"(Coord { x: 7, y: 0, z: 3 }, ""push limit exceeded"")",0,13,false
"b24d2/_s11\d6.0.4_6.0.6_a6.0.2_L13.flyer",13,0,0,0,300,3,147,61,2044,2044,4,"(Coord { x: 7, y: 0, z: 3 }, ""push limit exceeded"")",0,13,false
"b24d2/_s11\d6.0.4_6.1.3_a4.0.3_L13.flyer",13,0,0,0,300,4,146,72,1418,1418,14,"(Coord { x: 3, y: 5, z: 5 }, ""push limit exceeded"")",0,13,false
"b24d2/_s11\d6.0.4_6.1.3_a7.0.2_L13.flyer",13,0,0,0,300,4,146,72,1418,1418,14,"(Coord { x: 3, y: 5, z: 5 }, ""push limit exceeded"")",0,13,false
"b24d2/_s11\d6.0.4_6.1.4_a5.-1.6_L13.flyer",13,0,0,0,300,4,146,72,1418,1418,14,"(Coord { x: 3, y: 6, z: 5 }, ""push limit exceeded"")",0,13,false
"b24d2/_s11\d6.0.4_6.1.4_a7.0.5_L13.flyer",13,0,0,0,300,4,146,72,1418,1418,14,"(Coord { x: 3, y: 5, z: 5 }, ""push limit exceeded"")",0,13,false
"b24d2/_s11\d6.0.4_7.0.3_a5.1.3_L13.flyer",13,0,0,0,300,3,146,61,2044,2044,4,"(Coord { x: 6, y: 1, z: 2 }, ""push limit exceeded"")",0,13,false
"b24d2/_s11\d6.0.4_7.0.3_a8.0.4_L13.flyer",13,0,0,0,300,3,146,61,2044,2044,4,"(Coord { x: 4, y: 3, z: 4 }, ""push limit exceeded"")",0,13,false
"b24d2/_s11\d6.0.4_8.0.3_a6.0.2_L13.flyer",13,0,0,0,300,3,146,61,2044,2044,4,"(Coord { x: 4, y: 3, z: 4 }, ""push limit exceeded"")",0,13,false
"b24d2/_s11\d6.0.4_9.0.3_a5.-1.3_L13.flyer",13,0,0,0,300,3,146,61,2044,2044,4,"(Coord { x: 4, y: 4, z: 4 }, ""push limit exceeded"")",0,13,false
"b24d2/_s11\d6.0.4_9.0.3_a7.0.4_L13.flyer",13,0,0,0,300,3,146,61,2044,2044,4,"(Coord { x: 4, y: 3, z: 4 }, ""push limit exceeded"")",0,13,false
"b24d2/_s11\d6.0.5_6.0.6_a5.1.3_L13.flyer",13,0,0,0,300,3,147,69,1432,1433,12,"(Coord { x: 8, y: 0, z: 3 }, ""push limit exceeded"")",0,13,false
"b24d2/_s11\d6.0.5_6.0.6_a9.-1.3_L13.flyer",13,0,0,0,300,3,147,69,1432,1433,12,"(Coord { x: 8, y: 1, z: 3 }, ""push limit exceeded"")",0,13,false
"b24d2/_s11\d6.0.5_6.1.3_a6.1.5_L13.flyer",13,0,0,0,300,3,147,69,1432,1433,12,"(Coord { x: 6, y: 3, z: 3 }, ""push limit exceeded"")",0,13,false
"b24d2/_s11\d6.0.5_6.1.4_a4.0.6_L13.flyer",13,0,0,0,300,4,147,82,845,845,14,"(Coord { x: 3, y: 5, z: 5 }, ""push limit exceeded"")",0,13,false
"b24d2/_s11\d6.0.5_6.1.4_a7.0.4_L13.flyer",13,0,0,0,300,5,147,82,845,845,14,"(Coord { x: 3, y: 5, z: 5 }, ""push limit exceeded"")",0,13,false
"b24d2/_s11\d6.0.5_7.0.3_a5.1.3_L13.flyer",13,0,0,0,300,5,146,77,1138,1138,12,"(Coord { x: 8, y: 2, z: 4 }, ""immovable obstruction"")",0,13,false
"b24d2/_s11\d6.0.5_7.0.3_a8.0.4_L13.flyer",13,0,0,0,300,5,146,77,1138,1138,12,"(Coord { x: 8, y: 2, z: 4 }, ""immovable obstruction"")",0,13,false
"b24d2/_s11\d6.0.5_8.0.3_a6.0.2_L13.flyer",13,0,0,0,300,5,146,77,1138,1138,12,"(Coord { x: 8, y: 2, z: 4 }, ""immovable obstruction"")",0,13,false
"b24d2/_s11\d6.0.5_9.0.3_a5.-1.6_L13.flyer",13,0,0,0,300,3,147,68,1432,1433,12,"(Coord { x: 8, y: 1, z: 3 }, ""push limit exceeded"")",0,13,false
"b24d2/_s11\d6.0.5_9.0.3_a7.0.6_L13.flyer",13,0,0,0,300,3,147,68,1432,1433,12,"(Coord { x: 8, y: 0, z: 3 }, ""push limit exceeded"")",0,13,false
"b24d2/_s11\d6.0.6_6.1.3_a6.-1.3_L13.flyer",13,0,0,0,300,3,147,70,1432,1433,12,"(Coord { x: 8, y: 3, z: 4 }, ""immovable obstruction"")",0,13,false
"b24d2/_s11\d6.0.6_6.1.3_a9.0.4_L13.flyer",13,0,0,0,300,3,147,70,1432,1433,12,"(Coord { x: 8, y: 2, z: 4 }, ""immovable obstruction"")",0,13,false
"b24d2/_s11\d6.0.6_6.1.4_a7.-1.3_L13.flyer",13,0,0,0,300,5,147,89,3,3,12,"(Coord { x: 7, y: 2, z: 4 }, ""push limit exceeded"")",0,13,false
"b24d2/_s11\d6.0.6_7.0.3_a5.0.2_L13.flyer",13,0,0,0,300,5,146,89,563,564,10,"(Coord { x: 11, y: 3, z: 2 }, ""immovable obstruction"")",0,13,false
"b24d2/_s11\d6.0.6_7.0.3_a8.0.4_L13.flyer",13,0,0,0,300,5,146,89,563,564,10,"(Coord { x: 11, y: 3, z: 2 }, ""immovable obstruction"")",0,13,false
"b24d2/_s11\d6.0.6_8.0.3_a6.0.2_L13.flyer",13,0,0,0,300,5,146,89,563,564,10,"(Coord { x: 11, y: 3, z: 2 }, ""immovable obstruction"")",0,13,false
"b24d2/_s11\d6.0.6_9.0.3_a5.0.7_L13.flyer",13,0,0,0,300,5,147,79,1131,1131,14,"(Coord { x: 9, y: 0, z: 3 }, ""push limit exceeded"")",0,13,false
"b24d2/_s11\d6.0.6_9.0.3_a8.0.2_L13.flyer",13,0,0,0,300,3,146,67,1724,1725,8,"(Coord { x: 10, y: 1, z: 2 }, ""push limit exceeded"")",0,13,false
"b24d2/_s11\d6.1.3_6.1.4_a6.0.2_L13.flyer",13,0,0,0,300,6,146,89,557,557,16,"(Coord { x: 8, y: 2, z: 4 }, ""immovable obstruction"")",0,13,false
"b24d2/_s11\d6.1.3_7.0.3_a10.0.3_L13.flyer",13,0,0,0,300,3,146,70,1432,1433,12,"(Coord { x: 7, y: 0, z: 5 }, ""push limit exceeded"")",0,13,false
"b24d2/_s11\d6.1.3_7.0.3_a6.1.6_L13.flyer",13,0,0,0,300,3,146,71,1432,1433,12,"(Coord { x: 7, y: 0, z: 5 }, ""push limit exceeded"")",0,13,false
"b24d2/_s11\d6.1.3_8.0.3_a5.0.2_L13.flyer",13,0,0,0,300,3,146,71,1432,1433,12,"(Coord { x: 7, y: 0, z: 5 }, ""push limit exceeded"")",0,13,false
"b24d2/_s11\d6.1.3_8.0.3_a7.0.6_L13.flyer",13,0,0,0,300,3,146,71,1432,1433,12,"(Coord { x: 7, y: 0, z: 5 }, ""push limit exceeded"")",0,13,false
"b24d2/_s11\d6.1.3_9.0.3_a6.-1.6_L13.flyer",13,0,0,0,300,3,146,70,1432,1433,12,"(Coord { x: 7, y: 1, z: 5 }, ""push limit exceeded"")",0,13,false
"b24d2/_s11\d6.1.4_7.0.3_a10.0.3_L13.flyer",13,0,0,0,300,3,145,67,2016,2017,8,"(Coord { x: 11, y: 1, z: 3 }, ""push limit exceeded"")",0,13,false
"b24d2/_s11\d6.1.4_7.0.3_a6.1.6_L13.flyer",13,0,0,0,300,6,145,91,559,560,10,"(Coord { x: 11, y: 3, z: 2 }, ""immovable obstruction"")",0,13,false
"b24d2/_s11\d6.1.4_8.0.3_a5.-1.6_L13.flyer",13,0,0,0,300,5,145,104,547,548,10,"(Coord { x: 11, y: 4, z: 2 }, ""immovable obstruction"")",0,13,false
"b24d2/_s11\d6.1.4_8.0.3_a7.0.4_L13.flyer",13,0,0,0,300,6,145,104,547,548,10,"(Coord { x: 11, y: 3, z: 2 }, ""immovable obstruction"")",0,13,false
"b24d2/_s11\d6.1.4_9.0.3_a6.-1.5_L13.flyer",13,0,0,0,300,3,145,67,2016,2017,8,"(Coord { x: 10, y: 2, z: 3 }, ""push limit exceeded"")",0,13,false
"b24d2/_s11\d6.1.4_9.0.3_a8.1.3_L13.flyer",13,0,0,0,300,3,145,67,2016,2017,8,"(Coord { x: 11, y: 1, z: 3 }, ""push limit exceeded"")",0,13,false
"b24d2/_s11\d7.0.3_8.0.3_a6.1.5_L13.flyer",13,0,0,0,300,3,145,67,2016,2017,8,"(Coord { x: 7, y: 0, z: 6 }, ""push limit exceeded"")",0,13,false
"b24d2/_s11\d7.0.3_9.0.3_a5.1.3_L13.flyer",13,0,0,0,300,3,145,67,2016,2017,8,"(Coord { x: 7, y: 0, z: 6 }, ""push limit exceeded"")",0,13,false
"b24d2/_s11\d7.0.3_9.0.3_a8.-1.3_L13.flyer",13,0,0,0,300,3,145,67,2016,2017,8,"(Coord { x: 9, y: 0, z: 3 }, ""push limit exceeded"")",0,13,false
"b24d2/_s11\d8.0.3_9.0.3_a6.0.2_L13.flyer",13,0,0,0,300,3,145,67,2016,2017,8,"(Coord { x: 7, y: 0, z: 6 }, ""push limit exceeded"")",0,13,false
"b24d2/_s12\d5.0.3_5.0.6_a7.0.2_L13.flyer",13,0,0,0,300,3,145,59,2044,2044,4,"(Coord { x: 6, y: 0, z: 5 }, ""push limit exceeded"")",0,13,false
"b24d2/_s12\d5.0.3_6.0.3_a5.1.3_L13.flyer",13,0,0,0,300,3,145,68,1432,1434,10,"(Coord { x: 7, y: 0, z: 6 }, ""push limit exceeded"")",0,13,false
"b24d2/_s12\d5.0.3_6.0.3_a8.-1.3_L13.flyer",13,0,0,0,300,3,145,68,1432,1434,10,"(Coord { x: 7, y: 1, z: 6 }, ""push limit exceeded"")",0,13,false
"b24d2/_s12\d5.0.3_6.0.4_a6.0.7_L13.flyer",13,0,0,0,300,3,145,60,2044,2044,4,"(Coord { x: 6, y: 1, z: 2 }, ""push limit exceeded"")",0,13,false
"b24d2/_s12\d5.0.3_6.0.4_a9.0.4_L13.flyer",13,0,0,0,300,3,145,60,2044,2044,4,"(Coord { x: 6, y: 1, z: 2 }, ""push limit exceeded"")",0,13,false
"b24d2/_s12\d5.0.3_6.0.5_a7.0.2_L13.flyer",13,0,0,0,300,3,146,60,2044,2044,4,"(Coord { x: 6, y: 1, z: 2 }, ""push limit exceeded"")",0,13,false
"b24d2/_s12\d5.0.3_6.0.6_a5.1.6_L13.flyer",13,0,0,0,300,3,146,62,1746,1746,6,"(Coord { x: 7, y: 1, z: 2 }, ""push limit exceeded"")",0,13,false
"b24d2/_s12\d5.0.3_6.0.6_a8.1.3_L13.flyer",13,0,0,0,300,3,146,61,1747,1747,2,"(Coord { x: 6, y: 0, z: 5 }, ""immovable obstruction"")",0,13,false
"b24d2/_s12\d5.0.3_6.1.3_a7.-1.3_L13.flyer",13,0,0,0,300,3,145,68,1432,1433,12,"(Coord { x: 8, y: 1, z: 5 }, ""push limit exceeded"")",0,13,false
"b24d2/_s12\d5.0.3_6.1.4_a5.0.7_L13.flyer",13,0,0,0,300,3,145,68,1432,1433,12,"(Coord { x: 7, y: 1, z: 4 }, ""push limit exceeded"")",0,13,false
"b24d2/_s12\d5.0.3_6.1.4_a7.0.6_L13.flyer",13,0,0,0,300,3,145,68,1432,1433,12,"(Coord { x: 7, y: 1, z: 4 }, ""push limit exceeded"")",0,13,false
"b24d2/_s12\d5.0.3_7.0.3_a6.-1.5_L13.flyer",13,0,0,0,300,3,145,68,1432,1434,10,"(Coord { x: 7, y: 1, z: 6 }, ""push limit exceeded"")",0,13,false
"b24d2/_s12\d5.0.3_7.0.3_a9.-1.3_L13.flyer",13,0,0,0,300,3,145,68,1432,1434,10,"(Coord { x: 7, y: 1, z: 6 }, ""push limit exceeded"")",0,13,false
"b24d2/_s12\d5.0.3_8.0.3_a6.2.3_L13.flyer",13,0,0,0,300,3,145,61,1748,1748,0,"(Coord { x: 7, y: 2, z: 3 }, ""immovable obstruction"")",0,13,false
"b24d2/_s12\d5.0.3_9.0.3_a6.-1.4_L13.flyer",13,0,0,0,300,3,145,67,1432,1433,12,"(Coord { x: 7, y: 2, z: 4 }, ""push limit exceeded"")",0,13,false
"b24d2/_s12\d5.0.3_9.0.3_a8.0.2_L13.flyer",13,0,0,0,300,3,145,67,1432,1433,12,"(Coord { x: 7, y: 1, z: 4 }, ""push limit exceeded"")",0,13,false
"b24d2/_s12\d5.0.6_6.0.3_a7.0.2_L13.flyer",13,0,0,0,300,3,146,61,1746,1746,6,"(Coord { x: 6, y: 3, z: 3 }, ""push limit exceeded"")",0,13,false
"b24d2/_s12\d5.0.6_6.0.4_a5.1.3_L13.flyer",13,0,0,0,300,3,146,60,2044,2044,4,"(Coord { x: 6, y: 0, z: 3 }, ""push limit exceeded"")",0,13,false
"b24d2/_s12\d5.0.6_6.0.4_a8.-1.3_L13.flyer",13,0,0,0,300,3,146,60,2044,2044,4,"(Coord { x: 6, y: 2, z: 2 }, ""push limit exceeded"")",0,13,false
"b24d2/_s12\d5.0.6_6.0.5_a6.1.5_L13.flyer",13,0,0,0,300,3,146,69,1145,1146,6,"(Coord { x: 7, y: 0, z: 3 }, ""push limit exceeded"")",0,13,false
"b24d2/_s12\d5.0.6_6.0.6_a4.0.3_L13.flyer",13,0,0,0,300,3,146,69,1145,1146,6,"(Coord { x: 6, y: 3, z: 3 }, ""push limit exceeded"")",0,13,false
"b24d2/_s12\d5.0.6_6.0.6_a8.-1.3_L13.flyer",13,0,0,0,300,3,146,69,1145,1146,6,"(Coord { x: 6, y: 4, z: 3 }, ""push limit exceeded"")",0,13,false
"b24d2/_s12\d5.0.6_6.1.3_a6.0.7_L13.flyer",13,0,0,0,300,3,146,69,1145,1146,6,"(Coord { x: 7, y: 2, z: 3 }, ""push limit exceeded"")",0,13,false
"b24d2/_s12\d5.0.6_6.1.4_a10.0.3_L13.flyer",13,0,0,0,300,3,146,69,1145,1146,6,"(Coord { x: 8, y: 0, z: 3 }, ""push limit exceeded"")",0,13,false
"b24d2/_s12\d5.0.6_6.1.4_a7.0.4_L13.flyer",13,0,0,0,300,3,146,69,1145,1146,6,"(Coord { x: 6, y: 3, z: 3 }, ""push limit exceeded"")",0,13,false
"b24d2/_s12\d5.0.6_7.0.3_a6.-1.4_L13.flyer",13,0,0,0,300,3,146,69,1145,1147,6,"(Coord { x: 7, y: 1, z: 3 }, ""push limit exceeded"")",0,13,false
"b24d2/_s12\d5.0.6_7.0.3_a8.1.3_L13.flyer",13,0,0,0,300,3,146,68,1146,1147,6,"(Coord { x: 7, y: 2, z: 3 }, ""push limit exceeded"")",0,13,false
"b24d2/_s12\d5.0.6_8.0.3_a6.2.3_L13.flyer",13,0,0,0,300,3,146,62,1748,1748,0,"(Coord { x: 7, y: 2, z: 3 }, ""immovable obstruction"")",0,13,false
"b24d2/_s12\d5.0.6_9.0.3_a6.-1.5_L13.flyer",13,0,0,0,300,3,146,68,1145,1146,6,"(Coord { x: 7, y: 1, z: 3 }, ""push limit exceeded"")",0,13,false
"b24d2/_s12\d5.0.6_9.0.3_a8.0.4_L13.flyer",13,0,0,0,300,3,146,68,1145,1146,6,"(Coord { x: 7, y: 2, z: 3 }, ""push limit exceeded"")",0,13,false
"b24d2/_s12\d6.0.3_6.0.4_a6.2.3_L13.flyer",13,0,0,0,300,3,146,61,2044,2044,4,"(Coord { x: 6, y: 1, z: 2 }, ""push limit exceeded"")",0,13,false
"b24d2/_s12\d6.0.3_6.0.5_a4.0.6_L13.flyer",13,0,0,0,300,3,147,62,1746,1746,6,"(Coord { x: 8, y: 0, z: 3 }, ""push limit exceeded"")",0,13,false
"b24d2/_s12\d6.0.3_6.0.5_a7.0.6_L13.flyer",13,0,0,0,300,3,147,62,1746,1746,6,"(Coord { x: 8, y: 0, z: 3 }, ""push limit exceeded"")",0,13,false
"b24d2/_s12\d6.0.3_6.0.6_a5.1.3_L13.flyer",13,0,0,0,300,5,146,89,563,564,10,"(Coord { x: 11, y: 3, z: 2 }, ""immovable obstruction"")",0,13,false
"b24d2/_s12\d6.0.3_6.0.6_a9.-1.3_L13.flyer",13,0,0,0,300,3,146,61,1746,1746,6,"(Coord { x: 7, y: 2, z: 2 }, ""push limit exceeded"")",0,13,false
"b24d2/_s12\d6.0.3_6.1.3_a6.1.6_L13.flyer",13,0,0,0,300,3,145,68,1432,1433,12,"(Coord { x: 8, y: 0, z: 5 }, ""push limit exceeded"")",0,13,false
"b24d2/_s12\d6.0.3_6.1.4_a4.0.6_L13.flyer",13,0,0,0,300,3,145,68,1432,1433,12,"(Coord { x: 8, y: 0, z: 3 }, ""push limit exceeded"")",0,13,false
"b24d2/_s12\d6.0.3_6.1.4_a7.0.4_L13.flyer",13,0,0,0,300,3,145,68,1432,1433,12,"(Coord { x: 8, y: 0, z: 5 }, ""push limit exceeded"")",0,13,false
"b24d2/_s12\d6.0.3_7.0.3_a5.0.7_L13.flyer",13,0,0,0,300,3,145,67,1432,1433,12,"(Coord { x: 7, y: 1, z: 4 }, ""push limit exceeded"")",0,13,false
"b24d2/_s12\d6.0.3_7.0.3_a8.0.2_L13.flyer",13,0,0,0,300,3,145,67,1432,1433,12,"(Coord { x: 7, y: 1, z: 4 }, ""push limit exceeded"")",0,13,false
"b24d2/_s12\d6.0.3_8.0.3_a6.-1.6_L13.flyer",13,0,0,0,300,3,145,67,1432,1433,12,"(Coord { x: 7, y: 2, z: 4 }, ""push limit exceeded"")",0,13,false
"b24d2/_s12\d6.0.3_9.0.3_a5.-1.3_L13.flyer",13,0,0,0,300,3,145,67,1432,1433,12,"(Coord { x: 7, y: 2, z: 4 }, ""push limit exceeded"")",0,13,false
"b24d2/_s12\d6.0.3_9.0.3_a7.0.5_L13.flyer",13,0,0,0,300,3,145,67,1432,1433,12,"(Coord { x: 7, y: 1, z: 4 }, ""push limit exceeded"")",0,13,false
"b24d2/_s12\d6.0.4_6.0.5_a5.1.6_L13.flyer",13,0,0,0,300,3,147,61,2044,2044,4,"(Coord { x: 7, y: 0, z: 3 }, ""push limit exceeded"")",0,13,false
"b24d2/_s12\d6.0.4_6.0.5_a8.0.4_L13.flyer",13,0,0,0,300,3,147,61,2044,2044,4,"(Coord { x: 7, y: 0, z: 3 }, ""push limit exceeded"")",0,13,false
"b24d2/_s12\d6.0.4_6.0.6_a6.1.5_L13.flyer",13,0,0,0,300,3,147,64,1746,1746,6,"(Coord { x: 5, y: 3, z: 3 }, ""push limit exceeded"")",0,13,false
"b24d2/_s12\d6.0.4_6.1.3_a4.0.6_L13.flyer",13,0,0,0,300,4,146,72,1418,1418,14,"(Coord { x: 3, y: 5, z: 5 }, ""push limit exceeded"")",0,13,false
"b24d2/_s12\d6.0.4_6.1.3_a7.0.4_L13.flyer",13,0,0,0,300,3,145,69,1432,1433,12,"(Coord { x: 6, y: 3, z: 3 }, ""push limit exceeded"")",0,13,false
"b24d2/_s12\d6.0.4_6.1.4_a5.0.2_L13.flyer",13,0,0,0,300,4,146,72,1418,1418,14,"(Coord { x: 3, y: 5, z: 5 }, ""push limit exceeded"")",0,13,false
"b24d2/_s12\d6.0.4_6.1.4_a7.0.6_L13.flyer",13,0,0,0,300,4,146,72,1418,1418,14,"(Coord { x: 3, y: 5, z: 5 }, ""push limit exceeded"")",0,13,false
"b24d2/_s12\d6.0.4_7.0.3_a5.1.6_L13.flyer",13,0,0,0,300,3,146,61,2044,2044,4,"(Coord { x: 4, y: 3, z: 4 }, ""push limit exceeded"")",0,13,false
"b24d2/_s12\d6.0.4_7.0.3_a8.1.3_L13.flyer",13,0,0,0,300,3,146,61,2044,2044,4,"(Coord { x: 4, y: 3, z: 4 }, ""push limit exceeded"")",0,13,false
"b24d2/_s12\d6.0.4_8.0.3_a6.0.7_L13.flyer",13,0,0,0,300,3,146,61,2044,2044,4,"(Coord { x: 4, y: 3, z: 4 }, ""push limit exceeded"")",0,13,false
"b24d2/_s12\d6.0.4_9.0.3_a5.-1.6_L13.flyer",13,0,0,0,300,3,146,61,2044,2044,4,"(Coord { x: 4, y: 4, z: 4 }, ""push limit exceeded"")",0,13,false
"b24d2/_s12\d6.0.4_9.0.3_a7.0.5_L13.flyer",13,0,0,0,300,3,146,61,2044,2044,4,"(Coord { x: 4, y: 3, z: 4 }, ""push limit exceeded"")",0,13,false
"b24d2/_s12\d6.0.5_6.0.6_a5.1.6_L13.flyer",13,0,0,0,300,3,147,65,1452,1452,8,"(Coord { x: 4, y: 3, z: 8 }, ""push limit exceeded"")",0,13,false
"b24d2/_s12\d6.0.5_6.0.6_a9.0.4_L13.flyer",13,0,0,0,300,3,147,69,1432,1433,12,"(Coord { x: 8, y: 0, z: 3 }, ""push limit exceeded"")",0,13,false
"b24d2/_s12\d6.0.5_6.1.3_a6.1.6_L13.flyer",13,0,0,0,300,3,147,67,1152,1152,10,"(Coord { x: 5, y: 1, z: 5 }, ""push limit exceeded"")",0,13,false
"b24d2/_s12\d6.0.5_6.1.4_a5.-1.3_L13.flyer",13,0,0,0,300,5,147,82,845,845,14,"(Coord { x: 3, y: 6, z: 5 }, ""push limit exceeded"")",0,13,false
"b24d2/_s12\d6.0.5_6.1.4_a7.0.6_L13.flyer",13,0,0,0,300,5,147,82,845,845,14,"(Coord { x: 3, y: 5, z: 5 }, ""push limit exceeded"")",0,13,false
"b24d2/_s12\d6.0.5_7.0.3_a5.1.6_L13.flyer",13,0,0,0,300,4,146,71,1732,1732,8,"(Coord { x: 4, y: 2, z: 4 }, ""push limit exceeded"")",0,13,false
"b24d2/_s12\d6.0.5_7.0.3_a8.1.3_L13.flyer",13,0,0,0,300,3,147,68,1433,1434,8,"(Coord { x: 7, y: 3, z: 3 }, ""push limit exceeded"")",0,13,false
"b24d2/_s12\d6.0.5_8.0.3_a6.0.7_L13.flyer",13,0,0,0,300,5,146,77,1138,1138,12,"(Coord { x: 8, y: 2, z: 4 }, ""immovable obstruction"")",0,13,false
"b24d2/_s12\d6.0.5_9.0.3_a5.0.2_L13.flyer",13,0,0,0,300,3,147,68,1432,1433,12,"(Coord { x: 8, y: 0, z: 3 }, ""push limit exceeded"")",0,13,false
"b24d2/_s12\d6.0.5_9.0.3_a7.1.3_L13.flyer",13,0,0,0,300,3,147,68,1432,1433,12,"(Coord { x: 8, y: 0, z: 3 }, ""push limit exceeded"")",0,13,false
"b24d2/_s12\d6.0.6_6.1.3_a6.-1.4_L13.flyer",13,0,0,0,300,3,147,70,1432,1433,12,"(Coord { x: 8, y: 3, z: 4 }, ""immovable obstruction"")",0,13,false
"b24d2/_s12\d6.0.6_6.1.4_a10.0.3_L13.flyer",13,0,0,0,300,5,147,88,3,3,12,"(Coord { x: 7, y: 1, z: 4 }, ""push limit exceeded"")",0,13,false
"b24d2/_s12\d6.0.6_6.1.4_a7.0.2_L13.flyer",13,0,0,0,300,3,147,70,1728,1729,6,"(Coord { x: 10, y: 0, z: 3 }, ""push limit exceeded"")",0,13,false
"b24d2/_s12\d6.0.6_7.0.3_a5.0.7_L13.flyer",13,0,0,0,300,5,146,89,563,564,10,"(Coord { x: 11, y: 3, z: 2 }, ""immovable obstruction"")",0,13,false
"b24d2/_s12\d6.0.6_7.0.3_a8.1.3_L13.flyer",13,0,0,0,300,3,147,70,2015,2016,6,"(Coord { x: 9, y: 1, z: 3 }, ""immovable obstruction"")",0,13,false
"b24d2/_s12\d6.0.6_8.0.3_a6.1.5_L13.flyer",13,0,0,0,300,5,146,89,563,564,10,"(Coord { x: 11, y: 3, z: 2 }, ""immovable obstruction"")",0,13,false
"b24d2/_s12\d6.0.6_9.0.3_a5.1.3_L13.flyer",13,0,0,0,300,5,147,79,1131,1131,14,"(Coord { x: 9, y: 0, z: 3 }, ""push limit exceeded"")",0,13,false
"b24d2/_s12\d6.0.6_9.0.3_a8.0.4_L13.flyer",13,0,0,0,300,5,147,79,1131,1131,14,"(Coord { x: 9, y: 0, z: 3 }, ""push limit exceeded"")",0,13,false
"b24d2/_s12\d6.1.3_6.1.4_a6.0.7_L13.flyer",13,0,0,0,300,5,146,83,843,843,12,"(Coord { x: 7, y: 0, z: 5 }, ""push limit exceeded"")",0,13,false
"b24d2/_s12\d6.1.3_7.0.3_a4.0.3_L13.flyer",13,0,0,0,300,3,146,71,1432,1433,12,"(Coord { x: 7, y: 0, z: 5 }, ""push limit exceeded"")",0,13,false
"b24d2/_s12\d6.1.3_7.0.3_a7.0.4_L13.flyer",13,0,0,0,300,3,146,71,1432,1433,12,"(Coord { x: 7, y: 0, z: 5 }, ""push limit exceeded"")",0,13,false
"b24d2/_s12\d6.1.3_8.0.3_a5.0.7_L13.flyer",13,0,0,0,300,3,146,71,1432,1433,12,"(Coord { x: 7, y: 0, z: 5 }, ""push limit exceeded"")",0,13,false
"b24d2/_s12\d6.1.3_8.0.3_a7.1.3_L13.flyer",13,0,0,0,300,3,146,70,1439,1440,6,"(Coord { x: 9, y: 1, z: 3 }, ""immovable obstruction"")",0,13,false
"b24d2/_s12\d6.1.3_9.0.3_a6.0.2_L13.flyer",13,0,0,0,300,3,145,67,2016,2017,8,"(Coord { x: 10, y: 1, z: 3 }, ""push limit exceeded"")",0,13,false
"b24d2/_s12\d6.1.4_7.0.3_a4.0.3_L13.flyer",13,0,0,0,300,4,145,104,547,548,10,"(Coord { x: 11, y: 3, z: 2 }, ""immovable obstruction"")",0,13,false
"b24d2/_s12\d6.1.4_7.0.3_a6.2.3_L13.flyer",13,0,0,0,300,3,146,69,1436,1437,0,"(Coord { x: 7, y: 2, z: 3 }, ""immovable obstruction"")",0,13,false
"b24d2/_s12\d6.1.4_8.0.3_a5.0.2_L13.flyer",13,0,0,0,300,5,145,104,547,548,10,"(Coord { x: 11, y: 3, z: 2 }, ""immovable obstruction"")",0,13,false
"b24d2/_s12\d6.1.4_8.0.3_a7.0.5_L13.flyer",13,0,0,0,300,6,145,104,547,548,10,"(Coord { x: 11, y: 3, z: 2 }, ""immovable obstruction"")",0,13,false
"b24d2/_s12\d6.1.4_9.0.3_a6.-1.6_L13.flyer",13,0,0,0,300,3,145,67,2016,2017,8,"(Coord { x: 10, y: 2, z: 3 }, ""push limit exceeded"")",0,13,false
"b24d2/_s12\d7.0.3_8.0.3_a10.0.3_L13.flyer",13,0,0,0,300,3,145,67,2016,2017,8,"(Coord { x: 10, y: 0, z: 3 }, ""push limit exceeded"")",0,13,false
"b24d2/_s12\d7.0.3_8.0.3_a6.1.6_L13.flyer",13,0,0,0,300,3,145,67,2016,2017,8,"(Coord { x: 8, y: 1, z: 6 }, ""push limit exceeded"")",0,13,false
"b24d2/_s12\d7.0.3_9.0.3_a5.1.6_L13.flyer",13,0,0,0,300,5,146,82,1121,1121,12,"(Coord { x: 8, y: 2, z: 4 }, ""immovable obstruction"")",0,13,false
"b24d2/_s12\d7.0.3_9.0.3_a8.0.2_L13.flyer",13,0,0,0,300,3,145,67,2016,2017,8,"(Coord { x: 9, y: 0, z: 2 }, ""push limit exceeded"")",0,13,false
"b24d2/_s12\d8.0.3_9.0.3_a6.0.7_L13.flyer",13,0,0,0,300,3,145,67,2016,2017,8,"(Coord { x: 8, y: 0, z: 7 }, ""push limit exceeded"")",0,13,false
"b24d2/_s13\d5.0.3_5.0.6_a7.0.4_L13.flyer",13,0,0,0,300,3,145,59,2044,2044,4,"(Coord { x: 7, y: 0, z: 4 }, ""push limit exceeded"")",0,13,false
"b24d2/_s13\d5.0.3_6.0.3_a5.1.6_L13.flyer",13,0,0,0,300,5,145,76,1138,1138,12,"(Coord { x: 7, y: 2, z: 4 }, ""push limit exceeded"")",0,13,false
"b24d2/_s13\d5.0.3_6.0.3_a8.0.2_L13.flyer",13,0,0,0,300,3,145,68,1432,1434,10,"(Coord { x: 7, y: 0, z: 6 }, ""push limit exceeded"")",0,13,false
"b24d2/_s13\d5.0.3_6.0.4_a6.1.5_L13.flyer",13,0,0,0,300,3,145,68,1432,1433,12,"(Coord { x: 7, y: 1, z: 4 }, ""push limit exceeded"")",0,13,false
"b24d2/_s13\d5.0.3_6.0.5_a10.0.3_L13.flyer",13,0,0,0,300,3,146,60,2044,2044,4,"(Coord { x: 6, y: 1, z: 2 }, ""push limit exceeded"")",0,13,false
"b24d2/_s13\d5.0.3_6.0.5_a7.0.4_L13.flyer",13,0,0,0,300,3,146,60,2044,2044,4,"(Coord { x: 6, y: 0, z: 3 }, ""push limit exceeded"")",0,13,false
"b24d2/_s13\d5.0.3_6.0.6_a6.-1.3_L13.flyer",13,0,0,0,300,3,146,62,1746,1746,6,"(Coord { x: 7, y: 2, z: 2 }, ""push limit exceeded"")",0,13,false
"b24d2/_s13\d5.0.3_6.0.6_a9.-1.3_L13.flyer",13,0,0,0,300,3,146,62,1746,1746,6,"(Coord { x: 7, y: 2, z: 2 }, ""push limit exceeded"")",0,13,false
"b24d2/_s13\d5.0.3_6.1.3_a7.0.2_L13.flyer",13,0,0,0,300,3,145,68,1432,1433,12,"(Coord { x: 8, y: 0, z: 5 }, ""push limit exceeded"")",0,13,false
"b24d2/_s13\d5.0.3_6.1.4_a5.1.3_L13.flyer",13,0,0,0,300,3,145,68,1432,1433,12,"(Coord { x: 7, y: 1, z: 4 }, ""push limit exceeded"")",0,13,false
"b24d2/_s13\d5.0.3_6.1.4_a7.1.3_L13.flyer",13,0,0,0,300,3,145,67,1724,1725,8,"(Coord { x: 10, y: 1, z: 3 }, ""push limit exceeded"")",0,13,false
"b24d2/_s13\d5.0.3_7.0.3_a6.-1.6_L13.flyer",13,0,0,0,300,3,145,68,1432,1434,10,"(Coord { x: 8, y: 0, z: 6 }, ""push limit exceeded"")",0,13,false
"b24d2/_s13\d5.0.3_7.0.3_a9.0.4_L13.flyer",13,0,0,0,300,3,145,68,1432,1434,10,"(Coord { x: 7, y: 0, z: 6 }, ""push limit exceeded"")",0,13,false
"b24d2/_s13\d5.0.3_8.0.3_a7.-1.3_L13.flyer",13,0,0,0,300,3,145,68,1432,1434,10,"(Coord { x: 7, y: 1, z: 6 }, ""push limit exceeded"")",0,13,false
"b24d2/_s13\d5.0.3_9.0.3_a6.-1.5_L13.flyer",13,0,0,0,300,3,145,67,1432,1433,12,"(Coord { x: 7, y: 2, z: 4 }, ""push limit exceeded"")",0,13,false
"b24d2/_s13\d5.0.3_9.0.3_a8.0.4_L13.flyer",13,0,0,0,300,3,145,67,1432,1433,12,"(Coord { x: 7, y: 1, z: 4 }, ""push limit exceeded"")",0,13,false
"b24d2/_s13\d5.0.6_6.0.3_a7.0.4_L13.flyer",13,0,0,0,300,3,146,62,1746,1746,6,"(Coord { x: 6, y: 3, z: 3 }, ""push limit exceeded"")",0,13,false
"b24d2/_s13\d5.0.6_6.0.4_a6.-1.3_L13.flyer",13,0,0,0,300,3,146,60,2044,2044,4,"(Coord { x: 6, y: 2, z: 2 }, ""push limit exceeded"")",0,13,false
"b24d2/_s13\d5.0.6_6.0.4_a8.0.2_L13.flyer",13,0,0,0,300,3,146,60,2044,2044,4,"(Coord { x: 6, y: 1, z: 2 }, ""push limit exceeded"")",0,13,false
"b24d2/_s13\d5.0.6_6.0.5_a6.1.6_L13.flyer",13,0,0,0,300,3,146,69,1145,1146,6,"(Coord { x: 7, y: 1, z: 2 }, ""push limit exceeded"")",0,13,false
"b24d2/_s13\d5.0.6_6.0.6_a5.-1.3_L13.flyer",13,0,0,0,300,3,146,69,1145,1146,6,"(Coord { x: 6, y: 4, z: 3 }, ""push limit exceeded"")",0,13,false
"b24d2/_s13\d5.0.6_6.0.6_a8.0.2_L13.flyer",13,0,0,0,300,3,146,69,1145,1146,6,"(Coord { x: 6, y: 3, z: 3 }, ""push limit exceeded"")",0,13,false
"b24d2/_s13\d5.0.6_6.1.3_a6.1.5_L13.flyer",13,0,0,0,300,3,146,69,1145,1146,6,"(Coord { x: 7, y: 2, z: 3 }, ""push limit exceeded"")",0,13,false
"b24d2/_s13\d5.0.6_6.1.4_a4.0.3_L13.flyer",13,0,0,0,300,3,146,69,1145,1146,6,"(Coord { x: 8, y: 0, z: 3 }, ""push limit exceeded"")",0,13,false
"b24d2/_s13\d5.0.6_6.1.4_a7.0.5_L13.flyer",13,0,0,0,300,3,146,69,1145,1146,6,"(Coord { x: 6, y: 3, z: 3 }, ""push limit exceeded"")",0,13,false
"b24d2/_s13\d5.0.6_7.0.3_a6.-1.5_L13.flyer",13,0,0,0,300,3,146,69,1145,1147,6,"(Coord { x: 7, y: 1, z: 3 }, ""push limit exceeded"")",0,13,false
"b24d2/_s13\d5.0.6_7.0.3_a9.-1.3_L13.flyer",13,0,0,0,300,3,146,69,1145,1147,6,"(Coord { x: 7, y: 3, z: 3 }, ""push limit exceeded"")",0,13,false
"b24d2/_s13\d5.0.6_8.0.3_a7.-1.3_L13.flyer",13,0,0,0,300,3,146,69,1145,1147,6,"(Coord { x: 7, y: 3, z: 3 }, ""push limit exceeded"")",0,13,false
"b24d2/_s13\d5.0.6_9.0.3_a6.-1.6_L13.flyer",13,0,0,0,300,3,146,68,1145,1146,6,"(Coord { x: 7, y: 1, z: 3 }, ""push limit exceeded"")",0,13,false
"b24d2/_s13\d5.0.6_9.0.3_a8.1.3_L13.flyer",13,0,0,0,300,3,146,62,1747,1747,0,"(Coord { x: 9, y: 1, z: 3 }, ""push limit exceeded"")",0,13,false
"b24d2/_s13\d6.0.3_6.0.4_a7.-1.3_L13.flyer",13,0,0,0,300,3,146,63,1746,1746,6,"(Coord { x: 7, y: 0, z: 3 }, ""push limit exceeded"")",0,13,false
"b24d2/_s13\d6.0.3_6.0.5_a5.-1.3_L13.flyer",13,0,0,0,300,3,147,62,1746,1746,6,"(Coord { x: 8, y: 1, z: 3 }, ""push limit exceeded"")",0,13,false
"b24d2/_s13\d6.0.3_6.0.5_a7.1.3_L13.flyer",13,0,0,0,300,3,147,68,1432,1433,12,"(Coord { x: 9, y: 1, z: 3 }, ""push limit exceeded"")",0,13,false
"b24d2/_s13\d6.0.3_6.0.6_a5.1.6_L13.flyer",13,0,0,0,300,3,146,61,1746,1746,6,"(Coord { x: 7, y: 1, z: 2 }, ""push limit exceeded"")",0,13,false
"b24d2/_s13\d6.0.3_6.0.6_a9.0.4_L13.flyer",13,0,0,0,300,3,146,61,1746,1746,6,"(Coord { x: 7, y: 1, z: 2 }, ""push limit exceeded"")",0,13,false
"b24d2/_s13\d6.0.3_6.1.3_a7.-1.3_L13.flyer",13,0,0,0,300,3,145,68,1432,1433,12,"(Coord { x: 8, y: 1, z: 5 }, ""push limit exceeded"")",0,13,false
"b24d2/_s13\d6.0.3_6.1.4_a5.-1.3_L13.flyer",13,0,0,0,300,3,145,68,1432,1433,12,"(Coord { x: 8, y: 1, z: 3 }, ""push limit exceeded"")",0,13,false
"b24d2/_s13\d6.0.3_6.1.4_a7.0.5_L13.flyer",13,0,0,0,300,3,145,68,1432,1433,12,"(Coord { x: 8, y: 0, z: 3 }, ""push limit exceeded"")",0,13,false
"b24d2/_s13\d6.0.3_7.0.3_a5.1.3_L13.flyer",13,0,0,0,300,3,145,67,2016,2017,8,"(Coord { x: 7, y: 0, z: 6 }, ""push limit exceeded"")",0,13,false
"b24d2/_s13\d6.0.3_7.0.3_a8.0.4_L13.flyer",13,0,0,0,300,5,145,76,1138,1138,12,"(Coord { x: 7, y: 1, z: 4 }, ""push limit exceeded"")",0,13,false
"b24d2/_s13\d6.0.3_8.0.3_a6.0.7_L13.flyer",13,0,0,0,300,3,145,67,1432,1433,12,"(Coord { x: 7, y: 1, z: 4 }, ""push limit exceeded"")",0,13,false
"b24d2/_s13\d6.0.3_9.0.3_a5.-1.6_L13.flyer",13,0,0,0,300,3,145,67,1432,1433,12,"(Coord { x: 7, y: 2, z: 4 }, ""push limit exceeded"")",0,13,false
"b24d2/_s13\d6.0.3_9.0.3_a7.0.6_L13.flyer",13,0,0,0,300,3,145,67,1432,1433,12,"(Coord { x: 7, y: 1, z: 4 }, ""push limit exceeded"")",0,13,false
"b24d2/_s13\d6.0.4_6.0.5_a6.-1.3_L13.flyer",13,0,0,0,300,3,147,61,2044,2044,4,"(Coord { x: 7, y: 1, z: 3 }, ""push limit exceeded"")",0,13,false
"b24d2/_s13\d6.0.4_6.0.5_a8.1.3_L13.flyer",13,0,0,0,300,3,147,61,2044,2044,4,"(Coord { x: 7, y: 0, z: 3 }, ""push limit exceeded"")",0,13,false
"b24d2/_s13\d6.0.4_6.0.6_a6.2.3_L13.flyer",13,0,0,0,300,3,147,61,2044,2044,4,"(Coord { x: 6, y: 1, z: 2 }, ""push limit exceeded"")",0,13,false
"b24d2/_s13\d6.0.4_6.1.3_a5.-1.3_L13.flyer",13,0,0,0,300,4,146,72,1418,1418,14,"(Coord { x: 3, y: 6, z: 5 }, ""push limit exceeded"")",0,13,false
"b24d2/_s13\d6.0.4_6.1.3_a7.0.5_L13.flyer",13,0,0,0,300,4,146,72,1418,1418,14,"(Coord { x: 3, y: 5, z: 5 }, ""push limit exceeded"")",0,13,false
"b24d2/_s13\d6.0.4_6.1.4_a5.0.7_L13.flyer",13,0,0,0,300,4,146,72,1418,1418,14,"(Coord { x: 3, y: 5, z: 5 }, ""push limit exceeded"")",0,13,false
"b24d2/_s13\d6.0.4_6.1.4_a7.1.3_L13.flyer",13,0,0,0,300,4,146,72,1418,1418,14,"(Coord { x: 3, y: 5, z: 5 }, ""push limit exceeded"")",0,13,false
"b24d2/_s13\d6.0.4_7.0.3_a6.-1.3_L13.flyer",13,0,0,0,300,3,146,61,2044,2044,4,"(Coord { x: 4, y: 4, z: 4 }, ""push limit exceeded"")",0,13,false
"b24d2/_s13\d6.0.4_7.0.3_a9.-1.3_L13.flyer",13,0,0,0,300,3,146,61,2044,2044,4,"(Coord { x: 4, y: 4, z: 4 }, ""push limit exceeded"")",0,13,false
"b24d2/_s13\d6.0.4_8.0.3_a6.1.5_L13.flyer",13,0,0,0,300,5,146,79,1138,1138,12,"(Coord { x: 7, y: 1, z: 4 }, ""push limit exceeded"")",0,13,false
"b24d2/_s13\d6.0.4_9.0.3_a5.0.2_L13.flyer",13,0,0,0,300,3,146,61,2044,2044,4,"(Coord { x: 4, y: 3, z: 4 }, ""push limit exceeded"")",0,13,false
"b24d2/_s13\d6.0.4_9.0.3_a7.0.6_L13.flyer",13,0,0,0,300,3,146,61,2044,2044,4,"(Coord { x: 4, y: 3, z: 4 }, ""push limit exceeded"")",0,13,false
"b24d2/_s13\d6.0.5_6.0.6_a6.-1.3_L13.flyer",13,0,0,0,300,3,147,69,1432,1433,12,"(Coord { x: 8, y: 1, z: 3 }, ""push limit exceeded"")",0,13,false
"b24d2/_s13\d6.0.5_6.1.3_a10.0.3_L13.flyer",13,0,0,0,300,3,147,69,1432,1433,12,"(Coord { x: 9, y: 0, z: 3 }, ""push limit exceeded"")",0,13,false
"b24d2/_s13\d6.0.5_6.1.3_a7.-1.3_L13.flyer",13,0,0,0,300,3,147,69,1432,1433,12,"(Coord { x: 9, y: 1, z: 3 }, ""push limit exceeded"")",0,13,false
"b24d2/_s13\d6.0.5_6.1.4_a5.-1.6_L13.flyer",13,0,0,0,300,5,147,82,845,845,14,"(Coord { x: 3, y: 6, z: 5 }, ""push limit exceeded"")",0,13,false
"b24d2/_s13\d6.0.5_6.1.4_a7.1.3_L13.flyer",13,0,0,0,300,3,147,71,1720,1721,10,"(Coord { x: 9, y: 3, z: 2 }, ""push limit exceeded"")",0,13,false
"b24d2/_s13\d6.0.5_7.0.3_a6.-1.3_L13.flyer",13,0,0,0,300,5,146,77,1138,1138,12,"(Coord { x: 8, y: 3, z: 4 }, ""immovable obstruction"")",0,13,false
"b24d2/_s13\d6.0.5_7.0.3_a9.-1.3_L13.flyer",13,0,0,0,300,5,146,77,1138,1138,12,"(Coord { x: 8, y: 3, z: 4 }, ""immovable obstruction"")",0,13,false
"b24d2/_s13\d6.0.5_8.0.3_a6.1.5_L13.flyer",13,0,0,0,300,5,146,77,1138,1138,12,"(Coord { x: 8, y: 2, z: 4 }, ""immovable obstruction"")",0,13,false
"b24d2/_s13\d6.0.5_9.0.3_a5.0.7_L13.flyer",13,0,0,0,300,3,147,68,1432,1433,12,"(Coord { x: 8, y: 0, z: 3 }, ""push limit exceeded"")",0,13,false
"b24d2/_s13\d6.0.5_9.0.3_a7.1.4_L13.flyer",13,0,0,0,300,3,148,69,1432,1433,12,"(Coord { x: 8, y: 2, z: 4 }, ""immovable obstruction"")",0,13,false
"b24d2/_s13\d6.0.6_6.1.3_a6.-1.5_L13.flyer",13,0,0,0,300,3,147,70,1432,1433,12,"(Coord { x: 8, y: 3, z: 4 }, ""immovable obstruction"")",0,13,false
"b24d2/_s13\d6.0.6_6.1.4_a4.0.3_L13.flyer",13,0,0,0,300,4,147,89,3,3,12,"(Coord { x: 7, y: 1, z: 4 }, ""push limit exceeded"")",0,13,false
"b24d2/_s13\d6.0.6_6.1.4_a7.0.4_L13.flyer",13,0,0,0,300,5,147,89,3,3,12,"(Coord { x: 7, y: 1, z: 4 }, ""push limit exceeded"")",0,13,false
"b24d2/_s13\d6.0.6_7.0.3_a5.1.3_L13.flyer",13,0,0,0,300,5,146,89,563,564,10,"(Coord { x: 11, y: 3, z: 2 }, ""immovable obstruction"")",0,13,false
"b24d2/_s13\d6.0.6_7.0.3_a9.-1.3_L13.flyer",13,0,0,0,300,5,146,89,563,564,10,"(Coord { x: 11, y: 4, z: 2 }, ""immovable obstruction"")",0,13,false
"b24d2/_s13\d6.0.6_8.0.3_a6.2.3_L13.flyer",13,0,0,0,300,3,147,69,1436,1437,0,"(Coord { x: 7, y: 2, z: 3 }, ""immovable obstruction"")",0,13,false
"b24d2/_s13\d6.0.6_9.0.3_a5.1.6_L13.flyer",13,0,0,0,300,4,146,71,1734,1734,8,"(Coord { x: 4, y: 3, z: 8 }, ""push limit exceeded"")",0,13,false
"b24d2/_s13\d6.0.6_9.0.3_a8.1.3_L13.flyer",13,0,0,0,300,3,146,67,1724,1725,8,"(Coord { x: 10, y: 2, z: 3 }, ""push limit exceeded"")",0,13,false
"b24d2/_s13\d6.1.3_6.1.4_a6.1.5_L13.flyer",13,0,0,0,300,5,146,83,843,843,12,"(Coord { x: 7, y: 0, z: 5 }, ""push limit exceeded"")",0,13,false
"b24d2/_s13\d6.1.3_7.0.3_a4.0.6_L13.flyer",13,0,0,0,300,3,146,71,1432,1433,12,"(Coord { x: 7, y: 0, z: 5 }, ""push limit exceeded"")",0,13,false
"b24d2/_s13\d6.1.3_7.0.3_a7.0.5_L13.flyer",13,0,0,0,300,3,146,71,1432,1433,12,"(Coord { x: 7, y: 0, z: 5 }, ""push limit exceeded"")",0,13,false
"b24d2/_s13\d6.1.3_8.0.3_a5.1.3_L13.flyer",13,0,0,0,300,3,146,71,1432,1433,12,"(Coord { x: 7, y: 0, z: 5 }, ""push limit exceeded"")",0,13,false
"b24d2/_s13\d6.1.3_8.0.3_a7.1.4_L13.flyer",13,0,0,0,300,4,145,74,1702,1702,14,"(Coord { x: 9, y: 2, z: 3 }, ""immovable obstruction"")",0,13,false
"b24d2/_s13\d6.1.3_9.0.3_a6.0.7_L13.flyer",13,0,0,0,300,3,146,70,1432,1433,12,"(Coord { x: 7, y: 0, z: 5 }, ""push limit exceeded"")",0,13,false
"b24d2/_s13\d6.1.4_7.0.3_a4.0.6_L13.flyer",13,0,0,0,300,4,145,104,547,548,10,"(Coord { x: 11, y: 3, z: 2 }, ""immovable obstruction"")",0,13,false
"b24d2/_s13\d6.1.4_7.0.3_a7.0.4_L13.flyer",13,0,0,0,300,6,145,104,547,548,10,"(Coord { x: 11, y: 3, z: 2 }, ""immovable obstruction"")",0,13,false
"b24d2/_s13\d6.1.4_8.0.3_a5.0.7_L13.flyer",13,0,0,0,300,5,145,104,547,548,10,"(Coord { x: 11, y: 3, z: 2 }, ""immovable obstruction"")",0,13,false
"b24d2/_s13\d6.1.4_8.0.3_a7.0.6_L13.flyer",13,0,0,0,300,6,145,104,547,548,10,"(Coord { x: 11, y: 3, z: 2 }, ""immovable obstruction"")",0,13,false
"b24d2/_s13\d6.1.4_9.0.3_a6.0.2_L13.flyer",13,0,0,0,300,3,145,67,2016,2017,8,"(Coord { x: 10, y: 1, z: 3 }, ""push limit exceeded"")",0,13,false
"b24d2/_s13\d7.0.3_8.0.3_a4.0.3_L13.flyer",13,0,0,0,300,4,146,82,1122,1122,12,"(Coord { x: 8, y: 2, z: 4 }, ""immovable obstruction"")",0,13,false
"b24d2/_s13\d7.0.3_8.0.3_a6.2.3_L13.flyer",13,0,0,0,300,3,146,69,1436,1437,0,"(Coord { x: 7, y: 2, z: 3 }, ""immovable obstruction"")",0,13,false
"b24d2/_s13\d7.0.3_9.0.3_a6.-1.3_L13.flyer",13,0,0,0,300,3,145,67,2016,2017,8,"(Coord { x: 7, y: 1, z: 6 }, ""push limit exceeded"")",0,13,false
"b24d2/_s13\d7.0.3_9.0.3_a8.0.4_L13.flyer",13,0,0,0,300,3,145,67,2016,2017,8,"(Coord { x: 7, y: 0, z: 6 }, ""push limit exceeded"")",0,13,false
"b24d2/_s13\d8.0.3_9.0.3_a6.1.5_L13.flyer",13,0,0,0,300,3,145,67,2016,2017,8,"(Coord { x: 7, y: 0, z: 6 }, ""push limit exceeded"")",0,13,false
"b24d2/_s14\d5.0.3_5.0.6_a7.0.5_L13.flyer",13,0,0,0,300,3,145,59,2044,2044,4,"(Coord { x: 6, y: 0, z: 5 }, ""push limit exceeded"")",0,13,false
"b24d2/_s14\d5.0.3_6.0.3_a6.-1.4_L13.flyer",13,0,0,0,300,3,145,68,1432,1434,10,"(Coord { x: 7, y: 1, z: 6 }, ""push limit exceeded"")",0,13,false
"b24d2/_s14\d5.0.3_6.0.3_a8.0.4_L13.flyer",13,0,0,0,300,3,145,68,1432,1434,10,"(Coord { x: 7, y: 0, z: 6 }, ""push limit exceeded"")",0,13,false
"b24d2/_s14\d5.0.3_6.0.4_a6.1.6_L13.flyer",13,0,0,0,300,3,145,60,2044,2044,4,"(Coord { x: 6, y: 1, z: 2 }, ""push limit exceeded"")",0,13,false
"b24d2/_s14\d5.0.3_6.0.5_a4.0.6_L13.flyer",13,0,0,0,300,3,146,60,2044,2044,4,"(Coord { x: 6, y: 1, z: 2 }, ""push limit exceeded"")",0,13,false
"b24d2/_s14\d5.0.3_6.0.5_a7.0.6_L13.flyer",13,0,0,0,300,3,146,60,2044,2044,4,"(Coord { x: 6, y: 1, z: 2 }, ""push limit exceeded"")",0,13,false
"b24d2/_s14\d5.0.3_6.0.6_a6.-1.4_L13.flyer",13,0,0,0,300,3,146,62,1746,1746,6,"(Coord { x: 7, y: 1, z: 3 }, ""push limit exceeded"")",0,13,false
"b24d2/_s14\d5.0.3_6.0.6_a9.0.4_L13.flyer",13,0,0,0,300,3,146,62,1746,1746,6,"(Coord { x: 7, y: 1, z: 2 }, ""push limit exceeded"")",0,13,false
"b24d2/_s14\d5.0.3_6.1.3_a7.0.4_L13.flyer",13,0,0,0,300,3,145,68,1432,1433,12,"(Coord { x: 9, y: 0, z: 4 }, ""push limit exceeded"")",0,13,false
"b24d2/_s14\d5.0.3_6.1.4_a5.1.6_L13.flyer",13,0,0,0,300,3,145,68,1432,1433,12,"(Coord { x: 6, y: 2, z: 4 }, ""push limit exceeded"")",0,13,false
"b24d2/_s14\d5.0.3_6.1.4_a8.-1.3_L13.flyer",13,0,0,0,300,3,145,68,1432,1433,12,"(Coord { x: 7, y: 2, z: 4 }, ""push limit exceeded"")",0,13,false
"b24d2/_s14\d5.0.3_7.0.3_a6.0.2_L13.flyer",13,0,0,0,300,3,145,68,1432,1434,10,"(Coord { x: 7, y: 0, z: 6 }, ""push limit exceeded"")",0,13,false
"b24d2/_s14\d5.0.3_8.0.3_a10.0.3_L13.flyer",13,0,0,0,300,3,145,61,2040,2040,6,"(Coord { x: 10, y: 1, z: 3 }, ""push limit exceeded"")",0,13,false
"b24d2/_s14\d5.0.3_8.0.3_a7.0.2_L13.flyer",13,0,0,0,300,3,145,68,1432,1434,10,"(Coord { x: 7, y: 0, z: 6 }, ""push limit exceeded"")",0,13,false
"b24d2/_s14\d5.0.3_9.0.3_a6.-1.6_L13.flyer",13,0,0,0,300,3,145,67,1432,1433,12,"(Coord { x: 7, y: 2, z: 4 }, ""push limit exceeded"")",0,13,false
"b24d2/_s14\d5.0.3_9.0.3_a8.1.3_L13.flyer",13,0,0,0,300,3,145,61,1747,1747,0,"(Coord { x: 9, y: 1, z: 3 }, ""push limit exceeded"")",0,13,false
"b24d2/_s14\d5.0.6_6.0.3_a7.0.5_L13.flyer",13,0,0,0,300,3,146,61,1746,1746,6,"(Coord { x: 7, y: 2, z: 3 }, ""push limit exceeded"")",0,13,false
"b24d2/_s14\d5.0.6_6.0.4_a6.-1.5_L13.flyer",13,0,0,0,300,3,146,60,2044,2044,4,"(Coord { x: 6, y: 2, z: 2 }, ""push limit exceeded"")",0,13,false
"b24d2/_s14\d5.0.6_6.0.4_a8.0.4_L13.flyer",13,0,0,0,300,3,146,60,2044,2044,4,"(Coord { x: 6, y: 1, z: 2 }, ""push limit exceeded"")",0,13,false
"b24d2/_s14\d5.0.6_6.0.5_a6.2.3_L13.flyer",13,0,0,0,300,3,146,63,1748,1748,0,"(Coord { x: 7, y: 2, z: 3 }, ""immovable obstruction"")",0,13,false
"b24d2/_s14\d5.0.6_6.0.6_a5.0.2_L13.flyer",13,0,0,0,300,3,146,69,1145,1146,6,"(Coord { x: 6, y: 3, z: 3 }, ""push limit exceeded"")",0,13,false
"b24d2/_s14\d5.0.6_6.0.6_a8.0.4_L13.flyer",13,0,0,0,300,3,146,69,1145,1146,6,"(Coord { x: 6, y: 3, z: 3 }, ""push limit exceeded"")",0,13,false
"b24d2/_s14\d5.0.6_6.1.3_a6.1.6_L13.flyer",13,0,0,0,300,3,146,69,1145,1146,6,"(Coord { x: 7, y: 2, z: 3 }, ""push limit exceeded"")",0,13,false
"b24d2/_s14\d5.0.6_6.1.4_a5.-1.3_L13.flyer",13,0,0,0,300,3,146,69,1145,1146,6,"(Coord { x: 8, y: 1, z: 3 }, ""push limit exceeded"")",0,13,false
"b24d2/_s14\d5.0.6_6.1.4_a7.0.6_L13.flyer",13,0,0,0,300,3,146,69,1145,1146,6,"(Coord { x: 6, y: 3, z: 3 }, ""push limit exceeded"")",0,13,false
"b24d2/_s14\d5.0.6_7.0.3_a6.-1.6_L13.flyer",13,0,0,0,300,3,146,69,1145,1147,6,"(Coord { x: 7, y: 1, z: 3 }, ""push limit exceeded"")",0,13,false
"b24d2/_s14\d5.0.6_7.0.3_a9.0.4_L13.flyer",13,0,0,0,300,3,146,69,1145,1147,6,"(Coord { x: 7, y: 2, z: 3 }, ""push limit exceeded"")",0,13,false
"b24d2/_s14\d5.0.6_8.0.3_a7.0.2_L13.flyer",13,0,0,0,300,3,146,69,1145,1147,6,"(Coord { x: 7, y: 2, z: 3 }, ""push limit exceeded"")",0,13,false
"b24d2/_s14\d5.0.6_9.0.3_a6.0.2_L13.flyer",13,0,0,0,300,3,146,68,1145,1146,6,"(Coord { x: 7, y: 2, z: 3 }, ""push limit exceeded"")",0,13,false
"b24d2/_s14\d6.0.3_6.0.4_a10.0.3_L13.flyer",13,0,0,0,300,3,146,63,1746,1746,6,"(Coord { x: 5, y: 4, z: 3 }, ""push limit exceeded"")",0,13,false
"b24d2/_s14\d6.0.3_6.0.4_a7.0.2_L13.flyer",13,0,0,0,300,3,146,63,1746,1746,6,"(Coord { x: 7, y: 0, z: 2 }, ""push limit exceeded"")",0,13,false
"b24d2/_s14\d6.0.3_6.0.5_a5.-1.6_L13.flyer",13,0,0,0,300,3,147,62,1746,1746,6,"(Coord { x: 8, y: 1, z: 3 }, ""push limit exceeded"")",0,13,false
"b24d2/_s14\d6.0.3_6.0.5_a7.1.4_L13.flyer",13,0,0,0,300,3,147,62,1746,1746,6,"(Coord { x: 7, y: 1, z: 2 }, ""push limit exceeded"")",0,13,false
"b24d2/_s14\d6.0.3_6.0.6_a6.-1.4_L13.flyer",13,0,0,0,300,3,146,61,1746,1746,6,"(Coord { x: 7, y: 1, z: 3 }, ""push limit exceeded"")",0,13,false
"b24d2/_s14\d6.0.3_6.1.3_a10.0.3_L13.flyer",13,0,0,0,300,3,145,67,1432,1433,12,"(Coord { x: 8, y: 0, z: 5 }, ""push limit exceeded"")",0,13,false
"b24d2/_s14\d6.0.3_6.1.3_a7.0.2_L13.flyer",13,0,0,0,300,3,145,68,1432,1433,12,"(Coord { x: 8, y: 0, z: 5 }, ""push limit exceeded"")",0,13,false
"b24d2/_s14\d6.0.3_6.1.4_a5.-1.6_L13.flyer",13,0,0,0,300,3,145,68,1432,1433,12,"(Coord { x: 8, y: 1, z: 3 }, ""push limit exceeded"")",0,13,false
"b24d2/_s14\d6.0.3_6.1.4_a7.0.6_L13.flyer",13,0,0,0,300,3,145,68,1432,1433,12,"(Coord { x: 8, y: 0, z: 3 }, ""push limit exceeded"")",0,13,false
"b24d2/_s14\d6.0.3_7.0.3_a5.1.6_L13.flyer",13,0,0,0,300,3,145,67,1432,1433,12,"(Coord { x: 6, y: 2, z: 4 }, ""push limit exceeded"")",0,13,false
"b24d2/_s14\d6.0.3_7.0.3_a8.1.3_L13.flyer",13,0,0,0,300,3,145,67,1433,1434,8,"(Coord { x: 7, y: 0, z: 4 }, ""push limit exceeded"")",0,13,false
"b24d2/_s14\d6.0.3_8.0.3_a6.1.5_L13.flyer",13,0,0,0,300,3,145,67,1432,1433,12,"(Coord { x: 7, y: 1, z: 4 }, ""push limit exceeded"")",0,13,false
"b24d2/_s14\d6.0.3_9.0.3_a5.0.2_L13.flyer",13,0,0,0,300,3,145,67,1432,1433,12,"(Coord { x: 7, y: 1, z: 4 }, ""push limit exceeded"")",0,13,false
"b24d2/_s14\d6.0.3_9.0.3_a7.1.3_L13.flyer",13,0,0,0,300,3,145,67,1432,1433,12,"(Coord { x: 7, y: 1, z: 4 }, ""push limit exceeded"")",0,13,false
"b24d2/_s14\d6.0.4_6.0.5_a6.-1.6_L13.flyer",13,0,0,0,300,3,147,61,2044,2044,4,"(Coord { x: 7, y: 1, z: 3 }, ""push limit exceeded"")",0,13,false
"b24d2/_s14\d6.0.4_6.0.5_a9.-1.3_L13.flyer",13,0,0,0,300,3,147,61,2044,2044,4,"(Coord { x: 7, y: 1, z: 3 }, ""push limit exceeded"")",0,13,false
"b24d2/_s14\d6.0.4_6.0.6_a7.-1.3_L13.flyer",13,0,0,0,300,3,147,61,2044,2044,4,"(Coord { x: 7, y: 1, z: 3 }, ""push limit exceeded"")",0,13,false
"b24d2/_s14\d6.0.4_6.1.3_a5.-1.6_L13.flyer",13,0,0,0,300,4,146,72,1418,1418,14,"(Coord { x: 3, y: 6, z: 5 }, ""push limit exceeded"")",0,13,false
"b24d2/_s14\d6.0.4_6.1.3_a7.0.6_L13.flyer",13,0,0,0,300,4,146,72,1418,1418,14,"(Coord { x: 3, y: 5, z: 5 }, ""push limit exceeded"")",0,13,false
"b24d2/_s14\d6.0.4_6.1.4_a5.1.3_L13.flyer",13,0,0,0,300,4,146,72,1418,1418,14,"(Coord { x: 3, y: 5, z: 5 }, ""push limit exceeded"")",0,13,false
"b24d2/_s14\d6.0.4_6.1.4_a8.-1.3_L13.flyer",13,0,0,0,300,4,146,72,1418,1418,14,"(Coord { x: 3, y: 6, z: 5 }, ""push limit exceeded"")",0,13,false
"b24d2/_s14\d6.0.4_7.0.3_a6.-1.5_L13.flyer",13,0,0,0,300,3,146,61,2044,2044,4,"(Coord { x: 4, y: 4, z: 4 }, ""push limit exceeded"")",0,13,false
"b24d2/_s14\d6.0.4_7.0.3_a9.0.4_L13.flyer",13,0,0,0,300,3,146,61,2044,2044,4,"(Coord { x: 4, y: 3, z: 4 }, ""push limit exceeded"")",0,13,false
"b24d2/_s14\d6.0.4_8.0.3_a6.1.6_L13.flyer",13,0,0,0,300,3,146,61,2044,2044,4,"(Coord { x: 4, y: 3, z: 4 }, ""push limit exceeded"")",0,13,false
"b24d2/_s14\d6.0.4_9.0.3_a5.0.7_L13.flyer",13,0,0,0,300,3,146,61,2044,2044,4,"(Coord { x: 4, y: 3, z: 4 }, ""push limit exceeded"")",0,13,false
"b24d2/_s14\d6.0.4_9.0.3_a7.1.3_L13.flyer",13,0,0,0,300,3,146,61,2044,2044,4,"(Coord { x: 6, y: 1, z: 2 }, ""push limit exceeded"")",0,13,false
"b24d2/_s14\d6.0.5_6.0.6_a6.-1.4_L13.flyer",13,0,0,0,300,3,147,69,1432,1433,12,"(Coord { x: 8, y: 0, z: 4 }, ""push limit exceeded"")",0,13,false
"b24d2/_s14\d6.0.5_6.1.3_a4.0.3_L13.flyer",13,0,0,0,300,3,147,69,1432,1433,12,"(Coord { x: 9, y: 0, z: 3 }, ""push limit exceeded"")",0,13,false
"b24d2/_s14\d6.0.5_6.1.3_a7.0.2_L13.flyer",13,0,0,0,300,3,147,69,1432,1433,12,"(Coord { x: 9, y: 0, z: 3 }, ""push limit exceeded"")",0,13,false
"b24d2/_s14\d6.0.5_6.1.4_a5.0.2_L13.flyer",13,0,0,0,300,5,147,82,845,845,14,"(Coord { x: 3, y: 5, z: 5 }, ""push limit exceeded"")",0,13,false
"b24d2/_s14\d6.0.5_6.1.4_a8.-1.3_L13.flyer",13,0,0,0,300,5,147,82,845,845,14,"(Coord { x: 3, y: 6, z: 5 }, ""push limit exceeded"")",0,13,false
"b24d2/_s14\d6.0.5_7.0.3_a6.-1.4_L13.flyer",13,0,0,0,300,5,146,77,1138,1138,12,"(Coord { x: 8, y: 3, z: 4 }, ""immovable obstruction"")",0,13,false
"b24d2/_s14\d6.0.5_7.0.3_a9.0.4_L13.flyer",13,0,0,0,300,5,146,77,1138,1138,12,"(Coord { x: 8, y: 2, z: 4 }, ""immovable obstruction"")",0,13,false
"b24d2/_s14\d6.0.5_8.0.3_a6.1.6_L13.flyer",13,0,0,0,300,5,146,73,1432,1432,10,"(Coord { x: 5, y: 1, z: 5 }, ""push limit exceeded"")",0,13,false
"b24d2/_s14\d6.0.5_9.0.3_a5.1.3_L13.flyer",13,0,0,0,300,3,147,68,1432,1433,12,"(Coord { x: 8, y: 0, z: 3 }, ""push limit exceeded"")",0,13,false
"b24d2/_s14\d6.0.5_9.0.3_a8.-1.3_L13.flyer",13,0,0,0,300,3,147,68,1432,1433,12,"(Coord { x: 8, y: 1, z: 3 }, ""push limit exceeded"")",0,13,false
"b24d2/_s14\d6.0.6_6.1.3_a6.0.2_L13.flyer",13,0,0,0,300,5,147,90,569,569,14,"(Coord { x: 9, y: 0, z: 3 }, ""push limit exceeded"")",0,13,false
"b24d2/_s14\d6.0.6_6.1.4_a4.0.6_L13.flyer",13,0,0,0,300,4,147,89,3,3,12,"(Coord { x: 7, y: 1, z: 4 }, ""push limit exceeded"")",0,13,false
"b24d2/_s14\d6.0.6_6.1.4_a7.0.5_L13.flyer",13,0,0,0,300,5,147,89,3,3,12,"(Coord { x: 7, y: 1, z: 4 }, ""push limit exceeded"")",0,13,false
"b24d2/_s14\d6.0.6_7.0.3_a5.1.6_L13.flyer",13,0,0,0,300,4,147,73,2300,2301,8,"(Coord { x: 4, y: 3, z: 8 }, ""push limit exceeded"")",0,13,false
"b24d2/_s14\d6.0.6_7.0.3_a9.0.4_L13.flyer",13,0,0,0,300,5,146,89,563,564,10,"(Coord { x: 11, y: 3, z: 2 }, ""immovable obstruction"")",0,13,false
"b24d2/_s14\d6.0.6_8.0.3_a7.-1.3_L13.flyer",13,0,0,0,300,5,146,89,563,564,10,"(Coord { x: 11, y: 4, z: 2 }, ""immovable obstruction"")",0,13,false
"b24d2/_s14\d6.0.6_9.0.3_a6.-1.3_L13.flyer",13,0,0,0,300,5,147,79,1131,1131,14,"(Coord { x: 9, y: 1, z: 3 }, ""push limit exceeded"")",0,13,false
"b24d2/_s14\d6.1.3_6.1.4_a10.0.3_L13.flyer",13,0,0,0,300,5,146,83,843,843,12,"(Coord { x: 7, y: 0, z: 5 }, ""push limit exceeded"")",0,13,false
"b24d2/_s14\d6.1.3_6.1.4_a6.1.6_L13.flyer",13,0,0,0,300,5,146,83,843,843,12,"(Coord { x: 7, y: 0, z: 5 }, ""push limit exceeded"")",0,13,false
"b24d2/_s14\d6.1.3_7.0.3_a5.-1.3_L13.flyer",13,0,0,0,300,3,146,71,1432,1433,12,"(Coord { x: 7, y: 1, z: 5 }, ""push limit exceeded"")",0,13,false
"b24d2/_s14\d6.1.3_7.0.3_a7.0.6_L13.flyer",13,0,0,0,300,3,146,71,1432,1433,12,"(Coord { x: 7, y: 0, z: 5 }, ""push limit exceeded"")",0,13,false
"b24d2/_s14\d6.1.3_8.0.3_a5.1.6_L13.flyer",13,0,0,0,300,3,146,71,1432,1433,12,"(Coord { x: 7, y: 2, z: 4 }, ""push limit exceeded"")",0,13,false
"b24d2/_s14\d6.1.3_8.0.3_a9.-1.3_L13.flyer",13,0,0,0,300,3,146,71,1432,1433,12,"(Coord { x: 7, y: 1, z: 5 }, ""push limit exceeded"")",0,13,false
"b24d2/_s14\d6.1.3_9.0.3_a6.1.5_L13.flyer",13,0,0,0,300,3,146,70,1432,1433,12,"(Coord { x: 7, y: 0, z: 5 }, ""push limit exceeded"")",0,13,false
"b24d2/_s14\d6.1.4_7.0.3_a5.-1.3_L13.flyer",13,0,0,0,300,5,145,104,547,548,10,"(Coord { x: 11, y: 4, z: 2 }, ""immovable obstruction"")",0,13,false
"b24d2/_s14\d6.1.4_7.0.3_a7.0.5_L13.flyer",13,0,0,0,300,6,145,104,547,548,10,"(Coord { x: 11, y: 3, z: 2 }, ""immovable obstruction"")",0,13,false
"b24d2/_s14\d6.1.4_8.0.3_a5.1.3_L13.flyer",13,0,0,0,300,6,145,104,547,548,10,"(Coord { x: 11, y: 3, z: 2 }, ""immovable obstruction"")",0,13,false
"b24d2/_s14\d6.1.4_8.0.3_a7.1.3_L13.flyer",13,0,0,0,300,3,146,74,875,876,6,"(Coord { x: 9, y: 1, z: 3 }, ""immovable obstruction"")",0,13,false
"b24d2/_s14\d6.1.4_9.0.3_a6.0.7_L13.flyer",13,0,0,0,300,3,145,67,2016,2017,8,"(Coord { x: 10, y: 1, z: 3 }, ""push limit exceeded"")",0,13,false
"b24d2/_s14\d7.0.3_8.0.3_a4.0.6_L13.flyer",13,0,0,0,300,4,146,82,1122,1122,12,"(Coord { x: 8, y: 2, z: 4 }, ""immovable obstruction"")",0,13,false
"b24d2/_s14\d7.0.3_8.0.3_a7.0.4_L13.flyer",13,0,0,0,300,3,145,67,2016,2017,8,"(Coord { x: 7, y: 0, z: 6 }, ""push limit exceeded"")",0,13,false
"b24d2/_s14\d7.0.3_9.0.3_a6.-1.4_L13.flyer",13,0,0,0,300,3,145,67,2016,2017,8,"(Coord { x: 7, y: 1, z: 6 }, ""push limit exceeded"")",0,13,false
"b24d2/_s14\d7.0.3_9.0.3_a8.1.3_L13.flyer",13,0,0,0,300,3,145,67,2016,2017,8,"(Coord { x: 7, y: 0, z: 6 }, ""push limit exceeded"")",0,13,false
"b24d2/_s14\d8.0.3_9.0.3_a6.1.6_L13.flyer",13,0,0,0,300,3,145,67,2016,2017,8,"(Coord { x: 8, y: 1, z: 6 }, ""push limit exceeded"")",0,13,false
"b24d2/_s15\d5.0.3_5.0.6_a7.0.6_L13.flyer",13,0,0,0,300,3,145,59,2044,2044,4,"(Coord { x: 6, y: 0, z: 5 }, ""push limit exceeded"")",0,13,false
"b24d2/_s15\d5.0.3_6.0.3_a6.-1.5_L13.flyer",13,0,0,0,300,3,145,68,1432,1434,10,"(Coord { x: 7, y: 1, z: 6 }, ""push limit exceeded"")",0,13,false
"b24d2/_s15\d5.0.3_6.0.3_a8.1.3_L13.flyer",13,0,0,0,300,3,145,67,1433,1434,8,"(Coord { x: 7, y: 2, z: 4 }, ""push limit exceeded"")",0,13,false
"b24d2/_s15\d5.0.3_6.0.4_a6.2.3_L13.flyer",13,0,0,0,300,3,145,60,2044,2044,4,"(Coord { x: 7, y: 2, z: 3 }, ""push limit exceeded"")",0,13,false
"b24d2/_s15\d5.0.3_6.0.5_a5.-1.6_L13.flyer",13,0,0,0,300,3,146,60,2044,2044,4,"(Coord { x: 6, y: 2, z: 2 }, ""push limit exceeded"")",0,13,false
"b24d2/_s15\d5.0.3_6.0.5_a7.1.3_L13.flyer",13,0,0,0,300,3,146,60,2044,2044,4,"(Coord { x: 7, y: 1, z: 3 }, ""push limit exceeded"")",0,13,false
"b24d2/_s15\d5.0.3_6.0.6_a6.-1.5_L13.flyer",13,0,0,0,300,3,146,62,1746,1746,6,"(Coord { x: 7, y: 2, z: 2 }, ""push limit exceeded"")",0,13,false
"b24d2/_s15\d5.0.3_6.1.3_a10.0.3_L13.flyer",13,0,0,0,300,3,145,68,1432,1433,12,"(Coord { x: 8, y: 0, z: 5 }, ""push limit exceeded"")",0,13,false
"b24d2/_s15\d5.0.3_6.1.3_a7.0.5_L13.flyer",13,0,0,0,300,3,145,68,1432,1433,12,"(Coord { x: 8, y: 0, z: 5 }, ""push limit exceeded"")",0,13,false
"b24d2/_s15\d5.0.3_6.1.4_a6.-1.3_L13.flyer",13,0,0,0,300,3,145,68,1432,1433,12,"(Coord { x: 7, y: 2, z: 4 }, ""push limit exceeded"")",0,13,false
"b24d2/_s15\d5.0.3_6.1.4_a8.0.2_L13.flyer",13,0,0,0,300,3,145,68,1432,1433,12,"(Coord { x: 7, y: 1, z: 4 }, ""push limit exceeded"")",0,13,false
"b24d2/_s15\d5.0.3_7.0.3_a6.0.7_L13.flyer",13,0,0,0,300,3,145,68,1432,1434,10,"(Coord { x: 8, y: 0, z: 7 }, ""push limit exceeded"")",0,13,false
"b24d2/_s15\d5.0.3_8.0.3_a4.0.6_L13.flyer",13,0,0,0,300,4,145,76,1138,1138,12,"(Coord { x: 7, y: 1, z: 4 }, ""push limit exceeded"")",0,13,false
"b24d2/_s15\d5.0.3_8.0.3_a7.0.4_L13.flyer",13,0,0,0,300,3,145,68,1432,1434,10,"(Coord { x: 7, y: 0, z: 6 }, ""push limit exceeded"")",0,13,false
"b24d2/_s15\d5.0.3_9.0.3_a6.0.2_L13.flyer",13,0,0,0,300,3,145,67,1432,1433,12,"(Coord { x: 7, y: 1, z: 4 }, ""push limit exceeded"")",0,13,false
"b24d2/_s15\d5.0.6_6.0.3_a10.0.3_L13.flyer",13,0,0,0,300,3,146,61,1746,1746,6,"(Coord { x: 6, y: 3, z: 3 }, ""push limit exceeded"")",0,13,false
"b24d2/_s15\d5.0.6_6.0.3_a7.0.6_L13.flyer",13,0,0,0,300,3,146,61,1746,1746,6,"(Coord { x: 7, y: 2, z: 3 }, ""push limit exceeded"")",0,13,false
"b24d2/_s15\d5.0.6_6.0.4_a6.-1.6_L13.flyer",13,0,0,0,300,3,146,60,2044,2044,4,"(Coord { x: 6, y: 2, z: 2 }, ""push limit exceeded"")",0,13,false
"b24d2/_s15\d5.0.6_6.0.4_a8.1.3_L13.flyer",13,0,0,0,300,3,146,60,2044,2044,4,"(Coord { x: 6, y: 1, z: 2 }, ""push limit exceeded"")",0,13,false
"b24d2/_s15\d5.0.6_6.0.5_a7.-1.3_L13.flyer",13,0,0,0,300,3,146,69,1145,1146,6,"(Coord { x: 7, y: 2, z: 2 }, ""push limit exceeded"")",0,13,false
"b24d2/_s15\d5.0.6_6.0.6_a5.1.3_L13.flyer",13,0,0,0,300,3,146,69,1145,1146,6,"(Coord { x: 6, y: 3, z: 3 }, ""push limit exceeded"")",0,13,false
"b24d2/_s15\d5.0.6_6.0.6_a8.1.3_L13.flyer",13,0,0,0,300,3,146,62,1748,1748,0,"(Coord { x: 9, y: 1, z: 3 }, ""push limit exceeded"")",0,13,false
"b24d2/_s15\d5.0.6_6.1.3_a7.-1.3_L13.flyer",13,0,0,0,300,3,146,69,1145,1146,6,"(Coord { x: 6, y: 4, z: 3 }, ""push limit exceeded"")",0,13,false
"b24d2/_s15\d5.0.6_6.1.4_a5.0.2_L13.flyer",13,0,0,0,300,3,146,69,1145,1146,6,"(Coord { x: 8, y: 0, z: 3 }, ""push limit exceeded"")",0,13,false
"b24d2/_s15\d5.0.6_6.1.4_a7.1.3_L13.flyer",13,0,0,0,300,3,145,67,1724,1725,8,"(Coord { x: 10, y: 1, z: 3 }, ""push limit exceeded"")",0,13,false
"b24d2/_s15\d5.0.6_7.0.3_a6.0.2_L13.flyer",13,0,0,0,300,3,146,69,1145,1147,6,"(Coord { x: 7, y: 2, z: 3 }, ""push limit exceeded"")",0,13,false
"b24d2/_s15\d5.0.6_8.0.3_a10.0.3_L13.flyer",13,0,0,0,300,3,145,61,2040,2040,6,"(Coord { x: 7, y: 2, z: 3 }, ""push limit exceeded"")",0,13,false
"b24d2/_s15\d5.0.6_8.0.3_a7.0.4_L13.flyer",13,0,0,0,300,3,146,69,1145,1147,6,"(Coord { x: 7, y: 0, z: 3 }, ""push limit exceeded"")",0,13,false
"b24d2/_s15\d5.0.6_9.0.3_a6.0.7_L13.flyer",13,0,0,0,300,3,146,68,1145,1146,6,"(Coord { x: 7, y: 0, z: 3 }, ""push limit exceeded"")",0,13,false
"b24d2/_s15\d6.0.3_6.0.4_a4.0.3_L13.flyer",13,0,0,0,300,3,146,63,1746,1746,6,"(Coord { x: 5, y: 4, z: 3 }, ""push limit exceeded"")",0,13,false
"b24d2/_s15\d6.0.3_6.0.4_a7.0.4_L13.flyer",13,0,0,0,300,5,146,77,1138,1138,12,"(Coord { x: 8, y: 2, z: 4 }, ""immovable obstruction"")",0,13,false
"b24d2/_s15\d6.0.3_6.0.5_a5.0.2_L13.flyer",13,0,0,0,300,3,147,62,1746,1746,6,"(Coord { x: 8, y: 0, z: 3 }, ""push limit exceeded"")",0,13,false
"b24d2/_s15\d6.0.3_6.0.5_a8.-1.3_L13.flyer",13,0,0,0,300,3,147,62,1746,1746,6,"(Coord { x: 8, y: 1, z: 3 }, ""push limit exceeded"")",0,13,false
"b24d2/_s15\d6.0.3_6.0.6_a6.-1.5_L13.flyer",13,0,0,0,300,3,146,61,1746,1746,6,"(Coord { x: 7, y: 2, z: 2 }, ""push limit exceeded"")",0,13,false
"b24d2/_s15\d6.0.3_6.1.3_a4.0.3_L13.flyer",13,0,0,0,300,3,145,68,1432,1433,12,"(Coord { x: 8, y: 0, z: 5 }, ""push limit exceeded"")",0,13,false
"b24d2/_s15\d6.0.3_6.1.3_a7.0.4_L13.flyer",13,0,0,0,300,3,145,68,1432,1433,12,"(Coord { x: 9, y: 0, z: 4 }, ""push limit exceeded"")",0,13,false
"b24d2/_s15\d6.0.3_6.1.4_a5.0.2_L13.flyer",13,0,0,0,300,3,145,68,1432,1433,12,"(Coord { x: 8, y: 0, z: 3 }, ""push limit exceeded"")",0,13,false
"b24d2/_s15\d6.0.3_6.1.4_a7.1.3_L13.flyer",13,0,0,0,300,4,145,71,1426,1427,12,"(Coord { x: 7, y: 1, z: 4 }, ""push limit exceeded"")",0,13,false
"b24d2/_s15\d6.0.3_7.0.3_a6.-1.4_L13.flyer",13,0,0,0,300,3,145,67,1432,1433,12,"(Coord { x: 7, y: 2, z: 4 }, ""push limit exceeded"")",0,13,false
"b24d2/_s15\d6.0.3_7.0.3_a9.-1.3_L13.flyer",13,0,0,0,300,3,145,67,1432,1433,12,"(Coord { x: 7, y: 2, z: 4 }, ""push limit exceeded"")",0,13,false
"b24d2/_s15\d6.0.3_8.0.3_a6.1.6_L13.flyer",13,0,0,0,300,3,145,67,1432,1433,12,"(Coord { x: 7, y: 1, z: 4 }, ""push limit exceeded"")",0,13,false
"b24d2/_s15\d6.0.3_9.0.3_a5.0.7_L13.flyer",13,0,0,0,300,3,145,67,1432,1433,12,"(Coord { x: 7, y: 1, z: 4 }, ""push limit exceeded"")",0,13,false
"b24d2/_s15\d6.0.3_9.0.3_a7.1.4_L13.flyer",13,0,0,0,300,3,146,68,1432,1433,12,"(Coord { x: 7, y: 1, z: 4 }, ""push limit exceeded"")",0,13,false
"b24d2/_s15\d6.0.4_6.0.5_a6.0.2_L13.flyer",13,0,0,0,300,3,147,61,2044,2044,4,"(Coord { x: 7, y: 0, z: 3 }, ""push limit exceeded"")",0,13,false
"b24d2/_s15\d6.0.4_6.0.5_a9.0.4_L13.flyer",13,0,0,0,300,3,147,61,2044,2044,4,"(Coord { x: 7, y: 0, z: 3 }, ""push limit exceeded"")",0,13,false
"b24d2/_s15\d6.0.4_6.0.6_a7.0.2_L13.flyer",13,0,0,0,300,3,147,61,2044,2044,4,"(Coord { x: 7, y: 0, z: 3 }, ""push limit exceeded"")",0,13,false
"b24d2/_s15\d6.0.4_6.1.3_a5.0.2_L13.flyer",13,0,0,0,300,4,146,72,1418,1418,14,"(Coord { x: 3, y: 5, z: 5 }, ""push limit exceeded"")",0,13,false
"b24d2/_s15\d6.0.4_6.1.3_a7.1.3_L13.flyer",13,0,0,0,300,3,146,63,1746,1746,6,"(Coord { x: 5, y: 4, z: 3 }, ""push limit exceeded"")",0,13,false
"b24d2/_s15\d6.0.4_6.1.4_a5.1.6_L13.flyer",13,0,0,0,300,4,146,72,1418,1418,14,"(Coord { x: 3, y: 5, z: 5 }, ""push limit exceeded"")",0,13,false
"b24d2/_s15\d6.0.4_6.1.4_a8.0.2_L13.flyer",13,0,0,0,300,4,146,72,1418,1418,14,"(Coord { x: 3, y: 5, z: 5 }, ""push limit exceeded"")",0,13,false
"b24d2/_s15\d6.0.4_7.0.3_a6.-1.6_L13.flyer",13,0,0,0,300,3,146,61,2044,2044,4,"(Coord { x: 4, y: 4, z: 4 }, ""push limit exceeded"")",0,13,false
"b24d2/_s15\d6.0.4_8.0.3_a10.0.3_L13.flyer",13,0,0,0,300,3,146,61,2044,2044,4,"(Coord { x: 4, y: 3, z: 4 }, ""push limit exceeded"")",0,13,false
"b24d2/_s15\d6.0.4_8.0.3_a6.2.3_L13.flyer",13,0,0,0,300,3,146,61,2044,2044,4,"(Coord { x: 6, y: 0, z: 3 }, ""push limit exceeded"")",0,13,false
"b24d2/_s15\d6.0.4_9.0.3_a5.1.3_L13.flyer",13,0,0,0,300,3,146,61,2044,2044,4,"(Coord { x: 6, y: 1, z: 2 }, ""push limit exceeded"")",0,13,false
"b24d2/_s15\d6.0.4_9.0.3_a7.1.4_L13.flyer",13,0,0,0,300,3,146,61,2044,2044,4,"(Coord { x: 6, y: 0, z: 3 }, ""push limit exceeded"")",0,13,false
"b24d2/_s15\d6.0.5_6.0.6_a6.0.2_L13.flyer",13,0,0,0,300,3,147,69,1432,1433,12,"(Coord { x: 8, y: 0, z: 3 }, ""push limit exceeded"")",0,13,false
"b24d2/_s15\d6.0.5_6.1.3_a4.0.6_L13.flyer",13,0,0,0,300,3,147,69,1432,1433,12,"(Coord { x: 9, y: 0, z: 3 }, ""push limit exceeded"")",0,13,false
"b24d2/_s15\d6.0.5_6.1.3_a7.0.4_L13.flyer",13,0,0,0,300,3,147,69,1432,1433,12,"(Coord { x: 6, y: 3, z: 3 }, ""push limit exceeded"")",0,13,false
"b24d2/_s15\d6.0.5_6.1.4_a5.0.7_L13.flyer",13,0,0,0,300,5,147,82,845,845,14,"(Coord { x: 3, y: 5, z: 5 }, ""push limit exceeded"")",0,13,false
"b24d2/_s15\d6.0.5_6.1.4_a8.0.2_L13.flyer",13,0,0,0,300,3,146,76,1393,1393,14,"(Coord { x: 3, y: 5, z: 5 }, ""push limit exceeded"")",0,13,false
"b24d2/_s15\d6.0.5_7.0.3_a6.-1.6_L13.flyer",13,0,0,0,300,5,146,77,1138,1138,12,"(Coord { x: 8, y: 3, z: 4 }, ""immovable obstruction"")",0,13,false
"b24d2/_s15\d6.0.5_8.0.3_a10.0.3_L13.flyer",13,0,0,0,300,3,147,68,1432,1433,12,"(Coord { x: 8, y: 0, z: 3 }, ""push limit exceeded"")",0,13,false
"b24d2/_s15\d6.0.5_8.0.3_a6.2.3_L13.flyer",13,0,0,0,300,3,147,63,1748,1748,0,"(Coord { x: 7, y: 2, z: 3 }, ""immovable obstruction"")",0,13,false
"b24d2/_s15\d6.0.5_9.0.3_a5.1.6_L13.flyer",13,0,0,0,300,3,147,64,1452,1452,8,"(Coord { x: 4, y: 2, z: 4 }, ""push limit exceeded"")",0,13,false
"b24d2/_s15\d6.0.5_9.0.3_a8.0.2_L13.flyer",13,0,0,0,300,3,147,68,1432,1433,12,"(Coord { x: 8, y: 0, z: 3 }, ""push limit exceeded"")",0,13,false
"b24d2/_s15\d6.0.6_6.1.3_a6.1.5_L13.flyer",13,0,0,0,300,3,147,70,1432,1433,12,"(Coord { x: 8, y: 2, z: 4 }, ""immovable obstruction"")",0,13,false
"b24d2/_s15\d6.0.6_6.1.4_a5.-1.3_L13.flyer",13,0,0,0,300,5,147,89,3,3,12,"(Coord { x: 7, y: 2, z: 4 }, ""push limit exceeded"")",0,13,false
"b24d2/_s15\d6.0.6_6.1.4_a7.1.3_L13.flyer",13,0,0,0,300,3,147,70,1721,1722,2,"(Coord { x: 9, y: 1, z: 3 }, ""immovable obstruction"")",0,13,false
"b24d2/_s15\d6.0.6_7.0.3_a6.-1.3_L13.flyer",13,0,0,0,300,5,146,89,563,564,10,"(Coord { x: 11, y: 4, z: 2 }, ""immovable obstruction"")",0,13,false
"b24d2/_s15\d6.0.6_8.0.3_a10.0.3_L13.flyer",13,0,0,0,300,5,147,79,1132,1132,14,"(Coord { x: 9, y: 0, z: 3 }, ""push limit exceeded"")",0,13,false
"b24d2/_s15\d6.0.6_8.0.3_a7.0.2_L13.flyer",13,0,0,0,300,3,147,69,2016,2017,8,"(Coord { x: 10, y: 4, z: 3 }, ""push limit exceeded"")",0,13,false
"b24d2/_s15\d6.0.6_9.0.3_a6.-1.4_L13.flyer",13,0,0,0,300,5,147,79,1131,1131,14,"(Coord { x: 9, y: 1, z: 5 }, ""push limit exceeded"")",0,13,false
"b24d2/_s15\d6.1.3_6.1.4_a4.0.3_L13.flyer",13,0,0,0,300,4,146,83,843,843,12,"(Coord { x: 7, y: 0, z: 5 }, ""push limit exceeded"")",0,13,false
"b24d2/_s15\d6.1.3_6.1.4_a7.-1.3_L13.flyer",13,0,0,0,300,5,146,83,843,843,12,"(Coord { x: 7, y: 1, z: 5 }, ""push limit exceeded"")",0,13,false
"b24d2/_s15\d6.1.3_7.0.3_a5.-1.6_L13.flyer",13,0,0,0,300,3,146,71,1432,1433,12,"(Coord { x: 7, y: 1, z: 5 }, ""push limit exceeded"")",0,13,false
"b24d2/_s15\d6.1.3_7.0.3_a7.1.4_L13.flyer",13,0,0,0,300,4,145,74,1702,1702,14,"(Coord { x: 9, y: 2, z: 3 }, ""immovable obstruction"")",0,13,false
"b24d2/_s15\d6.1.3_8.0.3_a6.-1.3_L13.flyer",13,0,0,0,300,3,146,71,1432,1433,12,"(Coord { x: 7, y: 1, z: 5 }, ""push limit exceeded"")",0,13,false
"b24d2/_s15\d6.1.3_8.0.3_a9.0.4_L13.flyer",13,0,0,0,300,3,146,71,1432,1433,12,"(Coord { x: 7, y: 0, z: 5 }, ""push limit exceeded"")",0,13,false
"b24d2/_s15\d6.1.3_9.0.3_a6.1.6_L13.flyer",13,0,0,0,300,3,146,70,1432,1433,12,"(Coord { x: 7, y: 0, z: 5 }, ""push limit exceeded"")",0,13,false
"b24d2/_s15\d6.1.4_7.0.3_a5.-1.6_L13.flyer",13,0,0,0,300,5,145,104,547,548,10,"(Coord { x: 11, y: 4, z: 2 }, ""immovable obstruction"")",0,13,false
"b24d2/_s15\d6.1.4_7.0.3_a7.0.6_L13.flyer",13,0,0,0,300,6,145,104,547,548,10,"(Coord { x: 11, y: 3, z: 2 }, ""immovable obstruction"")",0,13,false
"b24d2/_s15\d6.1.4_8.0.3_a5.1.6_L13.flyer",13,0,0,0,300,6,145,104,552,553,10,"(Coord { x: 11, y: 3, z: 2 }, ""immovable obstruction"")",0,13,false
"b24d2/_s15\d6.1.4_8.0.3_a9.-1.3_L13.flyer",13,0,0,0,300,6,145,104,547,548,10,"(Coord { x: 11, y: 4, z: 2 }, ""immovable obstruction"")",0,13,false
"b24d2/_s15\d6.1.4_9.0.3_a6.1.5_L13.flyer",13,0,0,0,300,3,145,67,2016,2017,8,"(Coord { x: 10, y: 1, z: 3 }, ""push limit exceeded"")",0,13,false
"b24d2/_s15\d7.0.3_8.0.3_a5.-1.3_L13.flyer",13,0,0,0,300,5,146,82,1122,1122,12,"(Coord { x: 8, y: 3, z: 4 }, ""immovable obstruction"")",0,13,false
"b24d2/_s15\d7.0.3_8.0.3_a7.0.5_L13.flyer",13,0,0,0,300,3,145,67,2016,2017,8,"(Coord { x: 7, y: 0, z: 6 }, ""push limit exceeded"")",0,13,false
"b24d2/_s15\d7.0.3_9.0.3_a6.-1.5_L13.flyer",13,0,0,0,300,3,145,67,2016,2017,8,"(Coord { x: 7, y: 1, z: 6 }, ""push limit exceeded"")",0,13,false
"b24d2/_s15\d8.0.3_9.0.3_a4.0.3_L13.flyer",13,0,0,0,300,4,146,82,1121,1121,12,"(Coord { x: 8, y: 2, z: 4 }, ""immovable obstruction"")",0,13,false
"b24d2/_s15\d8.0.3_9.0.3_a6.2.3_L13.flyer",13,0,0,0,300,3,146,69,1438,1439,0,"(Coord { x: 7, y: 2, z: 3 }, ""immovable obstruction"")",0,13,false
