tick,x,y,z,cell
0,13,4,14,1
0,14,4,14,1
0,15,4,14,1
0,13,4,15,1
0,15,5,14,1
0,15,5,15,9
0,14,6,15,1
0,15,6,15,1
0,14,7,15,1
0,15,7,15,9
0,14,8,15,1
0,15,8,15,1
0,15,9,15,1
0,13,1,18,1
0,14,1,18,1
0,15,1,18,1
0,13,1,19,2
0,14,1,19,2
0,15,1,19,2
0,12,1,20,2
0,13,1,20,2
0,13,2,18,1
0,12,2,20,2
0,15,2,20,2
0,15,2,21,2
0,13,3,16,1
0,13,3,17,1
0,13,3,18,1
0,13,3,19,1
0,12,3,20,2
0,13,3,20,1
0,13,3,21,2057
0,14,3,21,10
0,15,3,21,2
0,14,3,22,6
0,15,3,22,2
0,13,4,16,1
0,14,4,16,1
0,12,4,18,2
0,13,4,18,2
0,14,4,18,2
0,14,4,19,2
0,15,4,19,2
0,12,4,20,2
0,14,4,20,9
0,15,4,20,2
0,14,4,21,423
0,15,4,21,2
0,14,5,16,1
0,15,5,16,1
0,12,5,17,2
0,12,5,18,2
0,14,5,18,1
0,15,5,18,1
0,13,5,19,1
0,14,5,19,1
0,12,5,20,2
0,13,5,20,1
0,13,5,21,9
0,15,5,22,6
0,12,6,17,2
0,15,6,18,2
0,12,6,19,2
0,13,6,19,2
0,14,6,19,2
0,15,6,19,2
0,12,6,20,2
0,13,6,20,1
0,13,6,21,1
0,14,6,22,2057
0,15,6,22,10
0,15,6,23,423
0,12,7,17,2
0,13,7,17,2
0,13,7,18,9
0,14,7,19,2
0,15,7,19,423
0,14,7,20,2
0,15,7,20,2
0,15,7,22,1
0,15,7,23,1
0,13,8,17,2
0,14,8,17,2
0,15,8,17,2
0,13,8,18,2
0,15,9,16,1
0,15,9,17,1
0,13,9,18,9
0,15,9,19,6
0,15,10,17,1
0,15,10,18,1
0,16,1,15,2
0,16,2,15,2
0,16,3,15,2
0,16,4,15,2
0,16,5,14,1
0,17,5,14,1
0,17,5,15,1
0,21,5,15,1
0,17,6,14,1
0,21,6,15,1
0,17,7,14,1
0,17,7,15,1
0,21,7,15,1
0,21,8,15,1
0,16,9,15,1
0,17,9,15,1
0,18,9,15,1
0,19,9,15,1
0,20,9,15,1
0,21,9,15,1
0,16,0,16,2
0,16,0,17,2
0,16,0,18,2
0,16,0,19,2
0,16,1,16,2
0,16,1,18,1
0,17,1,18,1
0,18,1,18,1
0,19,1,18,1
0,20,1,18,1
0,16,1,19,2
0,17,1,19,2
0,18,1,19,2
0,16,2,16,9
0,17,2,16,1
0,16,2,17,167
0,17,2,17,1
0,20,2,18,1
0,18,2,19,2
0,18,2,20,297
0,17,2,21,1
0,18,2,21,6
0,16,3,16,1
0,17,3,16,1
0,16,3,17,1
0,17,3,17,1
0,20,3,17,297
0,16,3,18,1
0,20,3,18,1
0,21,3,18,6
0,16,3,19,1
0,20,3,19,1
0,16,3,20,1
0,17,3,20,1
0,17,3,21,1
0,16,4,16,9
0,17,4,16,1
0,21,4,16,1
0,16,4,17,6
0,20,4,17,1
0,21,4,17,1
0,16,4,18,1
0,20,4,19,1
0,16,5,16,167
0,21,5,16,1
0,16,5,18,1
0,20,5,18,1
0,20,5,19,1
0,20,5,20,1
0,16,5,21,1
0,19,5,21,1
0,20,5,21,1
0,16,5,22,1
0,17,6,16,1
0,19,6,16,297
0,20,6,17,167
0,16,6,18,1
0,20,6,18,1
0,16,6,19,1
0,17,6,19,1
0,18,6,21,1
0,19,6,21,1
0,16,6,22,1
0,16,7,16,6
0,17,7,16,1
0,19,7,16,2
0,16,7,18,2
0,17,7,18,1
0,16,7,19,2
0,17,7,19,1
0,16,7,20,2
0,16,7,21,1
0,17,7,21,10
0,18,7,21,2345
0,16,7,22,1
0,17,7,22,1
0,18,7,22,1
0,19,7,22,423
0,19,8,16,2
0,16,8,17,2
0,17,8,17,2
0,18,8,17,2
0,19,8,17,2
0,17,8,18,1
0,16,8,19,2
0,17,8,19,297
0,17,8,20,1
0,18,8,20,1
0,19,8,20,6
0,18,8,21,1
0,18,8,22,1
0,16,9,18,2
0,16,9,19,2
0,17,9,20,1
0,16,10,18,1
0,17,10,18,1
0,17,10,19,1
0,17,10,20,1
2,13,4,14,1
2,14,4,14,1
2,15,4,14,1
2,13,4,15,1
2,15,5,14,1
2,15,6,15,1
2,15,7,15,1
2,15,8,15,1
2,13,1,18,1
2,14,1,18,1
2,15,1,18,1
2,13,1,19,2
2,14,1,19,2
2,15,1,19,2
2,12,1,20,2
2,13,1,20,2
2,13,2,18,1
2,12,2,20,2
2,13,3,16,1
2,13,3,17,1
2,13,3,18,1
2,13,3,19,1
2,12,3,20,2
2,13,3,20,1
2,13,3,21,9
2,15,3,22,6
2,13,4,16,1
2,14,4,16,1
2,13,4,18,2
2,14,4,18,2
2,15,4,18,2
2,15,4,19,2
2,12,4,20,2
2,14,4,20,2057
2,15,4,20,10
2,15,4,21,423
2,14,5,16,1
2,15,5,16,1
2,13,5,17,2
2,13,5,18,2
2,15,5,18,1
2,14,5,19,1
2,15,5,19,1
2,12,5,20,2
2,14,5,20,1
2,14,5,21,9
2,13,6,17,2
2,15,6,18,2
2,12,6,19,2
2,13,6,19,2
2,14,6,19,2
2,15,6,19,2
2,12,6,20,2
2,14,6,20,1
2,14,6,21,1
2,14,6,22,9
2,13,7,17,2
2,14,7,17,2
2,14,7,18,9
2,14,7,19,2
2,15,7,19,167
2,14,7,20,2
2,15,7,20,2
2,14,8,17,2
2,15,8,17,2
2,14,8,18,2
2,14,9,18,9
2,15,9,19,6
2,16,1,15,2
2,16,2,15,2
2,16,3,15,2
2,16,4,15,2
2,16,5,14,1
2,17,5,14,1
2,16,5,15,9
2,17,5,15,1
2,22,5,15,1
2,17,6,14,1
2,16,6,15,1
2,22,6,15,1
2,17,7,14,1
2,16,7,15,9
2,17,7,15,1
2,22,7,15,1
2,16,8,15,1
2,22,8,15,1
2,16,9,15,1
2,17,9,15,1
2,18,9,15,1
2,19,9,15,1
2,20,9,15,1
2,21,9,15,1
2,22,9,15,1
2,16,0,16,2
2,16,0,17,2
2,16,0,18,2
2,16,0,19,2
2,16,1,16,2
2,16,1,18,1
2,17,1,18,1
2,18,1,18,1
2,19,1,18,1
2,20,1,18,1
2,16,1,19,2
2,17,1,19,2
2,18,1,19,2
2,17,2,16,9
2,18,2,16,1
2,17,2,17,423
2,18,2,17,1
2,20,2,18,1
2,18,2,19,2
2,16,2,20,2
2,17,2,20,10
2,18,2,20,2345
2,16,2,21,2
2,18,2,21,1
2,19,2,21,6
2,17,3,16,1
2,18,3,16,1
2,17,3,17,1
2,18,3,17,1
2,21,3,17,297
2,17,3,18,1
2,20,3,18,1
2,21,3,18,6
2,17,3,19,1
2,20,3,19,1
2,17,3,20,1
2,18,3,20,1
2,16,3,21,2
2,18,3,21,1
2,16,3,22,2
2,16,4,16,2057
2,17,4,16,10
2,18,4,16,1
2,22,4,16,1
2,17,4,17,6
2,21,4,17,1
2,22,4,17,1
2,17,4,18,1
2,16,4,19,2
2,20,4,19,1
2,16,4,20,2
2,16,4,21,2
2,16,5,16,167
2,22,5,16,1
2,16,5,18,1
2,17,5,18,1
2,20,5,18,1
2,20,5,19,1
2,20,5,20,1
2,17,5,21,1
2,19,5,21,1
2,20,5,21,1
2,16,5,22,6
2,17,5,22,1
2,17,6,16,1
2,20,6,16,297
2,20,6,17,167
2,17,6,18,1
2,20,6,18,1
2,17,6,19,1
2,18,6,19,1
2,18,6,21,1
2,19,6,21,1
2,17,6,22,1
2,16,6,23,423
2,16,7,16,6
2,17,7,16,1
2,20,7,16,2
2,16,7,18,2
2,18,7,18,1
2,16,7,19,2
2,18,7,19,1
2,16,7,20,2
2,17,7,21,1
2,18,7,21,297
2,16,7,22,1
2,17,7,22,1
2,18,7,22,1
2,19,7,22,1
2,20,7,22,423
2,16,7,23,1
2,20,8,16,2
2,16,8,17,2
2,17,8,17,2
2,18,8,17,2
2,19,8,17,2
2,20,8,17,2
2,18,8,18,1
2,16,8,19,2
2,18,8,19,297
2,18,8,20,1
2,19,8,20,1
2,20,8,20,6
2,19,8,21,1
2,19,8,22,1
2,16,9,16,1
2,16,9,17,1
2,16,9,18,2
2,16,9,19,2
2,18,9,20,1
2,16,10,17,1
2,16,10,18,1
2,17,10,18,1
2,18,10,18,1
2,18,10,19,1
2,18,10,20,1
4,14,4,14,1
4,15,4,14,1
4,14,4,15,1
4,15,6,15,1
4,15,7,15,1
4,15,8,15,1
4,14,1,18,1
4,15,1,18,1
4,13,1,19,2
4,14,1,19,2
4,15,1,19,2
4,12,1,20,2
4,13,1,20,2
4,14,2,18,1
4,12,2,20,2
4,14,3,16,1
4,14,3,17,1
4,14,3,18,1
4,14,3,19,1
4,12,3,20,2
4,14,3,20,1
4,14,3,21,9
4,14,4,16,1
4,15,4,16,1
4,14,4,18,2
4,15,4,18,2
4,12,4,20,2
4,14,4,20,9
4,15,5,16,1
4,14,5,17,2
4,14,5,18,2
4,15,5,19,1
4,12,5,20,2
4,15,5,20,1
4,15,5,21,9
4,14,6,17,2
4,15,6,18,2
4,12,6,19,2
4,13,6,19,2
4,14,6,19,2
4,15,6,19,2
4,12,6,20,2
4,15,6,20,1
4,15,6,21,1
4,15,6,22,9
4,14,7,17,2
4,15,7,17,2
4,15,7,18,9
4,14,7,19,2
4,15,7,19,167
4,14,7,20,2
4,15,7,20,2
4,15,8,17,2
4,15,8,18,2
4,15,9,18,9
4,15,9,19,6
4,16,1,15,2
4,16,2,15,2
4,16,3,15,2
4,16,4,14,1
4,16,4,15,2
4,16,5,14,1
4,17,5,14,1
4,18,5,14,1
4,17,5,15,9
4,18,5,15,1
4,22,5,15,1
4,18,6,14,1
4,16,6,15,1
4,22,6,15,1
4,18,7,14,1
4,16,7,15,2057
4,17,7,15,10
4,18,7,15,1
4,22,7,15,1
4,16,8,15,1
4,22,8,15,1
4,16,9,15,1
4,17,9,15,1
4,18,9,15,1
4,19,9,15,1
4,20,9,15,1
4,21,9,15,1
4,22,9,15,1
4,16,0,16,2
4,16,0,17,2
4,16,0,18,2
4,16,0,19,2
4,16,1,16,2
4,16,1,18,1
4,17,1,18,1
4,18,1,18,1
4,19,1,18,1
4,20,1,18,1
4,21,1,18,1
4,16,1,19,2
4,17,1,19,2
4,18,1,19,2
4,17,2,16,2057
4,18,2,16,10
4,19,2,16,1
4,18,2,17,423
4,19,2,17,1
4,21,2,18,1
4,18,2,19,2
4,17,2,20,2
4,18,2,20,297
4,17,2,21,2
4,19,2,21,1
4,20,2,21,6
4,18,3,16,1
4,19,3,16,1
4,18,3,17,1
4,19,3,17,1
4,20,3,17,10
4,21,3,17,2345
4,18,3,18,1
4,21,3,18,1
4,22,3,18,6
4,18,3,19,1
4,21,3,19,1
4,18,3,20,1
4,19,3,20,1
4,17,3,21,2
4,19,3,21,1
4,16,3,22,6
4,17,3,22,2
4,16,4,16,9
4,19,4,16,1
4,22,4,16,1
4,18,4,17,6
4,21,4,17,1
4,22,4,17,1
4,16,4,18,2
4,18,4,18,1
4,16,4,19,2
4,17,4,19,2
4,21,4,19,1
4,17,4,20,2
4,16,4,21,423
4,17,4,21,2
4,16,5,16,1
4,17,5,16,423
4,22,5,16,1
4,16,5,18,1
4,17,5,18,1
4,18,5,18,1
4,21,5,18,1
4,16,5,19,1
4,21,5,19,1
4,21,5,20,1
4,17,5,21,1
4,20,5,21,1
4,21,5,21,1
4,16,5,22,6
4,17,5,22,1
4,18,6,16,1
4,21,6,16,297
4,21,6,17,423
4,18,6,18,1
4,21,6,18,1
4,18,6,19,1
4,19,6,19,1
4,19,6,21,1
4,20,6,21,1
4,17,6,22,1
4,16,6,23,167
4,17,7,16,6
4,18,7,16,1
4,21,7,16,2
4,16,7,18,2
4,19,7,18,1
4,16,7,19,2
4,19,7,19,1
4,16,7,20,2
4,17,7,21,1
4,19,7,21,297
4,16,7,22,1
4,17,7,22,1
4,18,7,22,1
4,19,7,22,1
4,20,7,22,167
4,16,7,23,1
4,21,8,16,2
4,16,8,17,2
4,17,8,17,2
4,18,8,17,2
4,19,8,17,2
4,20,8,17,2
4,21,8,17,2
4,19,8,18,1
4,16,8,19,2
4,19,8,19,297
4,18,8,20,1
4,19,8,20,1
4,20,8,20,6
4,19,8,21,1
4,19,8,22,1
4,16,9,16,1
4,16,9,17,1
4,16,9,18,2
4,16,9,19,2
4,18,9,20,1
4,16,10,17,1
4,16,10,18,1
4,17,10,18,1
4,18,10,18,1
4,18,10,19,1
4,18,10,20,1
6,15,4,14,1
6,15,4,15,1
6,15,6,15,1
6,15,7,15,1
6,15,8,15,1
6,15,1,18,1
6,14,1,19,2
6,15,1,19,2
6,13,1,20,2
6,14,1,20,2
6,15,2,18,1
6,13,2,20,2
6,15,3,16,1
6,15,3,17,1
6,15,3,18,1
6,15,3,19,1
6,13,3,20,2
6,15,3,20,1
6,15,3,21,9
6,15,4,16,1
6,14,4,18,2
6,15,4,18,2
6,13,4,20,2
6,15,4,20,9
6,14,5,17,2
6,14,5,18,2
6,13,5,20,2
6,14,6,17,2
6,13,6,19,2
6,14,6,19,2
6,15,6,19,2
6,13,6,20,2
6,14,7,17,2
6,15,7,17,2
6,15,7,19,2
6,15,7,20,2
6,15,8,17,2
6,15,8,18,2
6,15,9,18,2057
6,17,1,15,2
6,17,2,15,2
6,17,3,15,2
6,16,4,14,1
6,17,4,14,1
6,17,4,15,2
6,17,5,14,1
6,18,5,14,1
6,19,5,14,1
6,17,5,15,2057
6,18,5,15,10
6,19,5,15,1
6,22,5,15,1
6,19,6,14,1
6,16,6,15,1
6,22,6,15,1
6,19,7,14,1
6,16,7,15,9
6,19,7,15,1
6,22,7,15,1
6,16,8,15,1
6,22,8,15,1
6,16,9,15,1
6,17,9,15,1
6,18,9,15,1
6,19,9,15,1
6,20,9,15,1
6,21,9,15,1
6,22,9,15,1
6,17,0,16,2
6,17,0,17,2
6,17,0,18,2
6,17,0,19,2
6,17,1,16,2
6,16,1,18,1
6,17,1,18,1
6,18,1,18,1
6,19,1,18,1
6,20,1,18,1
6,21,1,18,1
6,22,1,18,1
6,16,1,19,2
6,17,1,19,2
6,18,1,19,2
6,19,1,19,2
6,17,2,16,9
6,20,2,16,1
6,19,2,17,423
6,20,2,17,1
6,22,2,18,1
6,19,2,19,2
6,17,2,20,2
6,19,2,20,297
6,17,2,21,2
6,20,2,21,1
6,21,2,21,6
6,19,3,16,1
6,20,3,16,1
6,19,3,17,1
6,20,3,17,1
6,21,3,17,297
6,19,3,18,1
6,22,3,18,1
6,23,3,18,6
6,19,3,19,1
6,22,3,19,1
6,19,3,20,1
6,20,3,20,1
6,17,3,21,2
6,20,3,21,1
6,16,3,22,6
6,17,3,22,2
6,16,4,16,1
6,17,4,16,9
6,20,4,16,1
6,22,4,16,1
6,19,4,17,6
6,21,4,17,1
6,22,4,17,1
6,16,4,18,2
6,19,4,18,1
6,16,4,19,2
6,17,4,19,2
6,22,4,19,1
6,17,4,20,2
6,16,4,21,167
6,17,4,21,2
6,16,5,16,1
6,17,5,16,1
6,18,5,16,423
6,22,5,16,1
6,17,5,18,1
6,18,5,18,1
6,19,5,18,1
6,22,5,18,1
6,16,5,19,1
6,17,5,19,1
6,22,5,19,1
6,16,5,20,1
6,22,5,20,1
6,16,5,21,9
6,17,5,21,1
6,21,5,21,1
6,22,5,21,1
6,16,5,22,6
6,17,5,22,1
6,19,6,16,1
6,20,6,16,10
6,21,6,16,2345
6,22,6,17,423
6,16,6,18,2
6,19,6,18,1
6,22,6,18,1
6,16,6,19,2
6,19,6,19,1
6,20,6,19,1
6,16,6,20,1
6,16,6,21,1
6,20,6,21,1
6,21,6,21,1
6,16,6,22,9
6,17,6,22,1
6,16,6,23,167
6,18,7,16,6
6,19,7,16,1
6,21,7,16,2
6,16,7,18,9
6,17,7,18,2
6,20,7,18,1
6,16,7,19,423
6,17,7,19,2
6,20,7,19,1
6,16,7,20,2
6,17,7,20,2
6,17,7,21,1
6,20,7,21,297
6,16,7,22,1
6,17,7,22,1
6,18,7,22,1
6,19,7,22,1
6,20,7,22,167
6,16,7,23,1
6,21,8,16,2
6,16,8,17,2
6,17,8,17,2
6,18,8,17,2
6,19,8,17,2
6,20,8,17,2
6,21,8,17,2
6,20,8,18,1
6,17,8,19,2
6,20,8,19,297
6,18,8,20,1
6,19,8,20,1
6,20,8,20,6
6,19,8,21,1
6,19,8,22,1
6,16,9,16,1
6,16,9,17,1
6,16,9,18,10
6,17,9,18,2
6,16,9,19,6
6,17,9,19,2
6,18,9,20,1
6,16,10,17,1
6,16,10,18,1
6,17,10,18,1
6,18,10,18,1
6,18,10,19,1
6,18,10,20,1
8,15,1,19,2
8,14,1,20,2
8,15,1,20,2
8,14,2,20,2
8,14,3,20,2
8,14,4,18,2
8,15,4,18,2
8,14,4,20,2
8,14,5,17,2
8,14,5,18,2
8,14,5,20,2
8,14,6,17,2
8,14,6,19,2
8,15,6,19,2
8,14,6,20,2
8,14,7,17,2
8,15,7,17,2
8,15,8,17,2
8,15,8,18,2
8,15,9,18,9
8,18,1,15,2
8,18,2,15,2
8,18,3,15,2
8,16,4,14,1
8,17,4,14,1
8,18,4,14,1
8,16,4,15,1
8,18,4,15,2
8,18,5,14,1
8,19,5,14,1
8,20,5,14,1
8,17,5,15,9
8,20,5,15,1
8,23,5,15,1
8,20,6,14,1
8,16,6,15,1
8,17,6,15,1
8,23,6,15,1
8,20,7,14,1
8,16,7,15,1
8,17,7,15,9
8,20,7,15,1
8,23,7,15,1
8,16,8,15,1
8,17,8,15,1
8,23,8,15,1
8,17,9,15,1
8,18,9,15,1
8,19,9,15,1
8,20,9,15,1
8,21,9,15,1
8,22,9,15,1
8,23,9,15,1
8,18,0,16,2
8,18,0,17,2
8,18,0,18,2
8,18,0,19,2
8,18,1,16,2
8,16,1,18,1
8,17,1,18,1
8,18,1,18,1
8,19,1,18,1
8,20,1,18,1
8,21,1,18,1
8,22,1,18,1
8,23,1,18,1
8,16,1,19,2
8,17,1,19,2
8,18,1,19,2
8,19,1,19,2
8,20,1,19,2
8,18,2,16,9
8,20,2,16,1
8,19,2,17,167
8,20,2,17,1
8,16,2,18,1
8,23,2,18,1
8,20,2,19,2
8,17,2,20,2
8,20,2,20,297
8,17,2,21,2
8,20,2,21,1
8,21,2,21,6
8,16,3,16,1
8,19,3,16,1
8,20,3,16,1
8,16,3,17,1
8,19,3,17,1
8,20,3,17,1
8,22,3,17,297
8,16,3,18,1
8,19,3,18,1
8,23,3,18,1
8,24,3,18,6
8,16,3,19,1
8,19,3,19,1
8,23,3,19,1
8,16,3,20,1
8,19,3,20,1
8,20,3,20,1
8,16,3,21,9
8,17,3,21,2
8,20,3,21,1
8,16,3,22,6
8,17,3,22,2
8,16,4,16,1
8,17,4,16,1
8,18,4,16,9
8,20,4,16,1
8,23,4,16,1
8,19,4,17,6
8,22,4,17,1
8,23,4,17,1
8,16,4,18,2
8,19,4,18,1
8,16,4,19,2
8,17,4,19,2
8,23,4,19,1
8,16,4,20,9
8,17,4,20,2
8,16,4,21,167
8,17,4,21,2
8,17,5,16,1
8,18,5,16,1
8,19,5,16,423
8,23,5,16,1
8,17,5,18,1
8,18,5,18,1
8,19,5,18,1
8,23,5,18,1
8,16,5,19,1
8,17,5,19,1
8,23,5,19,1
8,16,5,20,1
8,23,5,20,1
8,17,5,21,9
8,18,5,21,1
8,22,5,21,1
8,23,5,21,1
8,17,5,22,6
8,18,5,22,1
8,20,6,16,1
8,21,6,16,297
8,23,6,17,423
8,17,6,18,2
8,19,6,18,1
8,23,6,18,1
8,16,6,19,2
8,17,6,19,2
8,19,6,19,1
8,20,6,19,1
8,16,6,20,1
8,16,6,21,1
8,21,6,21,1
8,22,6,21,1
8,16,6,22,2057
8,17,6,22,10
8,18,6,22,1
8,17,6,23,423
8,19,7,16,6
8,20,7,16,1
8,21,7,16,2
8,16,7,18,2057
8,17,7,18,10
8,18,7,18,2
8,20,7,18,1
8,16,7,19,2
8,17,7,19,423
8,18,7,19,2
8,20,7,19,1
8,16,7,20,2
8,17,7,20,2
8,18,7,20,2
8,18,7,21,1
8,21,7,21,297
8,17,7,22,1
8,18,7,22,1
8,19,7,22,1
8,20,7,22,1
8,21,7,22,423
8,17,7,23,1
8,21,8,16,2
8,16,8,17,2
8,17,8,17,2
8,18,8,17,2
8,19,8,17,2
8,20,8,17,2
8,21,8,17,2
8,20,8,18,1
8,18,8,19,2
8,19,8,19,10
8,20,8,19,2345
8,19,8,20,1
8,20,8,20,1
8,21,8,20,6
8,20,8,21,1
8,20,8,22,1
8,17,9,16,1
8,17,9,17,1
8,18,9,18,2
8,17,9,19,6
8,18,9,19,2
8,19,9,20,1
8,17,10,17,1
8,17,10,18,1
8,18,10,18,1
8,19,10,18,1
8,19,10,19,1
8,19,10,20,1
10,15,1,20,2
10,15,2,20,2
10,15,3,20,2
10,15,4,18,2
10,15,4,20,2
10,15,5,17,2
10,15,5,18,2
10,15,5,20,2
10,15,6,17,2
10,15,6,19,2
10,15,6,20,2
10,15,7,17,2
10,19,1,15,2
10,19,2,15,2
10,19,3,15,2
10,16,4,14,1
10,17,4,14,1
10,18,4,14,1
10,16,4,15,1
10,19,4,15,2
10,18,5,14,1
10,19,5,14,1
10,20,5,14,1
10,18,5,15,9
10,20,5,15,1
10,24,5,15,1
10,20,6,14,1
10,17,6,15,1
10,18,6,15,1
10,24,6,15,1
10,20,7,14,1
10,17,7,15,1
10,18,7,15,9
10,20,7,15,1
10,24,7,15,1
10,17,8,15,1
10,18,8,15,1
10,24,8,15,1
10,18,9,15,1
10,19,9,15,1
10,20,9,15,1
10,21,9,15,1
10,22,9,15,1
10,23,9,15,1
10,24,9,15,1
10,19,0,16,2
10,19,0,17,2
10,19,0,18,2
10,19,0,19,2
10,19,1,16,2
10,16,1,18,1
10,17,1,18,1
10,18,1,18,1
10,19,1,18,1
10,20,1,18,1
10,21,1,18,1
10,22,1,18,1
10,23,1,18,1
10,16,1,19,2
10,17,1,19,2
10,18,1,19,2
10,19,1,19,2
10,20,1,19,2
10,21,1,19,2
10,16,1,20,2
10,19,2,16,9
10,20,2,16,1
10,19,2,17,167
10,20,2,17,1
10,16,2,18,1
10,23,2,18,1
10,21,2,19,2
10,18,2,20,2
10,21,2,20,297
10,18,2,21,2
10,20,2,21,1
10,21,2,21,6
10,16,3,16,1
10,19,3,16,1
10,20,3,16,1
10,16,3,17,1
10,19,3,17,1
10,20,3,17,1
10,23,3,17,297
10,16,3,18,1
10,19,3,18,1
10,23,3,18,1
10,24,3,18,6
10,16,3,19,1
10,19,3,19,1
10,23,3,19,1
10,16,3,20,1
10,19,3,20,1
10,20,3,20,1
10,16,3,21,2057
10,17,3,21,10
10,18,3,21,2
10,20,3,21,1
10,17,3,22,6
10,18,3,22,2
10,16,4,16,1
10,17,4,16,1
10,19,4,16,9
10,20,4,16,1
10,24,4,16,1
10,19,4,17,6
10,23,4,17,1
10,24,4,17,1
10,16,4,18,2
10,17,4,18,2
10,19,4,18,1
10,17,4,19,2
10,18,4,19,2
10,23,4,19,1
10,17,4,20,9
10,18,4,20,2
10,17,4,21,423
10,18,4,21,2
10,17,5,16,1
10,18,5,16,1
10,19,5,16,167
10,24,5,16,1
10,17,5,18,1
10,18,5,18,1
10,19,5,18,1
10,23,5,18,1
10,16,5,19,1
10,17,5,19,1
10,23,5,19,1
10,16,5,20,1
10,23,5,20,1
10,17,5,21,2057
10,18,5,21,10
10,19,5,21,1
10,22,5,21,1
10,23,5,21,1
10,18,5,22,6
10,19,5,22,1
10,20,6,16,1
10,22,6,16,297
10,23,6,17,167
10,18,6,18,2
10,19,6,18,1
10,23,6,18,1
10,16,6,19,2
10,17,6,19,2
10,18,6,19,2
10,19,6,19,1
10,20,6,19,1
10,16,6,20,1
10,16,6,21,1
10,21,6,21,1
10,22,6,21,1
10,16,6,22,9
10,19,6,22,1
10,18,6,23,423
10,19,7,16,6
10,20,7,16,1
10,22,7,16,2
10,16,7,17,2
10,16,7,18,9
10,19,7,18,2
10,20,7,18,1
10,17,7,19,2
10,18,7,19,423
10,19,7,19,2
10,20,7,19,1
10,17,7,20,2
10,18,7,20,2
10,19,7,20,2
10,19,7,21,1
10,20,7,21,10
10,21,7,21,2345
10,18,7,22,1
10,19,7,22,1
10,20,7,22,1
10,21,7,22,1
10,22,7,22,423
10,18,7,23,1
10,22,8,16,2
10,16,8,17,2
10,17,8,17,2
10,18,8,17,2
10,19,8,17,2
10,20,8,17,2
10,21,8,17,2
10,22,8,17,2
10,16,8,18,2
10,20,8,18,1
10,19,8,19,2
10,20,8,19,297
10,20,8,20,1
10,21,8,20,1
10,22,8,20,6
10,21,8,21,1
10,21,8,22,1
10,18,9,16,1
10,18,9,17,1
10,16,9,18,9
10,19,9,18,2
10,18,9,19,6
10,19,9,19,2
10,20,9,20,1
10,18,10,17,1
10,18,10,18,1
10,19,10,18,1
10,20,10,18,1
10,20,10,19,1
10,20,10,20,1
12,15,1,20,2
12,15,2,20,2
12,15,3,20,2
12,15,4,20,2
12,15,5,20,2
12,15,6,19,2
12,15,6,20,2
12,19,1,15,2
12,19,2,15,2
12,19,3,15,2
12,16,4,14,1
12,17,4,14,1
12,18,4,14,1
12,16,4,15,1
12,19,4,15,2
12,18,5,14,1
12,19,5,14,1
12,20,5,14,1
12,19,5,15,9
12,20,5,15,1
12,25,5,15,1
12,20,6,14,1
12,18,6,15,1
12,19,6,15,1
12,25,6,15,1
12,20,7,14,1
12,18,7,15,1
12,19,7,15,9
12,20,7,15,1
12,25,7,15,1
12,18,8,15,1
12,19,8,15,1
12,25,8,15,1
12,19,9,15,1
12,20,9,15,1
12,21,9,15,1
12,22,9,15,1
12,23,9,15,1
12,24,9,15,1
12,25,9,15,1
12,19,0,16,2
12,19,0,17,2
12,19,0,18,2
12,19,0,19,2
12,19,1,16,2
12,16,1,18,1
12,17,1,18,1
12,18,1,18,1
12,19,1,18,1
12,20,1,18,1
12,21,1,18,1
12,22,1,18,1
12,23,1,18,1
12,16,1,19,2
12,17,1,19,2
12,18,1,19,2
12,19,1,19,2
12,20,1,19,2
12,21,1,19,2
12,16,1,20,2
12,20,2,16,9
12,21,2,16,1
12,20,2,17,423
12,21,2,17,1
12,16,2,18,1
12,23,2,18,1
12,21,2,19,2
12,19,2,20,2
12,20,2,20,10
12,21,2,20,2345
12,19,2,21,2
12,21,2,21,1
12,22,2,21,6
12,16,3,16,1
12,20,3,16,1
12,21,3,16,1
12,16,3,17,1
12,20,3,17,1
12,21,3,17,1
12,24,3,17,297
12,16,3,18,1
12,20,3,18,1
12,23,3,18,1
12,24,3,18,6
12,16,3,19,1
12,20,3,19,1
12,23,3,19,1
12,16,3,20,1
12,20,3,20,1
12,21,3,20,1
12,16,3,21,9
12,19,3,21,2
12,21,3,21,1
12,18,3,22,6
12,19,3,22,2
12,16,4,16,1
12,17,4,16,1
12,19,4,16,2057
12,20,4,16,10
12,21,4,16,1
12,25,4,16,1
12,20,4,17,6
12,24,4,17,1
12,25,4,17,1
12,16,4,18,2
12,17,4,18,2
12,18,4,18,2
12,20,4,18,1
12,18,4,19,2
12,19,4,19,2
12,23,4,19,1
12,17,4,20,2057
12,18,4,20,10
12,19,4,20,2
12,18,4,21,423
12,19,4,21,2
12,17,5,16,1
12,18,5,16,1
12,19,5,16,167
12,25,5,16,1
12,16,5,17,2
12,16,5,18,2
12,18,5,18,1
12,19,5,18,1
12,20,5,18,1
12,23,5,18,1
12,17,5,19,1
12,18,5,19,1
12,23,5,19,1
12,17,5,20,1
12,23,5,20,1
12,17,5,21,9
12,20,5,21,1
12,22,5,21,1
12,23,5,21,1
12,19,5,22,6
12,20,5,22,1
12,20,6,16,1
12,23,6,16,297
12,16,6,17,2
12,23,6,17,167
12,18,6,18,2
12,20,6,18,1
12,23,6,18,1
12,16,6,19,2
12,17,6,19,2
12,18,6,19,2
12,20,6,19,1
12,21,6,19,1
12,17,6,20,1
12,17,6,21,1
12,21,6,21,1
12,22,6,21,1
12,17,6,22,9
12,20,6,22,1
12,19,6,23,423
12,19,7,16,6
12,20,7,16,1
12,23,7,16,2
12,16,7,17,2
12,17,7,17,2
12,17,7,18,9
12,19,7,18,2
12,21,7,18,1
12,17,7,19,2
12,18,7,19,167
12,19,7,19,2
12,21,7,19,1
12,17,7,20,2
12,18,7,20,2
12,19,7,20,2
12,20,7,21,1
12,21,7,21,297
12,19,7,22,1
12,20,7,22,1
12,21,7,22,1
12,22,7,22,1
12,23,7,22,423
12,19,7,23,1
12,23,8,16,2
12,17,8,17,2
12,18,8,17,2
12,19,8,17,2
12,20,8,17,2
12,21,8,17,2
12,22,8,17,2
12,23,8,17,2
12,17,8,18,2
12,21,8,18,1
12,19,8,19,2
12,21,8,19,297
12,21,8,20,1
12,22,8,20,1
12,23,8,20,6
12,22,8,21,1
12,22,8,22,1
12,19,9,16,1
12,19,9,17,1
12,17,9,18,9
12,19,9,18,2
12,18,9,19,6
12,19,9,19,2
12,21,9,20,1
12,19,10,17,1
12,19,10,18,1
12,20,10,18,1
12,21,10,18,1
12,21,10,19,1
12,21,10,20,1
14,15,1,20,2
14,15,2,20,2
14,15,3,20,2
14,15,4,20,2
14,15,5,20,2
14,15,6,19,2
14,15,6,20,2
14,19,1,15,2
14,19,2,15,2
14,19,3,15,2
14,17,4,14,1
14,18,4,14,1
14,19,4,14,1
14,17,4,15,1
14,19,4,15,2
14,19,5,14,1
14,20,5,14,1
14,21,5,14,1
14,20,5,15,9
14,21,5,15,1
14,25,5,15,1
14,21,6,14,1
14,18,6,15,1
14,19,6,15,1
14,25,6,15,1
14,21,7,14,1
14,18,7,15,1
14,19,7,15,2057
14,20,7,15,10
14,21,7,15,1
14,25,7,15,1
14,18,8,15,1
14,19,8,15,1
14,25,8,15,1
14,19,9,15,1
14,20,9,15,1
14,21,9,15,1
14,22,9,15,1
14,23,9,15,1
14,24,9,15,1
14,25,9,15,1
14,19,0,16,2
14,19,0,17,2
14,19,0,18,2
14,19,0,19,2
14,19,1,16,2
14,17,1,18,1
14,18,1,18,1
14,19,1,18,1
14,20,1,18,1
14,21,1,18,1
14,22,1,18,1
14,23,1,18,1
14,24,1,18,1
14,16,1,19,2
14,17,1,19,2
14,18,1,19,2
14,19,1,19,2
14,20,1,19,2
14,21,1,19,2
14,16,1,20,2
14,20,2,16,2057
14,21,2,16,10
14,22,2,16,1
14,21,2,17,423
14,22,2,17,1
14,17,2,18,1
14,24,2,18,1
14,21,2,19,2
14,20,2,20,2
14,21,2,20,297
14,20,2,21,2
14,22,2,21,1
14,23,2,21,6
14,17,3,16,1
14,21,3,16,1
14,22,3,16,1
14,17,3,17,1
14,21,3,17,1
14,22,3,17,1
14,23,3,17,10
14,24,3,17,2345
14,17,3,18,1
14,21,3,18,1
14,24,3,18,1
14,25,3,18,6
14,17,3,19,1
14,21,3,19,1
14,24,3,19,1
14,17,3,20,1
14,21,3,20,1
14,22,3,20,1
14,17,3,21,9
14,20,3,21,2
14,22,3,21,1
14,19,3,22,6
14,20,3,22,2
14,17,4,16,1
14,18,4,16,1
14,19,4,16,9
14,22,4,16,1
14,25,4,16,1
14,21,4,17,6
14,24,4,17,1
14,25,4,17,1
14,17,4,18,2
14,18,4,18,2
14,19,4,18,2
14,21,4,18,1
14,19,4,19,2
14,20,4,19,2
14,24,4,19,1
14,17,4,20,9
14,20,4,20,2
14,19,4,21,423
14,20,4,21,2
14,18,5,16,1
14,19,5,16,1
14,20,5,16,423
14,25,5,16,1
14,17,5,17,2
14,17,5,18,2
14,19,5,18,1
14,20,5,18,1
14,21,5,18,1
14,24,5,18,1
14,18,5,19,1
14,19,5,19,1
14,24,5,19,1
14,18,5,20,1
14,24,5,20,1
14,18,5,21,9
14,20,5,21,1
14,23,5,21,1
14,24,5,21,1
14,19,5,22,6
14,20,5,22,1
14,21,6,16,1
14,24,6,16,297
14,17,6,17,2
14,24,6,17,423
14,18,6,18,2
14,21,6,18,1
14,24,6,18,1
14,16,6,19,2
14,17,6,19,2
14,18,6,19,2
14,21,6,19,1
14,22,6,19,1
14,18,6,20,1
14,18,6,21,1
14,22,6,21,1
14,23,6,21,1
14,18,6,22,9
14,20,6,22,1
14,19,6,23,167
14,20,7,16,6
14,21,7,16,1
14,24,7,16,2
14,17,7,17,2
14,18,7,17,2
14,18,7,18,9
14,19,7,18,2
14,22,7,18,1
14,17,7,19,2
14,18,7,19,167
14,19,7,19,2
14,22,7,19,1
14,17,7,20,2
14,18,7,20,2
14,19,7,20,2
14,20,7,21,1
14,22,7,21,297
14,19,7,22,1
14,20,7,22,1
14,21,7,22,1
14,22,7,22,1
14,23,7,22,167
14,19,7,23,1
14,24,8,16,2
14,18,8,17,2
14,19,8,17,2
14,20,8,17,2
14,21,8,17,2
14,22,8,17,2
14,23,8,17,2
14,24,8,17,2
14,18,8,18,2
14,22,8,18,1
14,19,8,19,2
14,22,8,19,297
14,21,8,20,1
14,22,8,20,1
14,23,8,20,6
14,22,8,21,1
14,22,8,22,1
14,19,9,16,1
14,19,9,17,1
14,18,9,18,9
14,19,9,18,2
14,18,9,19,6
14,19,9,19,2
14,21,9,20,1
14,19,10,17,1
14,19,10,18,1
14,20,10,18,1
14,21,10,18,1
14,21,10,19,1
14,21,10,20,1
16,20,1,15,2
16,20,2,15,2
16,20,3,15,2
16,18,4,14,1
16,19,4,14,1
16,20,4,14,1
16,18,4,15,1
16,20,4,15,2
16,20,5,14,1
16,21,5,14,1
16,22,5,14,1
16,20,5,15,2057
16,21,5,15,10
16,22,5,15,1
16,25,5,15,1
16,22,6,14,1
16,18,6,15,1
16,19,6,15,1
16,25,6,15,1
16,22,7,14,1
16,18,7,15,1
16,19,7,15,9
16,22,7,15,1
16,25,7,15,1
16,18,8,15,1
16,19,8,15,1
16,25,8,15,1
16,19,9,15,1
16,20,9,15,1
16,21,9,15,1
16,22,9,15,1
16,23,9,15,1
16,24,9,15,1
16,25,9,15,1
16,20,0,16,2
16,20,0,17,2
16,20,0,18,2
16,20,0,19,2
16,20,1,16,2
16,18,1,18,1
16,19,1,18,1
16,20,1,18,1
16,21,1,18,1
16,22,1,18,1
16,23,1,18,1
16,24,1,18,1
16,25,1,18,1
16,17,1,19,2
16,18,1,19,2
16,19,1,19,2
16,20,1,19,2
16,21,1,19,2
16,22,1,19,2
16,16,1,20,2
16,17,1,20,2
16,20,2,16,9
16,23,2,16,1
16,22,2,17,423
16,23,2,17,1
16,18,2,18,1
16,25,2,18,1
16,22,2,19,2
16,16,2,20,2
16,20,2,20,2
16,22,2,20,297
16,20,2,21,2
16,23,2,21,1
16,24,2,21,6
16,18,3,16,1
16,22,3,16,1
16,23,3,16,1
16,18,3,17,1
16,22,3,17,1
16,23,3,17,1
16,24,3,17,297
16,18,3,18,1
16,22,3,18,1
16,25,3,18,1
16,26,3,18,6
16,18,3,19,1
16,22,3,19,1
16,25,3,19,1
16,16,3,20,2
16,18,3,20,1
16,22,3,20,1
16,23,3,20,1
16,18,3,21,9
16,20,3,21,2
16,23,3,21,1
16,19,3,22,6
16,20,3,22,2
16,18,4,16,1
16,19,4,16,1
16,20,4,16,9
16,23,4,16,1
16,25,4,16,1
16,22,4,17,6
16,24,4,17,1
16,25,4,17,1
16,17,4,18,2
16,18,4,18,2
16,19,4,18,2
16,22,4,18,1
16,19,4,19,2
16,20,4,19,2
16,25,4,19,1
16,16,4,20,2
16,18,4,20,9
16,20,4,20,2
16,19,4,21,167
16,20,4,21,2
16,19,5,16,1
16,20,5,16,1
16,21,5,16,423
16,25,5,16,1
16,17,5,17,2
16,17,5,18,2
16,20,5,18,1
16,21,5,18,1
16,22,5,18,1
16,25,5,18,1
16,19,5,19,1
16,20,5,19,1
16,25,5,19,1
16,16,5,20,2
16,19,5,20,1
16,25,5,20,1
16,19,5,21,9
16,20,5,21,1
16,24,5,21,1
16,25,5,21,1
16,19,5,22,6
16,20,5,22,1
16,22,6,16,1
16,23,6,16,10
16,24,6,16,2345
16,17,6,17,2
16,25,6,17,423
16,19,6,18,2
16,22,6,18,1
16,25,6,18,1
16,16,6,19,2
16,17,6,19,2
16,18,6,19,2
16,19,6,19,2
16,22,6,19,1
16,23,6,19,1
16,16,6,20,2
16,19,6,20,1
16,19,6,21,1
16,23,6,21,1
16,24,6,21,1
16,19,6,22,9
16,20,6,22,1
16,19,6,23,167
16,21,7,16,6
16,22,7,16,1
16,24,7,16,2
16,17,7,17,2
16,18,7,17,2
16,19,7,18,9
16,20,7,18,2
16,23,7,18,1
16,18,7,19,2
16,19,7,19,423
16,20,7,19,2
16,23,7,19,1
16,18,7,20,2
16,19,7,20,2
16,20,7,20,2
16,20,7,21,1
16,23,7,21,297
16,19,7,22,1
16,20,7,22,1
16,21,7,22,1
16,22,7,22,1
16,23,7,22,167
16,19,7,23,1
16,24,8,16,2
16,18,8,17,2
16,19,8,17,2
16,20,8,17,2
16,21,8,17,2
16,22,8,17,2
16,23,8,17,2
16,24,8,17,2
16,18,8,18,2
16,23,8,18,1
16,20,8,19,2
16,23,8,19,297
16,21,8,20,1
16,22,8,20,1
16,23,8,20,6
16,22,8,21,1
16,22,8,22,1
16,19,9,16,1
16,19,9,17,1
16,18,9,18,2057
16,19,9,18,10
16,20,9,18,2
16,19,9,19,6
16,20,9,19,2
16,21,9,20,1
16,19,10,17,1
16,19,10,18,1
16,20,10,18,1
16,21,10,18,1
16,21,10,19,1
16,21,10,20,1
18,21,1,15,2
18,21,2,15,2
18,21,3,15,2
18,19,4,14,1
18,20,4,14,1
18,21,4,14,1
18,19,4,15,1
18,21,4,15,2
18,21,5,14,1
18,22,5,14,1
18,23,5,14,1
18,20,5,15,9
18,23,5,15,1
18,26,5,15,1
18,23,6,14,1
18,19,6,15,1
18,20,6,15,1
18,26,6,15,1
18,23,7,14,1
18,19,7,15,1
18,20,7,15,9
18,23,7,15,1
18,26,7,15,1
18,19,8,15,1
18,20,8,15,1
18,26,8,15,1
18,20,9,15,1
18,21,9,15,1
18,22,9,15,1
18,23,9,15,1
18,24,9,15,1
18,25,9,15,1
18,26,9,15,1
18,21,0,16,2
18,21,0,17,2
18,21,0,18,2
18,21,0,19,2
18,21,1,16,2
18,19,1,18,1
18,20,1,18,1
18,21,1,18,1
18,22,1,18,1
18,23,1,18,1
18,24,1,18,1
18,25,1,18,1
18,26,1,18,1
18,18,1,19,2
18,19,1,19,2
18,20,1,19,2
18,21,1,19,2
18,22,1,19,2
18,23,1,19,2
18,17,1,20,2
18,18,1,20,2
18,21,2,16,9
18,23,2,16,1
18,22,2,17,167
18,23,2,17,1
18,19,2,18,1
18,26,2,18,1
18,23,2,19,2
18,17,2,20,2
18,20,2,20,2
18,23,2,20,297
18,20,2,21,2
18,23,2,21,1
18,24,2,21,6
18,19,3,16,1
18,22,3,16,1
18,23,3,16,1
18,19,3,17,1
18,22,3,17,1
18,23,3,17,1
18,25,3,17,297
18,19,3,18,1
18,22,3,18,1
18,26,3,18,1
18,27,3,18,6
18,19,3,19,1
18,22,3,19,1
18,26,3,19,1
18,17,3,20,2
18,19,3,20,1
18,22,3,20,1
18,23,3,20,1
18,19,3,21,9
18,20,3,21,2
18,23,3,21,1
18,19,3,22,6
18,20,3,22,2
18,19,4,16,1
18,20,4,16,1
18,21,4,16,9
18,23,4,16,1
18,26,4,16,1
18,22,4,17,6
18,25,4,17,1
18,26,4,17,1
18,17,4,18,2
18,18,4,18,2
18,19,4,18,2
18,22,4,18,1
18,19,4,19,2
18,20,4,19,2
18,26,4,19,1
18,17,4,20,2
18,19,4,20,9
18,20,4,20,2
18,19,4,21,167
18,20,4,21,2
18,20,5,16,1
18,21,5,16,1
18,22,5,16,423
18,26,5,16,1
18,17,5,17,2
18,17,5,18,2
18,20,5,18,1
18,21,5,18,1
18,22,5,18,1
18,26,5,18,1
18,19,5,19,1
18,20,5,19,1
18,26,5,19,1
18,17,5,20,2
18,19,5,20,1
18,26,5,20,1
18,19,5,21,2057
18,20,5,21,10
18,21,5,21,1
18,25,5,21,1
18,26,5,21,1
18,20,5,22,6
18,21,5,22,1
18,23,6,16,1
18,24,6,16,297
18,17,6,17,2
18,26,6,17,423
18,20,6,18,2
18,22,6,18,1
18,26,6,18,1
18,17,6,19,2
18,18,6,19,2
18,19,6,19,2
18,20,6,19,2
18,22,6,19,1
18,23,6,19,1
18,17,6,20,2
18,19,6,20,1
18,19,6,21,1
18,24,6,21,1
18,25,6,21,1
18,20,6,22,9
18,21,6,22,1
18,20,6,23,423
18,22,7,16,6
18,23,7,16,1
18,24,7,16,2
18,17,7,17,2
18,18,7,17,2
18,19,7,18,2057
18,20,7,18,10
18,21,7,18,2
18,23,7,18,1
18,19,7,19,2
18,20,7,19,423
18,21,7,19,2
18,23,7,19,1
18,19,7,20,2
18,20,7,20,2
18,21,7,20,2
18,21,7,21,1
18,24,7,21,297
18,20,7,22,1
18,21,7,22,1
18,22,7,22,1
18,23,7,22,1
18,24,7,22,423
18,20,7,23,1
18,24,8,16,2
18,18,8,17,2
18,19,8,17,2
18,20,8,17,2
18,21,8,17,2
18,22,8,17,2
18,23,8,17,2
18,24,8,17,2
18,18,8,18,2
18,23,8,18,1
18,21,8,19,2
18,22,8,19,10
18,23,8,19,2345
18,22,8,20,1
18,23,8,20,1
18,24,8,20,6
18,23,8,21,1
18,23,8,22,1
18,20,9,16,1
18,20,9,17,1
18,18,9,18,9
18,21,9,18,2
18,20,9,19,6
18,21,9,19,2
18,22,9,20,1
18,20,10,17,1
18,20,10,18,1
18,21,10,18,1
18,22,10,18,1
18,22,10,19,1
18,22,10,20,1
20,22,1,15,2
20,22,2,15,2
20,22,3,15,2
20,19,4,14,1
20,20,4,14,1
20,21,4,14,1
20,19,4,15,1
20,22,4,15,2
20,21,5,14,1
20,22,5,14,1
20,23,5,14,1
20,21,5,15,9
20,23,5,15,1
20,27,5,15,1
20,23,6,14,1
20,20,6,15,1
20,21,6,15,1
20,27,6,15,1
20,23,7,14,1
20,20,7,15,1
20,21,7,15,9
20,23,7,15,1
20,27,7,15,1
20,20,8,15,1
20,21,8,15,1
20,27,8,15,1
20,21,9,15,1
20,22,9,15,1
20,23,9,15,1
20,24,9,15,1
20,25,9,15,1
20,26,9,15,1
20,27,9,15,1
20,22,0,16,2
20,22,0,17,2
20,22,0,18,2
20,22,0,19,2
20,22,1,16,2
20,19,1,18,1
20,20,1,18,1
20,21,1,18,1
20,22,1,18,1
20,23,1,18,1
20,24,1,18,1
20,25,1,18,1
20,26,1,18,1
20,19,1,19,2
20,20,1,19,2
20,21,1,19,2
20,22,1,19,2
20,23,1,19,2
20,24,1,19,2
20,18,1,20,2
20,19,1,20,2
20,22,2,16,9
20,23,2,16,1
20,22,2,17,167
20,23,2,17,1
20,19,2,18,1
20,26,2,18,1
20,24,2,19,2
20,18,2,20,2
20,21,2,20,2
20,24,2,20,297
20,21,2,21,2
20,23,2,21,1
20,24,2,21,6
20,19,3,16,1
20,22,3,16,1
20,23,3,16,1
20,19,3,17,1
20,22,3,17,1
20,23,3,17,1
20,26,3,17,297
20,19,3,18,1
20,22,3,18,1
20,26,3,18,1
20,27,3,18,6
20,19,3,19,1
20,22,3,19,1
20,26,3,19,1
20,18,3,20,2
20,19,3,20,1
20,22,3,20,1
20,23,3,20,1
20,19,3,21,2057
20,20,3,21,10
20,21,3,21,2
20,23,3,21,1
20,20,3,22,6
20,21,3,22,2
20,19,4,16,1
20,20,4,16,1
20,22,4,16,9
20,23,4,16,1
20,27,4,16,1
20,22,4,17,6
20,26,4,17,1
20,27,4,17,1
20,18,4,18,2
20,19,4,18,2
20,20,4,18,2
20,22,4,18,1
20,20,4,19,2
20,21,4,19,2
20,26,4,19,1
20,18,4,20,2
20,20,4,20,9
20,21,4,20,2
20,20,4,21,423
20,21,4,21,2
20,20,5,16,1
20,21,5,16,1
20,22,5,16,167
20,27,5,16,1
20,18,5,17,2
20,18,5,18,2
20,20,5,18,1
20,21,5,18,1
20,22,5,18,1
20,26,5,18,1
20,19,5,19,1
20,20,5,19,1
20,26,5,19,1
20,18,5,20,2
20,19,5,20,1
20,26,5,20,1
20,19,5,21,9
20,22,5,21,1
20,25,5,21,1
20,26,5,21,1
20,21,5,22,6
20,22,5,22,1
20,23,6,16,1
20,25,6,16,297
20,18,6,17,2
20,26,6,17,167
20,21,6,18,2
20,22,6,18,1
20,26,6,18,1
20,18,6,19,2
20,19,6,19,2
20,20,6,19,2
20,21,6,19,2
20,22,6,19,1
20,23,6,19,1
20,18,6,20,2
20,19,6,20,1
20,19,6,21,1
20,24,6,21,1
20,25,6,21,1
20,20,6,22,2057
20,21,6,22,10
20,22,6,22,1
20,21,6,23,423
20,22,7,16,6
20,23,7,16,1
20,25,7,16,2
20,18,7,17,2
20,19,7,17,2
20,19,7,18,9
20,22,7,18,2
20,23,7,18,1
20,20,7,19,2
20,21,7,19,423
20,22,7,19,2
20,23,7,19,1
20,20,7,20,2
20,21,7,20,2
20,22,7,20,2
20,22,7,21,1
20,23,7,21,10
20,24,7,21,2345
20,21,7,22,1
20,22,7,22,1
20,23,7,22,1
20,24,7,22,1
20,25,7,22,423
20,21,7,23,1
20,25,8,16,2
20,19,8,17,2
20,20,8,17,2
20,21,8,17,2
20,22,8,17,2
20,23,8,17,2
20,24,8,17,2
20,25,8,17,2
20,19,8,18,2
20,23,8,18,1
20,22,8,19,2
20,23,8,19,297
20,23,8,20,1
20,24,8,20,1
20,25,8,20,6
20,24,8,21,1
20,24,8,22,1
20,21,9,16,1
20,21,9,17,1
20,19,9,18,9
20,22,9,18,2
20,21,9,19,6
20,22,9,19,2
20,23,9,20,1
20,21,10,17,1
20,21,10,18,1
20,22,10,18,1
20,23,10,18,1
20,23,10,19,1
20,23,10,20,1
22,22,1,15,2
22,22,2,15,2
22,22,3,15,2
22,19,4,14,1
22,20,4,14,1
22,21,4,14,1
22,19,4,15,1
22,22,4,15,2
22,21,5,14,1
22,22,5,14,1
22,23,5,14,1
22,22,5,15,9
22,23,5,15,1
22,28,5,15,1
22,23,6,14,1
22,21,6,15,1
22,22,6,15,1
22,28,6,15,1
22,23,7,14,1
22,21,7,15,1
22,22,7,15,9
22,23,7,15,1
22,28,7,15,1
22,21,8,15,1
22,22,8,15,1
22,28,8,15,1
22,22,9,15,1
22,23,9,15,1
22,24,9,15,1
22,25,9,15,1
22,26,9,15,1
22,27,9,15,1
22,28,9,15,1
22,22,0,16,2
22,22,0,17,2
22,22,0,18,2
22,22,0,19,2
22,22,1,16,2
22,19,1,18,1
22,20,1,18,1
22,21,1,18,1
22,22,1,18,1
22,23,1,18,1
22,24,1,18,1
22,25,1,18,1
22,26,1,18,1
22,19,1,19,2
22,20,1,19,2
22,21,1,19,2
22,22,1,19,2
22,23,1,19,2
22,24,1,19,2
22,18,1,20,2
22,19,1,20,2
22,23,2,16,9
22,24,2,16,1
22,23,2,17,423
22,24,2,17,1
22,19,2,18,1
22,26,2,18,1
22,24,2,19,2
22,18,2,20,2
22,22,2,20,2
22,23,2,20,10
22,24,2,20,2345
22,22,2,21,2
22,24,2,21,1
22,25,2,21,6
22,19,3,16,1
22,23,3,16,1
22,24,3,16,1
22,19,3,17,1
22,23,3,17,1
22,24,3,17,1
22,27,3,17,297
22,19,3,18,1
22,23,3,18,1
22,26,3,18,1
22,27,3,18,6
22,19,3,19,1
22,23,3,19,1
22,26,3,19,1
22,18,3,20,2
22,19,3,20,1
22,23,3,20,1
22,24,3,20,1
22,19,3,21,9
22,22,3,21,2
22,24,3,21,1
22,21,3,22,6
22,22,3,22,2
22,19,4,16,1
22,20,4,16,1
22,22,4,16,2057
22,23,4,16,10
22,24,4,16,1
22,28,4,16,1
22,23,4,17,6
22,27,4,17,1
22,28,4,17,1
22,19,4,18,2
22,20,4,18,2
22,21,4,18,2
22,23,4,18,1
22,21,4,19,2
22,22,4,19,2
22,26,4,19,1
22,18,4,20,2
22,20,4,20,2057
22,21,4,20,10
22,22,4,20,2
22,21,4,21,423
22,22,4,21,2
22,20,5,16,1
22,21,5,16,1
22,22,5,16,167
22,28,5,16,1
22,19,5,17,2
22,19,5,18,2
22,21,5,18,1
22,22,5,18,1
22,23,5,18,1
22,26,5,18,1
22,20,5,19,1
22,21,5,19,1
22,26,5,19,1
22,18,5,20,2
22,20,5,20,1
22,26,5,20,1
22,20,5,21,9
22,23,5,21,1
22,25,5,21,1
22,26,5,21,1
22,22,5,22,6
22,23,5,22,1
22,23,6,16,1
22,26,6,16,297
22,19,6,17,2
22,26,6,17,167
22,21,6,18,2
22,23,6,18,1
22,26,6,18,1
22,18,6,19,2
22,19,6,19,2
22,20,6,19,2
22,21,6,19,2
22,23,6,19,1
22,24,6,19,1
22,18,6,20,2
22,20,6,20,1
22,20,6,21,1
22,24,6,21,1
22,25,6,21,1
22,20,6,22,9
22,23,6,22,1
22,22,6,23,423
22,22,7,16,6
22,23,7,16,1
22,26,7,16,2
22,19,7,17,2
22,20,7,17,2
22,20,7,18,9
22,22,7,18,2
22,24,7,18,1
22,20,7,19,2
22,21,7,19,167
22,22,7,19,2
22,24,7,19,1
22,20,7,20,2
22,21,7,20,2
22,22,7,20,2
22,23,7,21,1
22,24,7,21,297
22,22,7,22,1
22,23,7,22,1
22,24,7,22,1
22,25,7,22,1
22,26,7,22,423
22,22,7,23,1
22,26,8,16,2
22,20,8,17,2
22,21,8,17,2
22,22,8,17,2
22,23,8,17,2
22,24,8,17,2
22,25,8,17,2
22,26,8,17,2
22,20,8,18,2
22,24,8,18,1
22,22,8,19,2
22,24,8,19,297
22,24,8,20,1
22,25,8,20,1
22,26,8,20,6
22,25,8,21,1
22,25,8,22,1
22,22,9,16,1
22,22,9,17,1
22,20,9,18,9
22,22,9,18,2
22,21,9,19,6
22,22,9,19,2
22,24,9,20,1
22,22,10,17,1
22,22,10,18,1
22,23,10,18,1
22,24,10,18,1
22,24,10,19,1
22,24,10,20,1
24,22,1,15,2
24,22,2,15,2
24,22,3,15,2
24,20,4,14,1
24,21,4,14,1
24,22,4,14,1
24,20,4,15,1
24,22,4,15,2
24,22,5,14,1
24,23,5,14,1
24,24,5,14,1
24,23,5,15,9
24,24,5,15,1
24,28,5,15,1
24,24,6,14,1
24,21,6,15,1
24,22,6,15,1
24,28,6,15,1
24,24,7,14,1
24,21,7,15,1
24,22,7,15,2057
24,23,7,15,10
24,24,7,15,1
24,28,7,15,1
24,21,8,15,1
24,22,8,15,1
24,28,8,15,1
24,22,9,15,1
24,23,9,15,1
24,24,9,15,1
24,25,9,15,1
24,26,9,15,1
24,27,9,15,1
24,28,9,15,1
24,22,0,16,2
24,22,0,17,2
24,22,0,18,2
24,22,0,19,2
24,22,1,16,2
24,20,1,18,1
24,21,1,18,1
24,22,1,18,1
24,23,1,18,1
24,24,1,18,1
24,25,1,18,1
24,26,1,18,1
24,27,1,18,1
24,19,1,19,2
24,20,1,19,2
24,21,1,19,2
24,22,1,19,2
24,23,1,19,2
24,24,1,19,2
24,18,1,20,2
24,19,1,20,2
24,23,2,16,2057
24,24,2,16,10
24,25,2,16,1
24,24,2,17,423
24,25,2,17,1
24,20,2,18,1
24,27,2,18,1
24,24,2,19,2
24,18,2,20,2
24,23,2,20,2
24,24,2,20,297
24,23,2,21,2
24,25,2,21,1
24,26,2,21,6
24,20,3,16,1
24,24,3,16,1
24,25,3,16,1
24,20,3,17,1
24,24,3,17,1
24,25,3,17,1
24,26,3,17,10
24,27,3,17,2345
24,20,3,18,1
24,24,3,18,1
24,27,3,18,1
24,28,3,18,6
24,20,3,19,1
24,24,3,19,1
24,27,3,19,1
24,18,3,20,2
24,20,3,20,1
24,24,3,20,1
24,25,3,20,1
24,20,3,21,9
24,23,3,21,2
24,25,3,21,1
24,22,3,22,6
24,23,3,22,2
24,20,4,16,1
24,21,4,16,1
24,22,4,16,9
24,25,4,16,1
24,28,4,16,1
24,24,4,17,6
24,27,4,17,1
24,28,4,17,1
24,20,4,18,2
24,21,4,18,2
24,22,4,18,2
24,24,4,18,1
24,22,4,19,2
24,23,4,19,2
24,27,4,19,1
24,18,4,20,2
24,20,4,20,9
24,23,4,20,2
24,22,4,21,423
24,23,4,21,2
24,21,5,16,1
24,22,5,16,1
24,23,5,16,423
24,28,5,16,1
24,20,5,17,2
24,20,5,18,2
24,22,5,18,1
24,23,5,18,1
24,24,5,18,1
24,27,5,18,1
24,21,5,19,1
24,22,5,19,1
24,27,5,19,1
24,18,5,20,2
24,21,5,20,1
24,27,5,20,1
24,21,5,21,9
24,23,5,21,1
24,26,5,21,1
24,27,5,21,1
24,22,5,22,6
24,23,5,22,1
24,24,6,16,1
24,27,6,16,297
24,20,6,17,2
24,27,6,17,423
24,21,6,18,2
24,24,6,18,1
24,27,6,18,1
24,18,6,19,2
24,19,6,19,2
24,20,6,19,2
24,21,6,19,2
24,24,6,19,1
24,25,6,19,1
24,18,6,20,2
24,21,6,20,1
24,21,6,21,1
24,25,6,21,1
24,26,6,21,1
24,21,6,22,9
24,23,6,22,1
24,22,6,23,167
24,23,7,16,6
24,24,7,16,1
24,27,7,16,2
24,20,7,17,2
24,21,7,17,2
24,21,7,18,9
24,22,7,18,2
24,25,7,18,1
24,20,7,19,2
24,21,7,19,167
24,22,7,19,2
24,25,7,19,1
24,20,7,20,2
24,21,7,20,2
24,22,7,20,2
24,23,7,21,1
24,25,7,21,297
24,22,7,22,1
24,23,7,22,1
24,24,7,22,1
24,25,7,22,1
24,26,7,22,167
24,22,7,23,1
24,27,8,16,2
24,21,8,17,2
24,22,8,17,2
24,23,8,17,2
24,24,8,17,2
24,25,8,17,2
24,26,8,17,2
24,27,8,17,2
24,21,8,18,2
24,25,8,18,1
24,22,8,19,2
24,25,8,19,297
24,24,8,20,1
24,25,8,20,1
24,26,8,20,6
24,25,8,21,1
24,25,8,22,1
24,22,9,16,1
24,22,9,17,1
24,21,9,18,9
24,22,9,18,2
24,21,9,19,6
24,22,9,19,2
24,24,9,20,1
24,22,10,17,1
24,22,10,18,1
24,23,10,18,1
24,24,10,18,1
24,24,10,19,1
24,24,10,20,1
26,23,1,15,2
26,23,2,15,2
26,23,3,15,2
26,21,4,14,1
26,22,4,14,1
26,23,4,14,1
26,21,4,15,1
26,23,4,15,2
26,23,5,14,1
26,24,5,14,1
26,25,5,14,1
26,23,5,15,2057
26,24,5,15,10
26,25,5,15,1
26,28,5,15,1
26,25,6,14,1
26,21,6,15,1
26,22,6,15,1
26,28,6,15,1
26,25,7,14,1
26,21,7,15,1
26,22,7,15,9
26,25,7,15,1
26,28,7,15,1
26,21,8,15,1
26,22,8,15,1
26,28,8,15,1
26,22,9,15,1
26,23,9,15,1
26,24,9,15,1
26,25,9,15,1
26,26,9,15,1
26,27,9,15,1
26,28,9,15,1
26,23,0,16,2
26,23,0,17,2
26,23,0,18,2
26,23,0,19,2
26,23,1,16,2
26,21,1,18,1
26,22,1,18,1
26,23,1,18,1
26,24,1,18,1
26,25,1,18,1
26,26,1,18,1
26,27,1,18,1
26,28,1,18,1
26,20,1,19,2
26,21,1,19,2
26,22,1,19,2
26,23,1,19,2
26,24,1,19,2
26,25,1,19,2
26,19,1,20,2
26,20,1,20,2
26,23,2,16,9
26,26,2,16,1
26,25,2,17,423
26,26,2,17,1
26,21,2,18,1
26,28,2,18,1
26,25,2,19,2
26,19,2,20,2
26,23,2,20,2
26,25,2,20,297
26,23,2,21,2
26,26,2,21,1
26,27,2,21,6
26,21,3,16,1
26,25,3,16,1
26,26,3,16,1
26,21,3,17,1
26,25,3,17,1
26,26,3,17,1
26,27,3,17,297
26,21,3,18,1
26,25,3,18,1
26,28,3,18,1
26,29,3,18,6
26,21,3,19,1
26,25,3,19,1
26,28,3,19,1
26,19,3,20,2
26,21,3,20,1
26,25,3,20,1
26,26,3,20,1
26,21,3,21,9
26,23,3,21,2
26,26,3,21,1
26,22,3,22,6
26,23,3,22,2
26,21,4,16,1
26,22,4,16,1
26,23,4,16,9
26,26,4,16,1
26,28,4,16,1
26,25,4,17,6
26,27,4,17,1
26,28,4,17,1
26,20,4,18,2
26,21,4,18,2
26,22,4,18,2
26,25,4,18,1
26,22,4,19,2
26,23,4,19,2
26,28,4,19,1
26,19,4,20,2
26,21,4,20,9
26,23,4,20,2
26,22,4,21,167
26,23,4,21,2
26,22,5,16,1
26,23,5,16,1
26,24,5,16,423
26,28,5,16,1
26,20,5,17,2
26,20,5,18,2
26,23,5,18,1
26,24,5,18,1
26,25,5,18,1
26,28,5,18,1
26,22,5,19,1
26,23,5,19,1
26,28,5,19,1
26,19,5,20,2
26,22,5,20,1
26,28,5,20,1
26,22,5,21,9
26,23,5,21,1
26,27,5,21,1
26,28,5,21,1
26,22,5,22,6
26,23,5,22,1
26,25,6,16,1
26,26,6,16,10
26,27,6,16,2345
26,20,6,17,2
26,28,6,17,423
26,22,6,18,2
26,25,6,18,1
26,28,6,18,1
26,19,6,19,2
26,20,6,19,2
26,21,6,19,2
26,22,6,19,2
26,25,6,19,1
26,26,6,19,1
26,19,6,20,2
26,22,6,20,1
26,22,6,21,1
26,26,6,21,1
26,27,6,21,1
26,22,6,22,9
26,23,6,22,1
26,22,6,23,167
26,24,7,16,6
26,25,7,16,1
26,27,7,16,2
26,20,7,17,2
26,21,7,17,2
26,22,7,18,9
26,23,7,18,2
26,26,7,18,1
26,21,7,19,2
26,22,7,19,423
26,23,7,19,2
26,26,7,19,1
26,21,7,20,2
26,22,7,20,2
26,23,7,20,2
26,23,7,21,1
26,26,7,21,297
26,22,7,22,1
26,23,7,22,1
26,24,7,22,1
26,25,7,22,1
26,26,7,22,167
26,22,7,23,1
26,27,8,16,2
26,21,8,17,2
26,22,8,17,2
26,23,8,17,2
26,24,8,17,2
26,25,8,17,2
26,26,8,17,2
26,27,8,17,2
26,21,8,18,2
26,26,8,18,1
26,23,8,19,2
26,26,8,19,297
26,24,8,20,1
26,25,8,20,1
26,26,8,20,6
26,25,8,21,1
26,25,8,22,1
26,22,9,16,1
26,22,9,17,1
26,21,9,18,2057
26,22,9,18,10
26,23,9,18,2
26,22,9,19,6
26,23,9,19,2
26,24,9,20,1
26,22,10,17,1
26,22,10,18,1
26,23,10,18,1
26,24,10,18,1
26,24,10,19,1
26,24,10,20,1
28,24,1,15,2
28,24,2,15,2
28,24,3,15,2
28,22,4,14,1
28,23,4,14,1
28,24,4,14,1
28,22,4,15,1
28,24,4,15,2
28,24,5,14,1
28,25,5,14,1
28,26,5,14,1
28,23,5,15,9
28,26,5,15,1
28,29,5,15,1
28,26,6,14,1
28,22,6,15,1
28,23,6,15,1
28,29,6,15,1
28,26,7,14,1
28,22,7,15,1
28,23,7,15,9
28,26,7,15,1
28,29,7,15,1
28,22,8,15,1
28,23,8,15,1
28,29,8,15,1
28,23,9,15,1
28,24,9,15,1
28,25,9,15,1
28,26,9,15,1
28,27,9,15,1
28,28,9,15,1
28,29,9,15,1
28,24,0,16,2
28,24,0,17,2
28,24,0,18,2
28,24,0,19,2
28,24,1,16,2
28,22,1,18,1
28,23,1,18,1
28,24,1,18,1
28,25,1,18,1
28,26,1,18,1
28,27,1,18,1
28,28,1,18,1
28,29,1,18,1
28,21,1,19,2
28,22,1,19,2
28,23,1,19,2
28,24,1,19,2
28,25,1,19,2
28,26,1,19,2
28,20,1,20,2
28,21,1,20,2
28,24,2,16,9
28,26,2,16,1
28,25,2,17,167
28,26,2,17,1
28,22,2,18,1
28,29,2,18,1
28,26,2,19,2
28,20,2,20,2
28,23,2,20,2
28,26,2,20,297
28,23,2,21,2
28,26,2,21,1
28,27,2,21,6
28,22,3,16,1
28,25,3,16,1
28,26,3,16,1
28,22,3,17,1
28,25,3,17,1
28,26,3,17,1
28,28,3,17,297
28,22,3,18,1
28,25,3,18,1
28,29,3,18,1
28,30,3,18,6
28,22,3,19,1
28,25,3,19,1
28,29,3,19,1
28,20,3,20,2
28,22,3,20,1
28,25,3,20,1
28,26,3,20,1
28,22,3,21,9
28,23,3,21,2
28,26,3,21,1
28,22,3,22,6
28,23,3,22,2
28,22,4,16,1
28,23,4,16,1
28,24,4,16,9
28,26,4,16,1
28,29,4,16,1
28,25,4,17,6
28,28,4,17,1
28,29,4,17,1
28,20,4,18,2
28,21,4,18,2
28,22,4,18,2
28,25,4,18,1
28,22,4,19,2
28,23,4,19,2
28,29,4,19,1
28,20,4,20,2
28,22,4,20,9
28,23,4,20,2
28,22,4,21,167
28,23,4,21,2
28,23,5,16,1
28,24,5,16,1
28,25,5,16,423
28,29,5,16,1
28,20,5,17,2
28,20,5,18,2
28,23,5,18,1
28,24,5,18,1
28,25,5,18,1
28,29,5,18,1
28,22,5,19,1
28,23,5,19,1
28,29,5,19,1
28,20,5,20,2
28,22,5,20,1
28,29,5,20,1
28,23,5,21,9
28,24,5,21,1
28,28,5,21,1
28,29,5,21,1
28,23,5,22,6
28,24,5,22,1
28,26,6,16,1
28,27,6,16,297
28,20,6,17,2
28,29,6,17,423
28,23,6,18,2
28,25,6,18,1
28,29,6,18,1
28,20,6,19,2
28,21,6,19,2
28,22,6,19,2
28,23,6,19,2
28,25,6,19,1
28,26,6,19,1
28,20,6,20,2
28,22,6,20,1
28,22,6,21,1
28,27,6,21,1
28,28,6,21,1
28,22,6,22,2057
28,23,6,22,10
28,24,6,22,1
28,23,6,23,423
28,25,7,16,6
28,26,7,16,1
28,27,7,16,2
28,20,7,17,2
28,21,7,17,2
28,22,7,18,2057
28,23,7,18,10
28,24,7,18,2
28,26,7,18,1
28,22,7,19,2
28,23,7,19,423
28,24,7,19,2
28,26,7,19,1
28,22,7,20,2
28,23,7,20,2
28,24,7,20,2
28,24,7,21,1
28,27,7,21,297
28,23,7,22,1
28,24,7,22,1
28,25,7,22,1
28,26,7,22,1
28,27,7,22,423
28,23,7,23,1
28,27,8,16,2
28,21,8,17,2
28,22,8,17,2
28,23,8,17,2
28,24,8,17,2
28,25,8,17,2
28,26,8,17,2
28,27,8,17,2
28,21,8,18,2
28,26,8,18,1
28,24,8,19,2
28,25,8,19,10
28,26,8,19,2345
28,25,8,20,1
28,26,8,20,1
28,27,8,20,6
28,26,8,21,1
28,26,8,22,1
28,23,9,16,1
28,23,9,17,1
28,21,9,18,9
28,24,9,18,2
28,23,9,19,6
28,24,9,19,2
28,25,9,20,1
28,23,10,17,1
28,23,10,18,1
28,24,10,18,1
28,25,10,18,1
28,25,10,19,1
28,25,10,20,1
30,25,1,15,2
30,25,2,15,2
30,25,3,15,2
30,22,4,14,1
30,23,4,14,1
30,24,4,14,1
30,22,4,15,1
30,25,4,15,2
30,24,5,14,1
30,25,5,14,1
30,26,5,14,1
30,24,5,15,9
30,26,5,15,1
30,30,5,15,1
30,26,6,14,1
30,23,6,15,1
30,24,6,15,1
30,30,6,15,1
30,26,7,14,1
30,23,7,15,1
30,24,7,15,9
30,26,7,15,1
30,30,7,15,1
30,23,8,15,1
30,24,8,15,1
30,30,8,15,1
30,24,9,15,1
30,25,9,15,1
30,26,9,15,1
30,27,9,15,1
30,28,9,15,1
30,29,9,15,1
30,30,9,15,1
30,25,0,16,2
30,25,0,17,2
30,25,0,18,2
30,25,0,19,2
30,25,1,16,2
30,22,1,18,1
30,23,1,18,1
30,24,1,18,1
30,25,1,18,1
30,26,1,18,1
30,27,1,18,1
30,28,1,18,1
30,29,1,18,1
30,22,1,19,2
30,23,1,19,2
30,24,1,19,2
30,25,1,19,2
30,26,1,19,2
30,27,1,19,2
30,21,1,20,2
30,22,1,20,2
30,25,2,16,9
30,26,2,16,1
30,25,2,17,167
30,26,2,17,1
30,22,2,18,1
30,29,2,18,1
30,27,2,19,2
30,21,2,20,2
30,24,2,20,2
30,27,2,20,297
30,24,2,21,2
30,26,2,21,1
30,27,2,21,6
30,22,3,16,1
30,25,3,16,1
30,26,3,16,1
30,22,3,17,1
30,25,3,17,1
30,26,3,17,1
30,29,3,17,297
30,22,3,18,1
30,25,3,18,1
30,29,3,18,1
30,30,3,18,6
30,22,3,19,1
30,25,3,19,1
30,29,3,19,1
30,21,3,20,2
30,22,3,20,1
30,25,3,20,1
30,26,3,20,1
30,22,3,21,2057
30,23,3,21,10
30,24,3,21,2
30,26,3,21,1
30,23,3,22,6
30,24,3,22,2
30,22,4,16,1
30,23,4,16,1
30,25,4,16,9
30,26,4,16,1
30,30,4,16,1
30,25,4,17,6
30,29,4,17,1
30,30,4,17,1
30,21,4,18,2
30,22,4,18,2
30,23,4,18,2
30,25,4,18,1
30,23,4,19,2
30,24,4,19,2
30,29,4,19,1
30,21,4,20,2
30,23,4,20,9
30,24,4,20,2
30,23,4,21,423
30,24,4,21,2
30,23,5,16,1
30,24,5,16,1
30,25,5,16,167
30,30,5,16,1
30,21,5,17,2
30,21,5,18,2
30,23,5,18,1
30,24,5,18,1
30,25,5,18,1
30,29,5,18,1
30,22,5,19,1
30,23,5,19,1
30,29,5,19,1
30,21,5,20,2
30,22,5,20,1
30,29,5,20,1
30,23,5,21,2057
30,24,5,21,10
30,25,5,21,1
30,28,5,21,1
30,29,5,21,1
30,24,5,22,6
30,25,5,22,1
30,26,6,16,1
30,28,6,16,297
30,21,6,17,2
30,29,6,17,167
30,24,6,18,2
30,25,6,18,1
30,29,6,18,1
30,21,6,19,2
30,22,6,19,2
30,23,6,19,2
30,24,6,19,2
30,25,6,19,1
30,26,6,19,1
30,21,6,20,2
30,22,6,20,1
30,22,6,21,1
30,27,6,21,1
30,28,6,21,1
30,22,6,22,9
30,25,6,22,1
30,24,6,23,423
30,25,7,16,6
30,26,7,16,1
30,28,7,16,2
30,21,7,17,2
30,22,7,17,2
30,22,7,18,9
30,25,7,18,2
30,26,7,18,1
30,23,7,19,2
30,24,7,19,423
30,25,7,19,2
30,26,7,19,1
30,23,7,20,2
30,24,7,20,2
30,25,7,20,2
30,25,7,21,1
30,26,7,21,10
30,27,7,21,2345
30,24,7,22,1
30,25,7,22,1
30,26,7,22,1
30,27,7,22,1
30,28,7,22,423
30,24,7,23,1
30,28,8,16,2
30,22,8,17,2
30,23,8,17,2
30,24,8,17,2
30,25,8,17,2
30,26,8,17,2
30,27,8,17,2
30,28,8,17,2
30,22,8,18,2
30,26,8,18,1
30,25,8,19,2
30,26,8,19,297
30,26,8,20,1
30,27,8,20,1
30,28,8,20,6
30,27,8,21,1
30,27,8,22,1
30,24,9,16,1
30,24,9,17,1
30,22,9,18,9
30,25,9,18,2
30,24,9,19,6
30,25,9,19,2
30,26,9,20,1
30,24,10,17,1
30,24,10,18,1
30,25,10,18,1
30,26,10,18,1
30,26,10,19,1
30,26,10,20,1
32,25,1,15,2
32,25,2,15,2
32,25,3,15,2
32,22,4,14,1
32,23,4,14,1
32,24,4,14,1
32,22,4,15,1
32,25,4,15,2
32,24,5,14,1
32,25,5,14,1
32,26,5,14,1
32,25,5,15,9
32,26,5,15,1
32,31,5,15,1
32,26,6,14,1
32,24,6,15,1
32,25,6,15,1
32,31,6,15,1
32,26,7,14,1
32,24,7,15,1
32,25,7,15,9
32,26,7,15,1
32,31,7,15,1
32,24,8,15,1
32,25,8,15,1
32,31,8,15,1
32,25,9,15,1
32,26,9,15,1
32,27,9,15,1
32,28,9,15,1
32,29,9,15,1
32,30,9,15,1
32,31,9,15,1
32,25,0,16,2
32,25,0,17,2
32,25,0,18,2
32,25,0,19,2
32,25,1,16,2
32,22,1,18,1
32,23,1,18,1
32,24,1,18,1
32,25,1,18,1
32,26,1,18,1
32,27,1,18,1
32,28,1,18,1
32,29,1,18,1
32,22,1,19,2
32,23,1,19,2
32,24,1,19,2
32,25,1,19,2
32,26,1,19,2
32,27,1,19,2
32,21,1,20,2
32,22,1,20,2
32,26,2,16,9
32,27,2,16,1
32,26,2,17,423
32,27,2,17,1
32,22,2,18,1
32,29,2,18,1
32,27,2,19,2
32,21,2,20,2
32,25,2,20,2
32,26,2,20,10
32,27,2,20,2345
32,25,2,21,2
32,27,2,21,1
32,28,2,21,6
32,22,3,16,1
32,26,3,16,1
32,27,3,16,1
32,22,3,17,1
32,26,3,17,1
32,27,3,17,1
32,30,3,17,297
32,22,3,18,1
32,26,3,18,1
32,29,3,18,1
32,30,3,18,6
32,22,3,19,1
32,26,3,19,1
32,29,3,19,1
32,21,3,20,2
32,22,3,20,1
32,26,3,20,1
32,27,3,20,1
32,22,3,21,9
32,25,3,21,2
32,27,3,21,1
32,24,3,22,6
32,25,3,22,2
32,22,4,16,1
32,23,4,16,1
32,25,4,16,2057
32,26,4,16,10
32,27,4,16,1
32,31,4,16,1
32,26,4,17,6
32,30,4,17,1
32,31,4,17,1
32,22,4,18,2
32,23,4,18,2
32,24,4,18,2
32,26,4,18,1
32,24,4,19,2
32,25,4,19,2
32,29,4,19,1
32,21,4,20,2
32,23,4,20,2057
32,24,4,20,10
32,25,4,20,2
32,24,4,21,423
32,25,4,21,2
32,23,5,16,1
32,24,5,16,1
32,25,5,16,167
32,31,5,16,1
32,22,5,17,2
32,22,5,18,2
32,24,5,18,1
32,25,5,18,1
32,26,5,18,1
32,29,5,18,1
32,23,5,19,1
32,24,5,19,1
32,29,5,19,1
32,21,5,20,2
32,23,5,20,1
32,29,5,20,1
32,23,5,21,9
32,26,5,21,1
32,28,5,21,1
32,29,5,21,1
32,25,5,22,6
32,26,5,22,1
32,26,6,16,1
32,29,6,16,297
32,22,6,17,2
32,29,6,17,167
32,24,6,18,2
32,26,6,18,1
32,29,6,18,1
32,21,6,19,2
32,22,6,19,2
32,23,6,19,2
32,24,6,19,2
32,26,6,19,1
32,27,6,19,1
32,21,6,20,2
32,23,6,20,1
32,23,6,21,1
32,27,6,21,1
32,28,6,21,1
32,23,6,22,9
32,26,6,22,1
32,25,6,23,423
32,25,7,16,6
32,26,7,16,1
32,29,7,16,2
32,22,7,17,2
32,23,7,17,2
32,23,7,18,9
32,25,7,18,2
32,27,7,18,1
32,23,7,19,2
32,24,7,19,167
32,25,7,19,2
32,27,7,19,1
32,23,7,20,2
32,24,7,20,2
32,25,7,20,2
32,26,7,21,1
32,27,7,21,297
32,25,7,22,1
32,26,7,22,1
32,27,7,22,1
32,28,7,22,1
32,29,7,22,423
32,25,7,23,1
32,29,8,16,2
32,23,8,17,2
32,24,8,17,2
32,25,8,17,2
32,26,8,17,2
32,27,8,17,2
32,28,8,17,2
32,29,8,17,2
32,23,8,18,2
32,27,8,18,1
32,25,8,19,2
32,27,8,19,297
32,27,8,20,1
32,28,8,20,1
32,29,8,20,6
32,28,8,21,1
32,28,8,22,1
32,25,9,16,1
32,25,9,17,1
32,23,9,18,9
32,25,9,18,2
32,24,9,19,6
32,25,9,19,2
32,27,9,20,1
32,25,10,17,1
32,25,10,18,1
32,26,10,18,1
32,27,10,18,1
32,27,10,19,1
32,27,10,20,1
34,25,1,15,2
34,25,2,15,2
34,25,3,15,2
34,23,4,14,1
34,24,4,14,1
34,25,4,14,1
34,23,4,15,1
34,25,4,15,2
34,25,5,14,1
34,26,5,14,1
34,27,5,14,1
34,26,5,15,9
34,27,5,15,1
34,31,5,15,1
34,27,6,14,1
34,24,6,15,1
34,25,6,15,1
34,31,6,15,1
34,27,7,14,1
34,24,7,15,1
34,25,7,15,2057
34,26,7,15,10
34,27,7,15,1
34,31,7,15,1
34,24,8,15,1
34,25,8,15,1
34,31,8,15,1
34,25,9,15,1
34,26,9,15,1
34,27,9,15,1
34,28,9,15,1
34,29,9,15,1
34,30,9,15,1
34,31,9,15,1
34,25,0,16,2
34,25,0,17,2
34,25,0,18,2
34,25,0,19,2
34,25,1,16,2
34,23,1,18,1
34,24,1,18,1
34,25,1,18,1
34,26,1,18,1
34,27,1,18,1
34,28,1,18,1
34,29,1,18,1
34,30,1,18,1
34,22,1,19,2
34,23,1,19,2
34,24,1,19,2
34,25,1,19,2
34,26,1,19,2
34,27,1,19,2
34,21,1,20,2
34,22,1,20,2
34,26,2,16,2057
34,27,2,16,10
34,28,2,16,1
34,27,2,17,423
34,28,2,17,1
34,23,2,18,1
34,30,2,18,1
34,27,2,19,2
34,21,2,20,2
34,26,2,20,2
34,27,2,20,297
34,26,2,21,2
34,28,2,21,1
34,29,2,21,6
34,23,3,16,1
34,27,3,16,1
34,28,3,16,1
34,23,3,17,1
34,27,3,17,1
34,28,3,17,1
34,29,3,17,10
34,30,3,17,2345
34,23,3,18,1
34,27,3,18,1
34,30,3,18,1
34,31,3,18,6
34,23,3,19,1
34,27,3,19,1
34,30,3,19,1
34,21,3,20,2
34,23,3,20,1
34,27,3,20,1
34,28,3,20,1
34,23,3,21,9
34,26,3,21,2
34,28,3,21,1
34,25,3,22,6
34,26,3,22,2
34,23,4,16,1
34,24,4,16,1
34,25,4,16,9
34,28,4,16,1
34,31,4,16,1
34,27,4,17,6
34,30,4,17,1
34,31,4,17,1
34,23,4,18,2
34,24,4,18,2
34,25,4,18,2
34,27,4,18,1
34,25,4,19,2
34,26,4,19,2
34,30,4,19,1
34,21,4,20,2
34,23,4,20,9
34,26,4,20,2
34,25,4,21,423
34,26,4,21,2
34,24,5,16,1
34,25,5,16,1
34,26,5,16,423
34,31,5,16,1
34,23,5,17,2
34,23,5,18,2
34,25,5,18,1
34,26,5,18,1
34,27,5,18,1
34,30,5,18,1
34,24,5,19,1
34,25,5,19,1
34,30,5,19,1
34,21,5,20,2
34,24,5,20,1
34,30,5,20,1
34,24,5,21,9
34,26,5,21,1
34,29,5,21,1
34,30,5,21,1
34,25,5,22,6
34,26,5,22,1
34,27,6,16,1
34,30,6,16,297
34,23,6,17,2
34,30,6,17,423
34,24,6,18,2
34,27,6,18,1
34,30,6,18,1
34,21,6,19,2
34,22,6,19,2
34,23,6,19,2
34,24,6,19,2
34,27,6,19,1
34,28,6,19,1
34,21,6,20,2
34,24,6,20,1
34,24,6,21,1
34,28,6,21,1
34,29,6,21,1
34,24,6,22,9
34,26,6,22,1
34,25,6,23,167
34,26,7,16,6
34,27,7,16,1
34,30,7,16,2
34,23,7,17,2
34,24,7,17,2
34,24,7,18,9
34,25,7,18,2
34,28,7,18,1
34,23,7,19,2
34,24,7,19,167
34,25,7,19,2
34,28,7,19,1
34,23,7,20,2
34,24,7,20,2
34,25,7,20,2
34,26,7,21,1
34,28,7,21,297
34,25,7,22,1
34,26,7,22,1
34,27,7,22,1
34,28,7,22,1
34,29,7,22,167
34,25,7,23,1
34,30,8,16,2
34,24,8,17,2
34,25,8,17,2
34,26,8,17,2
34,27,8,17,2
34,28,8,17,2
34,29,8,17,2
34,30,8,17,2
34,24,8,18,2
34,28,8,18,1
34,25,8,19,2
34,28,8,19,297
34,27,8,20,1
34,28,8,20,1
34,29,8,20,6
34,28,8,21,1
34,28,8,22,1
34,25,9,16,1
34,25,9,17,1
34,24,9,18,9
34,25,9,18,2
34,24,9,19,6
34,25,9,19,2
34,27,9,20,1
34,25,10,17,1
34,25,10,18,1
34,26,10,18,1
34,27,10,18,1
34,27,10,19,1
34,27,10,20,1
36,26,1,15,2
36,26,2,15,2
36,26,3,15,2
36,24,4,14,1
36,25,4,14,1
36,26,4,14,1
36,24,4,15,1
36,26,4,15,2
36,26,5,14,1
36,27,5,14,1
36,28,5,14,1
36,26,5,15,2057
36,27,5,15,10
36,28,5,15,1
36,31,5,15,1
36,28,6,14,1
36,24,6,15,1
36,25,6,15,1
36,31,6,15,1
36,28,7,14,1
36,24,7,15,1
36,25,7,15,9
36,28,7,15,1
36,31,7,15,1
36,24,8,15,1
36,25,8,15,1
36,31,8,15,1
36,25,9,15,1
36,26,9,15,1
36,27,9,15,1
36,28,9,15,1
36,29,9,15,1
36,30,9,15,1
36,31,9,15,1
36,26,0,16,2
36,26,0,17,2
36,26,0,18,2
36,26,0,19,2
36,26,1,16,2
36,24,1,18,1
36,25,1,18,1
36,26,1,18,1
36,27,1,18,1
36,28,1,18,1
36,29,1,18,1
36,30,1,18,1
36,31,1,18,1
36,23,1,19,2
36,24,1,19,2
36,25,1,19,2
36,26,1,19,2
36,27,1,19,2
36,28,1,19,2
36,22,1,20,2
36,23,1,20,2
36,26,2,16,9
36,29,2,16,1
36,28,2,17,423
36,29,2,17,1
36,24,2,18,1
36,31,2,18,1
36,28,2,19,2
36,22,2,20,2
36,26,2,20,2
36,28,2,20,297
36,26,2,21,2
36,29,2,21,1
36,30,2,21,6
36,24,3,16,1
36,28,3,16,1
36,29,3,16,1
36,24,3,17,1
36,28,3,17,1
36,29,3,17,1
36,30,3,17,297
36,24,3,18,1
36,28,3,18,1
36,31,3,18,1
36,24,3,19,1
36,28,3,19,1
36,31,3,19,1
36,22,3,20,2
36,24,3,20,1
36,28,3,20,1
36,29,3,20,1
36,24,3,21,9
36,26,3,21,2
36,29,3,21,1
36,25,3,22,6
36,26,3,22,2
36,24,4,16,1
36,25,4,16,1
36,26,4,16,9
36,29,4,16,1
36,31,4,16,1
36,28,4,17,6
36,30,4,17,1
36,31,4,17,1
36,23,4,18,2
36,24,4,18,2
36,25,4,18,2
36,28,4,18,1
36,25,4,19,2
36,26,4,19,2
36,31,4,19,1
36,22,4,20,2
36,24,4,20,9
36,26,4,20,2
36,25,4,21,167
36,26,4,21,2
36,25,5,16,1
36,26,5,16,1
36,27,5,16,423
36,31,5,16,1
36,23,5,17,2
36,23,5,18,2
36,26,5,18,1
36,27,5,18,1
36,28,5,18,1
36,31,5,18,1
36,25,5,19,1
36,26,5,19,1
36,31,5,19,1
36,22,5,20,2
36,25,5,20,1
36,31,5,20,1
36,25,5,21,9
36,26,5,21,1
36,30,5,21,1
36,31,5,21,1
36,25,5,22,6
36,26,5,22,1
36,28,6,16,1
36,29,6,16,10
36,30,6,16,2345
36,23,6,17,2
36,31,6,17,423
36,25,6,18,2
36,28,6,18,1
36,31,6,18,1
36,22,6,19,2
36,23,6,19,2
36,24,6,19,2
36,25,6,19,2
36,28,6,19,1
36,29,6,19,1
36,22,6,20,2
36,25,6,20,1
36,25,6,21,1
36,29,6,21,1
36,30,6,21,1
36,25,6,22,9
36,26,6,22,1
36,25,6,23,167
36,27,7,16,6
36,28,7,16,1
36,30,7,16,2
36,23,7,17,2
36,24,7,17,2
36,25,7,18,9
36,26,7,18,2
36,29,7,18,1
36,24,7,19,2
36,25,7,19,423
36,26,7,19,2
36,29,7,19,1
36,24,7,20,2
36,25,7,20,2
36,26,7,20,2
36,26,7,21,1
36,29,7,21,297
36,25,7,22,1
36,26,7,22,1
36,27,7,22,1
36,28,7,22,1
36,29,7,22,167
36,25,7,23,1
36,30,8,16,2
36,24,8,17,2
36,25,8,17,2
36,26,8,17,2
36,27,8,17,2
36,28,8,17,2
36,29,8,17,2
36,30,8,17,2
36,24,8,18,2
36,29,8,18,1
36,26,8,19,2
36,29,8,19,297
36,27,8,20,1
36,28,8,20,1
36,29,8,20,6
36,28,8,21,1
36,28,8,22,1
36,25,9,16,1
36,25,9,17,1
36,24,9,18,2057
36,25,9,18,10
36,26,9,18,2
36,25,9,19,6
36,26,9,19,2
36,27,9,20,1
36,25,10,17,1
36,25,10,18,1
36,26,10,18,1
36,27,10,18,1
36,27,10,19,1
36,27,10,20,1
36,32,3,18,6
38,27,1,15,2
38,27,2,15,2
38,27,3,15,2
38,25,4,14,1
38,26,4,14,1
38,27,4,14,1
38,25,4,15,1
38,27,4,15,2
38,27,5,14,1
38,28,5,14,1
38,29,5,14,1
38,26,5,15,9
38,29,5,15,1
38,29,6,14,1
38,25,6,15,1
38,26,6,15,1
38,29,7,14,1
38,25,7,15,1
38,26,7,15,9
38,29,7,15,1
38,25,8,15,1
38,26,8,15,1
38,26,9,15,1
38,27,9,15,1
38,28,9,15,1
38,29,9,15,1
38,30,9,15,1
38,31,9,15,1
38,27,0,16,2
38,27,0,17,2
38,27,0,18,2
38,27,0,19,2
38,27,1,16,2
38,25,1,18,1
38,26,1,18,1
38,27,1,18,1
38,28,1,18,1
38,29,1,18,1
38,30,1,18,1
38,31,1,18,1
38,24,1,19,2
38,25,1,19,2
38,26,1,19,2
38,27,1,19,2
38,28,1,19,2
38,29,1,19,2
38,23,1,20,2
38,24,1,20,2
38,27,2,16,9
38,29,2,16,1
38,28,2,17,167
38,29,2,17,1
38,25,2,18,1
38,29,2,19,2
38,23,2,20,2
38,26,2,20,2
38,29,2,20,297
38,26,2,21,2
38,29,2,21,1
38,30,2,21,6
38,25,3,16,1
38,28,3,16,1
38,29,3,16,1
38,25,3,17,1
38,28,3,17,1
38,29,3,17,1
38,31,3,17,297
38,25,3,18,1
38,28,3,18,1
38,25,3,19,1
38,28,3,19,1
38,23,3,20,2
38,25,3,20,1
38,28,3,20,1
38,29,3,20,1
38,25,3,21,9
38,26,3,21,2
38,29,3,21,1
38,25,3,22,6
38,26,3,22,2
38,25,4,16,1
38,26,4,16,1
38,27,4,16,9
38,29,4,16,1
38,28,4,17,6
38,31,4,17,1
38,23,4,18,2
38,24,4,18,2
38,25,4,18,2
38,28,4,18,1
38,25,4,19,2
38,26,4,19,2
38,23,4,20,2
38,25,4,20,9
38,26,4,20,2
38,25,4,21,167
38,26,4,21,2
38,26,5,16,1
38,27,5,16,1
38,28,5,16,423
38,23,5,17,2
38,23,5,18,2
38,26,5,18,1
38,27,5,18,1
38,28,5,18,1
38,25,5,19,1
38,26,5,19,1
38,23,5,20,2
38,25,5,20,1
38,25,5,21,2057
38,26,5,21,10
38,27,5,21,1
38,31,5,21,1
38,26,5,22,6
38,27,5,22,1
38,29,6,16,1
38,30,6,16,297
38,23,6,17,2
38,26,6,18,2
38,28,6,18,1
38,23,6,19,2
38,24,6,19,2
38,25,6,19,2
38,26,6,19,2
38,28,6,19,1
38,29,6,19,1
38,23,6,20,2
38,25,6,20,1
38,25,6,21,1
38,30,6,21,1
38,31,6,21,1
38,26,6,22,9
38,27,6,22,1
38,26,6,23,423
38,28,7,16,6
38,29,7,16,1
38,30,7,16,2
38,23,7,17,2
38,24,7,17,2
38,25,7,18,2057
38,26,7,18,10
38,27,7,18,2
38,29,7,18,1
38,25,7,19,2
38,26,7,19,423
38,27,7,19,2
38,29,7,19,1
38,25,7,20,2
38,26,7,20,2
38,27,7,20,2
38,27,7,21,1
38,30,7,21,297
38,26,7,22,1
38,27,7,22,1
38,28,7,22,1
38,29,7,22,1
38,30,7,22,423
38,26,7,23,1
38,30,8,16,2
38,24,8,17,2
38,25,8,17,2
38,26,8,17,2
38,27,8,17,2
38,28,8,17,2
38,29,8,17,2
38,30,8,17,2
38,24,8,18,2
38,29,8,18,1
38,27,8,19,2
38,28,8,19,10
38,29,8,19,2345
38,28,8,20,1
38,29,8,20,1
38,30,8,20,6
38,29,8,21,1
38,29,8,22,1
38,26,9,16,1
38,26,9,17,1
38,24,9,18,9
38,27,9,18,2
38,26,9,19,6
38,27,9,19,2
38,28,9,20,1
38,26,10,17,1
38,26,10,18,1
38,27,10,18,1
38,28,10,18,1
38,28,10,19,1
38,28,10,20,1
38,32,5,15,1
38,32,6,15,1
38,32,7,15,1
38,32,8,15,1
38,32,9,15,1
38,32,1,18,1
38,32,2,18,1
38,32,3,18,1
38,33,3,18,6
38,32,3,19,1
38,32,4,16,1
38,32,4,17,1
38,32,4,19,1
38,32,5,16,1
38,32,5,18,1
38,32,5,19,1
38,32,5,20,1
38,32,5,21,1
38,32,6,17,423
38,32,6,18,1
40,28,1,15,2
40,28,2,15,2
40,28,3,15,2
40,25,4,14,1
40,26,4,14,1
40,27,4,14,1
40,25,4,15,1
40,28,4,15,2
40,27,5,14,1
40,28,5,14,1
40,29,5,14,1
40,27,5,15,9
40,29,5,15,1
40,29,6,14,1
40,26,6,15,1
40,27,6,15,1
40,29,7,14,1
40,26,7,15,1
40,27,7,15,9
40,29,7,15,1
40,26,8,15,1
40,27,8,15,1
40,27,9,15,1
40,28,9,15,1
40,29,9,15,1
40,30,9,15,1
40,31,9,15,1
40,28,0,16,2
40,28,0,17,2
40,28,0,18,2
40,28,0,19,2
40,28,1,16,2
40,25,1,18,1
40,26,1,18,1
40,27,1,18,1
40,28,1,18,1
40,29,1,18,1
40,30,1,18,1
40,31,1,18,1
40,25,1,19,2
40,26,1,19,2
40,27,1,19,2
40,28,1,19,2
40,29,1,19,2
40,30,1,19,2
40,24,1,20,2
40,25,1,20,2
40,28,2,16,9
40,29,2,16,1
40,28,2,17,167
40,29,2,17,1
40,25,2,18,1
40,30,2,19,2
40,24,2,20,2
40,27,2,20,2
40,30,2,20,297
40,27,2,21,2
40,29,2,21,1
40,30,2,21,6
40,25,3,16,1
40,28,3,16,1
40,29,3,16,1
40,25,3,17,1
40,28,3,17,1
40,29,3,17,1
40,25,3,18,1
40,28,3,18,1
40,25,3,19,1
40,28,3,19,1
40,24,3,20,2
40,25,3,20,1
40,28,3,20,1
40,29,3,20,1
40,25,3,21,2057
40,26,3,21,10
40,27,3,21,2
40,29,3,21,1
40,26,3,22,6
40,27,3,22,2
40,25,4,16,1
40,26,4,16,1
40,28,4,16,9
40,29,4,16,1
40,28,4,17,6
40,24,4,18,2
40,25,4,18,2
40,26,4,18,2
40,28,4,18,1
40,26,4,19,2
40,27,4,19,2
40,24,4,20,2
40,26,4,20,9
40,27,4,20,2
40,26,4,21,423
40,27,4,21,2
40,26,5,16,1
40,27,5,16,1
40,28,5,16,167
40,24,5,17,2
40,24,5,18,2
40,26,5,18,1
40,27,5,18,1
40,28,5,18,1
40,25,5,19,1
40,26,5,19,1
40,24,5,20,2
40,25,5,20,1
40,25,5,21,9
40,28,5,21,1
40,31,5,21,1
40,27,5,22,6
40,28,5,22,1
40,29,6,16,1
40,31,6,16,297
40,24,6,17,2
40,27,6,18,2
40,28,6,18,1
40,24,6,19,2
40,25,6,19,2
40,26,6,19,2
40,27,6,19,2
40,28,6,19,1
40,29,6,19,1
40,24,6,20,2
40,25,6,20,1
40,25,6,21,1
40,30,6,21,1
40,31,6,21,1
40,26,6,22,2057
40,27,6,22,10
40,28,6,22,1
40,27,6,23,423
40,28,7,16,6
40,29,7,16,1
40,31,7,16,2
40,24,7,17,2
40,25,7,17,2
40,25,7,18,9
40,28,7,18,2
40,29,7,18,1
40,26,7,19,2
40,27,7,19,423
40,28,7,19,2
40,29,7,19,1
40,26,7,20,2
40,27,7,20,2
40,28,7,20,2
40,28,7,21,1
40,29,7,21,10
40,30,7,21,2345
40,27,7,22,1
40,28,7,22,1
40,29,7,22,1
40,30,7,22,1
40,31,7,22,423
40,27,7,23,1
40,31,8,16,2
40,25,8,17,2
40,26,8,17,2
40,27,8,17,2
40,28,8,17,2
40,29,8,17,2
40,30,8,17,2
40,31,8,17,2
40,25,8,18,2
40,29,8,18,1
40,28,8,19,2
40,29,8,19,297
40,29,8,20,1
40,30,8,20,1
40,31,8,20,6
40,30,8,21,1
40,30,8,22,1
40,27,9,16,1
40,27,9,17,1
40,25,9,18,9
40,28,9,18,2
40,27,9,19,6
40,28,9,19,2
40,29,9,20,1
40,27,10,17,1
40,27,10,18,1
40,28,10,18,1
40,29,10,18,1
40,29,10,19,1
40,29,10,20,1
40,33,5,15,1
40,33,6,15,1
40,33,7,15,1
40,33,8,15,1
40,32,9,15,1
40,33,9,15,1
40,32,1,18,1
40,32,2,18,1
40,32,3,17,297
40,32,3,18,1
40,33,3,18,6
40,32,3,19,1
40,33,4,16,1
40,32,4,17,1
40,33,4,17,1
40,32,4,19,1
40,33,5,16,1
40,32,5,18,1
40,32,5,19,1
40,32,5,20,1
40,32,5,21,1
40,32,6,17,167
40,32,6,18,1
42,28,1,15,2
42,28,2,15,2
42,28,3,15,2
42,25,4,14,1
42,26,4,14,1
42,27,4,14,1
42,25,4,15,1
42,28,4,15,2
42,27,5,14,1
42,28,5,14,1
42,29,5,14,1
42,28,5,15,9
42,29,5,15,1
42,29,6,14,1
42,27,6,15,1
42,28,6,15,1
42,29,7,14,1
42,27,7,15,1
42,28,7,15,9
42,29,7,15,1
42,27,8,15,1
42,28,8,15,1
42,28,9,15,1
42,29,9,15,1
42,30,9,15,1
42,31,9,15,1
42,28,0,16,2
42,28,0,17,2
42,28,0,18,2
42,28,0,19,2
42,28,1,16,2
42,25,1,18,1
42,26,1,18,1
42,27,1,18,1
42,28,1,18,1
42,29,1,18,1
42,30,1,18,1
42,31,1,18,1
42,25,1,19,2
42,26,1,19,2
42,27,1,19,2
42,28,1,19,2
42,29,1,19,2
42,30,1,19,2
42,24,1,20,2
42,25,1,20,2
42,29,2,16,9
42,30,2,16,1
42,29,2,17,423
42,30,2,17,1
42,25,2,18,1
42,30,2,19,2
42,24,2,20,2
42,28,2,20,2
42,29,2,20,10
42,30,2,20,2345
42,28,2,21,2
42,30,2,21,1
42,31,2,21,6
42,25,3,16,1
42,29,3,16,1
42,30,3,16,1
42,25,3,17,1
42,29,3,17,1
42,30,3,17,1
42,25,3,18,1
42,29,3,18,1
42,25,3,19,1
42,29,3,19,1
42,24,3,20,2
42,25,3,20,1
42,29,3,20,1
42,30,3,20,1
42,25,3,21,9
42,28,3,21,2
42,30,3,21,1
42,27,3,22,6
42,28,3,22,2
42,25,4,16,1
42,26,4,16,1
42,28,4,16,2057
42,29,4,16,10
42,30,4,16,1
42,29,4,17,6
42,25,4,18,2
42,26,4,18,2
42,27,4,18,2
42,29,4,18,1
42,27,4,19,2
42,28,4,19,2
42,24,4,20,2
42,26,4,20,2057
42,27,4,20,10
42,28,4,20,2
42,27,4,21,423
42,28,4,21,2
42,26,5,16,1
42,27,5,16,1
42,28,5,16,167
42,25,5,17,2
42,25,5,18,2
42,27,5,18,1
42,28,5,18,1
42,29,5,18,1
42,26,5,19,1
42,27,5,19,1
42,24,5,20,2
42,26,5,20,1
42,26,5,21,9
42,29,5,21,1
42,31,5,21,1
42,28,5,22,6
42,29,5,22,1
42,29,6,16,1
42,25,6,17,2
42,27,6,18,2
42,29,6,18,1
42,24,6,19,2
42,25,6,19,2
42,26,6,19,2
42,27,6,19,2
42,29,6,19,1
42,30,6,19,1
42,24,6,20,2
42,26,6,20,1
42,26,6,21,1
42,30,6,21,1
42,31,6,21,1
42,26,6,22,9
42,29,6,22,1
42,28,6,23,423
42,28,7,16,6
42,29,7,16,1
42,25,7,17,2
42,26,7,17,2
42,26,7,18,9
42,28,7,18,2
42,30,7,18,1
42,26,7,19,2
42,27,7,19,167
42,28,7,19,2
42,30,7,19,1
42,26,7,20,2
42,27,7,20,2
42,28,7,20,2
42,29,7,21,1
42,30,7,21,297
42,28,7,22,1
42,29,7,22,1
42,30,7,22,1
42,31,7,22,1
42,28,7,23,1
42,26,8,17,2
42,27,8,17,2
42,28,8,17,2
42,29,8,17,2
42,30,8,17,2
42,31,8,17,2
42,26,8,18,2
42,30,8,18,1
42,28,8,19,2
42,30,8,19,297
42,30,8,20,1
42,31,8,20,1
42,31,8,21,1
42,31,8,22,1
42,28,9,16,1
42,28,9,17,1
42,26,9,18,9
42,28,9,18,2
42,27,9,19,6
42,28,9,19,2
42,30,9,20,1
42,28,10,17,1
42,28,10,18,1
42,29,10,18,1
42,30,10,18,1
42,30,10,19,1
42,30,10,20,1
42,34,5,15,1
42,34,6,15,1
42,34,7,15,1
42,34,8,15,1
42,32,9,15,1
42,33,9,15,1
42,34,9,15,1
42,32,1,18,1
42,32,2,18,1
42,33,3,17,297
42,32,3,18,1
42,33,3,18,6
42,32,3,19,1
42,34,4,16,1
42,33,4,17,1
42,34,4,17,1
42,32,4,19,1
42,34,5,16,1
42,32,5,18,1
42,32,5,19,1
42,32,5,20,1
42,32,5,21,1
42,32,6,16,297
42,32,6,17,167
42,32,6,18,1
42,32,7,16,2
42,32,7,22,423
42,32,8,16,2
42,32,8,17,2
42,32,8,20,6
44,28,1,15,2
44,28,2,15,2
44,28,3,15,2
44,26,4,14,1
44,27,4,14,1
44,28,4,14,1
44,26,4,15,1
44,28,4,15,2
44,28,5,14,1
44,29,5,14,1
44,30,5,14,1
44,29,5,15,9
44,30,5,15,1
44,30,6,14,1
44,27,6,15,1
44,28,6,15,1
44,30,7,14,1
44,27,7,15,1
44,28,7,15,2057
44,29,7,15,10
44,30,7,15,1
44,27,8,15,1
44,28,8,15,1
44,28,9,15,1
44,29,9,15,1
44,30,9,15,1
44,31,9,15,1
44,28,0,16,2
44,28,0,17,2
44,28,0,18,2
44,28,0,19,2
44,28,1,16,2
44,26,1,18,1
44,27,1,18,1
44,28,1,18,1
44,29,1,18,1
44,30,1,18,1
44,31,1,18,1
44,25,1,19,2
44,26,1,19,2
44,27,1,19,2
44,28,1,19,2
44,29,1,19,2
44,30,1,19,2
44,24,1,20,2
44,25,1,20,2
44,29,2,16,2057
44,30,2,16,10
44,31,2,16,1
44,30,2,17,423
44,31,2,17,1
44,26,2,18,1
44,30,2,19,2
44,24,2,20,2
44,29,2,20,2
44,30,2,20,297
44,29,2,21,2
44,31,2,21,1
44,26,3,16,1
44,30,3,16,1
44,31,3,16,1
44,26,3,17,1
44,30,3,17,1
44,31,3,17,1
44,26,3,18,1
44,30,3,18,1
44,26,3,19,1
44,30,3,19,1
44,24,3,20,2
44,26,3,20,1
44,30,3,20,1
44,31,3,20,1
44,26,3,21,9
44,29,3,21,2
44,31,3,21,1
44,28,3,22,6
44,29,3,22,2
44,26,4,16,1
44,27,4,16,1
44,28,4,16,9
44,31,4,16,1
44,30,4,17,6
44,26,4,18,2
44,27,4,18,2
44,28,4,18,2
44,30,4,18,1
44,28,4,19,2
44,29,4,19,2
44,24,4,20,2
44,26,4,20,9
44,29,4,20,2
44,28,4,21,423
44,29,4,21,2
44,27,5,16,1
44,28,5,16,1
44,29,5,16,423
44,26,5,17,2
44,26,5,18,2
44,28,5,18,1
44,29,5,18,1
44,30,5,18,1
44,27,5,19,1
44,28,5,19,1
44,24,5,20,2
44,27,5,20,1
44,27,5,21,9
44,29,5,21,1
44,28,5,22,6
44,29,5,22,1
44,30,6,16,1
44,26,6,17,2
44,27,6,18,2
44,30,6,18,1
44,24,6,19,2
44,25,6,19,2
44,26,6,19,2
44,27,6,19,2
44,30,6,19,1
44,31,6,19,1
44,24,6,20,2
44,27,6,20,1
44,27,6,21,1
44,31,6,21,1
44,27,6,22,9
44,29,6,22,1
44,28,6,23,167
44,29,7,16,6
44,30,7,16,1
44,26,7,17,2
44,27,7,17,2
44,27,7,18,9
44,28,7,18,2
44,31,7,18,1
44,26,7,19,2
44,27,7,19,167
44,28,7,19,2
44,31,7,19,1
44,26,7,20,2
44,27,7,20,2
44,28,7,20,2
44,29,7,21,1
44,31,7,21,297
44,28,7,22,1
44,29,7,22,1
44,30,7,22,1
44,31,7,22,1
44,28,7,23,1
44,27,8,17,2
44,28,8,17,2
44,29,8,17,2
44,30,8,17,2
44,31,8,17,2
44,27,8,18,2
44,31,8,18,1
44,28,8,19,2
44,31,8,19,297
44,30,8,20,1
44,31,8,20,1
44,31,8,21,1
44,31,8,22,1
44,28,9,16,1
44,28,9,17,1
44,27,9,18,9
44,28,9,18,2
44,27,9,19,6
44,28,9,19,2
44,30,9,20,1
44,28,10,17,1
44,28,10,18,1
44,29,10,18,1
44,30,10,18,1
44,30,10,19,1
44,30,10,20,1
44,34,5,15,1
44,34,6,15,1
44,34,7,15,1
44,34,8,15,1
44,32,9,15,1
44,33,9,15,1
44,34,9,15,1
44,32,1,18,1
44,33,1,18,1
44,33,2,18,1
44,32,2,21,6
44,32,3,17,10
44,33,3,17,2345
44,33,3,18,1
44,34,3,18,6
44,33,3,19,1
44,34,4,16,1
44,33,4,17,1
44,34,4,17,1
44,33,4,19,1
44,34,5,16,1
44,33,5,18,1
44,33,5,19,1
44,33,5,20,1
44,32,5,21,1
44,33,5,21,1
44,33,6,16,297
44,33,6,17,423
44,33,6,18,1
44,32,6,21,1
44,33,7,16,2
44,32,7,22,167
44,33,8,16,2
44,32,8,17,2
44,33,8,17,2
44,32,8,20,6
46,29,1,15,2
46,29,2,15,2
46,29,3,15,2
46,27,4,14,1
46,28,4,14,1
46,29,4,14,1
46,27,4,15,1
46,29,4,15,2
46,29,5,14,1
46,30,5,14,1
46,31,5,14,1
46,29,5,15,2057
46,30,5,15,10
46,31,5,15,1
46,31,6,14,1
46,27,6,15,1
46,28,6,15,1
46,31,7,14,1
46,27,7,15,1
46,28,7,15,9
46,31,7,15,1
46,27,8,15,1
46,28,8,15,1
46,28,9,15,1
46,29,9,15,1
46,30,9,15,1
46,31,9,15,1
46,29,0,16,2
46,29,0,17,2
46,29,0,18,2
46,29,0,19,2
46,29,1,16,2
46,27,1,18,1
46,28,1,18,1
46,29,1,18,1
46,30,1,18,1
46,31,1,18,1
46,26,1,19,2
46,27,1,19,2
46,28,1,19,2
46,29,1,19,2
46,30,1,19,2
46,31,1,19,2
46,25,1,20,2
46,26,1,20,2
46,29,2,16,9
46,31,2,17,423
46,27,2,18,1
46,31,2,19,2
46,25,2,20,2
46,29,2,20,2
46,31,2,20,297
46,29,2,21,2
46,27,3,16,1
46,31,3,16,1
46,27,3,17,1
46,31,3,17,1
46,27,3,18,1
46,31,3,18,1
46,27,3,19,1
46,31,3,19,1
46,25,3,20,2
46,27,3,20,1
46,31,3,20,1
46,27,3,21,9
46,29,3,21,2
46,28,3,22,6
46,29,3,22,2
46,27,4,16,1
46,28,4,16,1
46,29,4,16,9
46,31,4,17,6
46,26,4,18,2
46,27,4,18,2
46,28,4,18,2
46,31,4,18,1
46,28,4,19,2
46,29,4,19,2
46,25,4,20,2
46,27,4,20,9
46,29,4,20,2
46,28,4,21,167
46,29,4,21,2
46,28,5,16,1
46,29,5,16,1
46,30,5,16,423
46,26,5,17,2
46,26,5,18,2
46,29,5,18,1
46,30,5,18,1
46,31,5,18,1
46,28,5,19,1
46,29,5,19,1
46,25,5,20,2
46,28,5,20,1
46,28,5,21,9
46,29,5,21,1
46,28,5,22,6
46,29,5,22,1
46,31,6,16,1
46,26,6,17,2
46,28,6,18,2
46,31,6,18,1
46,25,6,19,2
46,26,6,19,2
46,27,6,19,2
46,28,6,19,2
46,31,6,19,1
46,25,6,20,2
46,28,6,20,1
46,28,6,21,1
46,28,6,22,9
46,29,6,22,1
46,28,6,23,167
46,30,7,16,6
46,31,7,16,1
46,26,7,17,2
46,27,7,17,2
46,28,7,18,9
46,29,7,18,2
46,27,7,19,2
46,28,7,19,423
46,29,7,19,2
46,27,7,20,2
46,28,7,20,2
46,29,7,20,2
46,29,7,21,1
46,28,7,22,1
46,29,7,22,1
46,30,7,22,1
46,31,7,22,1
46,28,7,23,1
46,27,8,17,2
46,28,8,17,2
46,29,8,17,2
46,30,8,17,2
46,31,8,17,2
46,27,8,18,2
46,29,8,19,2
46,30,8,20,1
46,31,8,20,1
46,31,8,21,1
46,31,8,22,1
46,28,9,16,1
46,28,9,17,1
46,27,9,18,2057
46,28,9,18,10
46,29,9,18,2
46,28,9,19,6
46,29,9,19,2
46,30,9,20,1
46,28,10,17,1
46,28,10,18,1
46,29,10,18,1
46,30,10,18,1
46,30,10,19,1
46,30,10,20,1
46,34,5,15,1
46,34,6,15,1
46,34,7,15,1
46,34,8,15,1
46,32,9,15,1
46,33,9,15,1
46,34,9,15,1
46,32,1,18,1
46,33,1,18,1
46,34,1,18,1
46,32,2,16,1
46,32,2,17,1
46,34,2,18,1
46,32,2,21,1
46,33,2,21,6
46,32,3,16,1
46,32,3,17,1
46,33,3,17,297
46,34,3,18,1
46,35,3,18,6
46,34,3,19,1
46,32,3,20,1
46,32,3,21,1
46,32,4,16,1
46,34,4,16,1
46,33,4,17,1
46,34,4,17,1
46,34,4,19,1
46,34,5,16,1
46,34,5,18,1
46,34,5,19,1
46,34,5,20,1
46,33,5,21,1
46,34,5,21,1
46,32,6,16,10
46,33,6,16,2345
46,34,6,17,423
46,34,6,18,1
46,32,6,19,1
46,32,6,21,1
46,33,6,21,1
46,33,7,16,2
46,32,7,18,1
46,32,7,19,1
46,32,7,21,297
46,32,7,22,167
46,33,8,16,2
46,32,8,17,2
46,33,8,17,2
46,32,8,18,1
46,32,8,19,297
46,32,8,20,6
48,30,1,15,2
48,30,2,15,2
48,30,3,15,2
48,28,4,14,1
48,29,4,14,1
48,30,4,14,1
48,28,4,15,1
48,30,4,15,2
48,30,5,14,1
48,31,5,14,1
48,29,5,15,9
48,28,6,15,1
48,29,6,15,1
48,28,7,15,1
48,29,7,15,9
48,28,8,15,1
48,29,8,15,1
48,29,9,15,1
48,30,9,15,1
48,31,9,15,1
48,30,0,16,2
48,30,0,17,2
48,30,0,18,2
48,30,0,19,2
48,30,1,16,2
48,28,1,18,1
48,29,1,18,1
48,30,1,18,1
48,31,1,18,1
48,27,1,19,2
48,28,1,19,2
48,29,1,19,2
48,30,1,19,2
48,31,1,19,2
48,26,1,20,2
48,27,1,20,2
48,30,2,16,9
48,31,2,17,167
48,28,2,18,1
48,26,2,20,2
48,29,2,20,2
48,29,2,21,2
48,28,3,16,1
48,31,3,16,1
48,28,3,17,1
48,31,3,17,1
48,28,3,18,1
48,31,3,18,1
48,28,3,19,1
48,31,3,19,1
48,26,3,20,2
48,28,3,20,1
48,31,3,20,1
48,28,3,21,9
48,29,3,21,2
48,28,3,22,6
48,29,3,22,2
48,28,4,16,1
48,29,4,16,1
48,30,4,16,9
48,31,4,17,6
48,26,4,18,2
48,27,4,18,2
48,28,4,18,2
48,31,4,18,1
48,28,4,19,2
48,29,4,19,2
48,26,4,20,2
48,28,4,20,9
48,29,4,20,2
48,28,4,21,167
48,29,4,21,2
48,29,5,16,1
48,30,5,16,1
48,31,5,16,423
48,26,5,17,2
48,26,5,18,2
48,29,5,18,1
48,30,5,18,1
48,31,5,18,1
48,28,5,19,1
48,29,5,19,1
48,26,5,20,2
48,28,5,20,1
48,28,5,21,2057
48,29,5,21,10
48,30,5,21,1
48,29,5,22,6
48,30,5,22,1
48,26,6,17,2
48,29,6,18,2
48,31,6,18,1
48,26,6,19,2
48,27,6,19,2
48,28,6,19,2
48,29,6,19,2
48,31,6,19,1
48,26,6,20,2
48,28,6,20,1
48,28,6,21,1
48,29,6,22,9
48,30,6,22,1
48,29,6,23,423
48,31,7,16,6
48,26,7,17,2
48,27,7,17,2
48,28,7,18,2057
48,29,7,18,10
48,30,7,18,2
48,28,7,19,2
48,29,7,19,423
48,30,7,19,2
48,28,7,20,2
48,29,7,20,2
48,30,7,20,2
48,30,7,21,1
48,29,7,22,1
48,30,7,22,1
48,31,7,22,1
48,29,7,23,1
48,27,8,17,2
48,28,8,17,2
48,29,8,17,2
48,30,8,17,2
48,31,8,17,2
48,27,8,18,2
48,30,8,19,2
48,31,8,19,10
48,31,8,20,1
48,29,9,16,1
48,29,9,17,1
48,27,9,18,9
48,30,9,18,2
48,29,9,19,6
48,30,9,19,2
48,31,9,20,1
48,29,10,17,1
48,29,10,18,1
48,30,10,18,1
48,31,10,18,1
48,31,10,19,1
48,31,10,20,1
48,32,5,14,1
48,32,5,15,1
48,35,5,15,1
48,32,6,14,1
48,35,6,15,1
48,32,7,14,1
48,32,7,15,1
48,35,7,15,1
48,35,8,15,1
48,32,9,15,1
48,33,9,15,1
48,34,9,15,1
48,35,9,15,1
48,32,1,18,1
48,33,1,18,1
48,34,1,18,1
48,35,1,18,1
48,32,1,19,2
48,32,2,16,1
48,32,2,17,1
48,35,2,18,1
48,32,2,19,2
48,32,2,20,297
48,32,2,21,1
48,33,2,21,6
48,32,3,16,1
48,32,3,17,1
48,34,3,17,297
48,35,3,18,1
48,36,3,18,6
48,35,3,19,1
48,32,3,20,1
48,32,3,21,1
48,32,4,16,1
48,35,4,16,1
48,34,4,17,1
48,35,4,17,1
48,35,4,19,1
48,35,5,16,1
48,35,5,18,1
48,35,5,19,1
48,35,5,20,1
48,34,5,21,1
48,35,5,21,1
48,32,6,16,1
48,33,6,16,297
48,35,6,17,423
48,35,6,18,1
48,32,6,19,1
48,33,6,21,1
48,34,6,21,1
48,32,7,16,1
48,33,7,16,2
48,32,7,18,1
48,32,7,19,1
48,33,7,21,297
48,32,7,22,1
48,33,7,22,423
48,33,8,16,2
48,32,8,17,2
48,33,8,17,2
48,32,8,18,1
48,32,8,19,2345
48,32,8,20,1
48,33,8,20,6
48,32,8,21,1
48,32,8,22,1
50,31,1,15,2
50,31,2,15,2
50,31,3,15,2
50,28,4,14,1
50,29,4,14,1
50,30,4,14,1
50,28,4,15,1
50,31,4,15,2
50,30,5,14,1
50,31,5,14,1
50,30,5,15,9
50,29,6,15,1
50,30,6,15,1
50,29,7,15,1
50,30,7,15,9
50,29,8,15,1
50,30,8,15,1
50,30,9,15,1
50,31,9,15,1
50,31,0,16,2
50,31,0,17,2
50,31,0,18,2
50,31,0,19,2
50,31,1,16,2
50,28,1,18,1
50,29,1,18,1
50,30,1,18,1
50,31,1,18,1
50,28,1,19,2
50,29,1,19,2
50,30,1,19,2
50,31,1,19,2
50,27,1,20,2
50,28,1,20,2
50,31,2,16,9
50,31,2,17,167
50,28,2,18,1
50,27,2,20,2
50,30,2,20,2
50,30,2,21,2
50,28,3,16,1
50,31,3,16,1
50,28,3,17,1
50,31,3,17,1
50,28,3,18,1
50,31,3,18,1
50,28,3,19,1
50,31,3,19,1
50,27,3,20,2
50,28,3,20,1
50,31,3,20,1
50,28,3,21,2057
50,29,3,21,10
50,30,3,21,2
50,29,3,22,6
50,30,3,22,2
50,28,4,16,1
50,29,4,16,1
50,31,4,16,9
50,31,4,17,6
50,27,4,18,2
50,28,4,18,2
50,29,4,18,2
50,31,4,18,1
50,29,4,19,2
50,30,4,19,2
50,27,4,20,2
50,29,4,20,9
50,30,4,20,2
50,29,4,21,423
50,30,4,21,2
50,29,5,16,1
50,30,5,16,1
50,31,5,16,167
50,27,5,17,2
50,27,5,18,2
50,29,5,18,1
50,30,5,18,1
50,31,5,18,1
50,28,5,19,1
50,29,5,19,1
50,27,5,20,2
50,28,5,20,1
50,28,5,21,9
50,31,5,21,1
50,30,5,22,6
50,31,5,22,1
50,27,6,17,2
50,30,6,18,2
50,31,6,18,1
50,27,6,19,2
50,28,6,19,2
50,29,6,19,2
50,30,6,19,2
50,31,6,19,1
50,27,6,20,2
50,28,6,20,1
50,28,6,21,1
50,29,6,22,2057
50,30,6,22,10
50,31,6,22,1
50,30,6,23,423
50,31,7,16,6
50,27,7,17,2
50,28,7,17,2
50,28,7,18,9
50,31,7,18,2
50,29,7,19,2
50,30,7,19,423
50,31,7,19,2
50,29,7,20,2
50,30,7,20,2
50,31,7,20,2
50,31,7,21,1
50,30,7,22,1
50,31,7,22,1
50,30,7,23,1
50,28,8,17,2
50,29,8,17,2
50,30,8,17,2
50,31,8,17,2
50,28,8,18,2
50,31,8,19,2
50,30,9,16,1
50,30,9,17,1
50,28,9,18,9
50,31,9,18,2
50,30,9,19,6
50,31,9,19,2
50,30,10,17,1
50,30,10,18,1
50,31,10,18,1
50,32,5,14,1
50,32,5,15,1
50,36,5,15,1
50,32,6,14,1
50,36,6,15,1
50,32,7,14,1
50,32,7,15,1
50,36,7,15,1
50,36,8,15,1
50,32,9,15,1
50,33,9,15,1
50,34,9,15,1
50,35,9,15,1
50,36,9,15,1
50,32,1,18,1
50,33,1,18,1
50,34,1,18,1
50,35,1,18,1
50,32,1,19,2
50,33,1,19,2
50,32,2,16,1
50,32,2,17,1
50,35,2,18,1
50,33,2,19,2
50,33,2,20,297
50,32,2,21,1
50,33,2,21,6
50,32,3,16,1
50,32,3,17,1
50,35,3,17,297
50,35,3,18,1
50,36,3,18,6
50,35,3,19,1
50,32,3,20,1
50,32,3,21,1
50,32,4,16,1
50,36,4,16,1
50,35,4,17,1
50,36,4,17,1
50,35,4,19,1
50,36,5,16,1
50,35,5,18,1
50,35,5,19,1
50,35,5,20,1
50,34,5,21,1
50,35,5,21,1
50,32,6,16,1
50,34,6,16,297
50,35,6,17,167
50,35,6,18,1
50,32,6,19,1
50,33,6,21,1
50,34,6,21,1
50,32,7,16,1
50,34,7,16,2
50,32,7,18,1
50,32,7,19,1
50,32,7,21,10
50,33,7,21,2345
50,32,7,22,1
50,33,7,22,1
50,34,7,22,423
50,34,8,16,2
50,32,8,17,2
50,33,8,17,2
50,34,8,17,2
50,32,8,18,1
50,32,8,19,297
50,32,8,20,1
50,33,8,20,1
50,34,8,20,6
50,33,8,21,1
50,33,8,22,1
50,32,9,20,1
50,32,10,18,1
50,32,10,19,1
50,32,10,20,1
52,31,1,15,2
52,31,2,15,2
52,31,3,15,2
52,28,4,14,1
52,29,4,14,1
52,30,4,14,1
52,28,4,15,1
52,31,4,15,2
52,30,5,14,1
52,31,5,14,1
52,31,5,15,9
52,30,6,15,1
52,31,6,15,1
52,30,7,15,1
52,31,7,15,9
52,30,8,15,1
52,31,8,15,1
52,31,9,15,1
52,31,0,16,2
52,31,0,17,2
52,31,0,18,2
52,31,0,19,2
52,31,1,16,2
52,28,1,18,1
52,29,1,18,1
52,30,1,18,1
52,31,1,18,1
52,28,1,19,2
52,29,1,19,2
52,30,1,19,2
52,31,1,19,2
52,27,1,20,2
52,28,1,20,2
52,28,2,18,1
52,27,2,20,2
52,31,2,20,2
52,31,2,21,2
52,28,3,16,1
52,28,3,17,1
52,28,3,18,1
52,28,3,19,1
52,27,3,20,2
52,28,3,20,1
52,28,3,21,9
52,31,3,21,2
52,30,3,22,6
52,31,3,22,2
52,28,4,16,1
52,29,4,16,1
52,31,4,16,2057
52,28,4,18,2
52,29,4,18,2
52,30,4,18,2
52,30,4,19,2
52,31,4,19,2
52,27,4,20,2
52,29,4,20,2057
52,30,4,20,10
52,31,4,20,2
52,30,4,21,423
52,31,4,21,2
52,29,5,16,1
52,30,5,16,1
52,31,5,16,167
52,28,5,17,2
52,28,5,18,2
52,30,5,18,1
52,31,5,18,1
52,29,5,19,1
52,30,5,19,1
52,27,5,20,2
52,29,5,20,1
52,29,5,21,9
52,31,5,22,6
52,28,6,17,2
52,30,6,18,2
52,27,6,19,2
52,28,6,19,2
52,29,6,19,2
52,30,6,19,2
52,27,6,20,2
52,29,6,20,1
52,29,6,21,1
52,29,6,22,9
52,31,6,23,423
52,31,7,16,6
52,28,7,17,2
52,29,7,17,2
52,29,7,18,9
52,31,7,18,2
52,29,7,19,2
52,30,7,19,167
52,31,7,19,2
52,29,7,20,2
52,30,7,20,2
52,31,7,20,2
52,31,7,22,1
52,31,7,23,1
52,29,8,17,2
52,30,8,17,2
52,31,8,17,2
52,29,8,18,2
52,31,8,19,2
52,31,9,16,1
52,31,9,17,1
52,29,9,18,9
52,31,9,18,2
52,30,9,19,6
52,31,9,19,2
52,31,10,17,1
52,31,10,18,1
52,32,5,14,1
52,32,5,15,1
52,37,5,15,1
52,32,6,14,1
52,37,6,15,1
52,32,7,14,1
52,32,7,15,1
52,37,7,15,1
52,37,8,15,1
52,32,9,15,1
52,33,9,15,1
52,34,9,15,1
52,35,9,15,1
52,36,9,15,1
52,37,9,15,1
52,32,1,18,1
52,33,1,18,1
52,34,1,18,1
52,35,1,18,1
52,32,1,19,2
52,33,1,19,2
52,32,2,16,9
52,33,2,16,1
52,32,2,17,423
52,33,2,17,1
52,35,2,18,1
52,33,2,19,2
52,32,2,20,10
52,33,2,20,2345
52,33,2,21,1
52,34,2,21,6
52,32,3,16,1
52,33,3,16,1
52,32,3,17,1
52,33,3,17,1
52,36,3,17,297
52,32,3,18,1
52,35,3,18,1
52,36,3,18,6
52,32,3,19,1
52,35,3,19,1
52,32,3,20,1
52,33,3,20,1
52,33,3,21,1
52,32,4,16,10
52,33,4,16,1
52,37,4,16,1
52,32,4,17,6
52,36,4,17,1
52,37,4,17,1
52,32,4,18,1
52,35,4,19,1
52,37,5,16,1
52,32,5,18,1
52,35,5,18,1
52,35,5,19,1
52,35,5,20,1
52,32,5,21,1
52,34,5,21,1
52,35,5,21,1
52,32,5,22,1
52,32,6,16,1
52,35,6,16,297
52,35,6,17,167
52,32,6,18,1
52,35,6,18,1
52,32,6,19,1
52,33,6,19,1
52,33,6,21,1
52,34,6,21,1
52,32,6,22,1
52,32,7,16,1
52,35,7,16,2
52,33,7,18,1
52,33,7,19,1
52,32,7,21,1
52,33,7,21,297
52,32,7,22,1
52,33,7,22,1
52,34,7,22,1
52,35,7,22,423
52,35,8,16,2
52,32,8,17,2
52,33,8,17,2
52,34,8,17,2
52,35,8,17,2
52,33,8,18,1
52,33,8,19,297
52,33,8,20,1
52,34,8,20,1
52,35,8,20,6
52,34,8,21,1
52,34,8,22,1
52,33,9,20,1
52,32,10,18,1
52,33,10,18,1
52,33,10,19,1
52,33,10,20,1
54,31,1,15,2
54,31,2,15,2
54,31,3,15,2
54,29,4,14,1
54,30,4,14,1
54,31,4,14,1
54,29,4,15,1
54,31,4,15,2
54,31,5,14,1
54,30,6,15,1
54,31,6,15,1
54,30,7,15,1
54,31,7,15,2057
54,30,8,15,1
54,31,8,15,1
54,31,9,15,1
54,31,0,16,2
54,31,0,17,2
54,31,0,18,2
54,31,0,19,2
54,31,1,16,2
54,29,1,18,1
54,30,1,18,1
54,31,1,18,1
54,28,1,19,2
54,29,1,19,2
54,30,1,19,2
54,31,1,19,2
54,27,1,20,2
54,28,1,20,2
54,29,2,18,1
54,27,2,20,2
54,29,3,16,1
54,29,3,17,1
54,29,3,18,1
54,29,3,19,1
54,27,3,20,2
54,29,3,20,1
54,29,3,21,9
54,31,3,22,6
54,29,4,16,1
54,30,4,16,1
54,31,4,16,9
54,29,4,18,2
54,30,4,18,2
54,31,4,18,2
54,31,4,19,2
54,27,4,20,2
54,29,4,20,9
54,31,4,21,423
54,30,5,16,1
54,31,5,16,1
54,29,5,17,2
54,29,5,18,2
54,31,5,18,1
54,30,5,19,1
54,31,5,19,1
54,27,5,20,2
54,30,5,20,1
54,30,5,21,9
54,31,5,22,6
54,29,6,17,2
54,30,6,18,2
54,27,6,19,2
54,28,6,19,2
54,29,6,19,2
54,30,6,19,2
54,27,6,20,2
54,30,6,20,1
54,30,6,21,1
54,30,6,22,9
54,31,6,23,167
54,29,7,17,2
54,30,7,17,2
54,30,7,18,9
54,31,7,18,2
54,29,7,19,2
54,30,7,19,167
54,31,7,19,2
54,29,7,20,2
54,30,7,20,2
54,31,7,20,2
54,31,7,22,1
54,31,7,23,1
54,30,8,17,2
54,31,8,17,2
54,30,8,18,2
54,31,8,19,2
54,31,9,16,1
54,31,9,17,1
54,30,9,18,9
54,31,9,18,2
54,30,9,19,6
54,31,9,19,2
54,31,10,17,1
54,31,10,18,1
54,32,5,14,1
54,33,5,14,1
54,32,5,15,9
54,33,5,15,1
54,37,5,15,1
54,33,6,14,1
54,37,6,15,1
54,33,7,14,1
54,32,7,15,10
54,33,7,15,1
54,37,7,15,1
54,37,8,15,1
54,32,9,15,1
54,33,9,15,1
54,34,9,15,1
54,35,9,15,1
54,36,9,15,1
54,37,9,15,1
54,32,1,18,1
54,33,1,18,1
54,34,1,18,1
54,35,1,18,1
54,36,1,18,1
54,32,1,19,2
54,33,1,19,2
54,32,2,16,2057
54,33,2,16,10
54,34,2,16,1
54,33,2,17,423
54,34,2,17,1
54,36,2,18,1
54,33,2,19,2
54,32,2,20,2
54,33,2,20,297
54,32,2,21,2
54,34,2,21,1
54,35,2,21,6
54,33,3,16,1
54,34,3,16,1
54,33,3,17,1
54,34,3,17,1
54,35,3,17,10
54,36,3,17,2345
54,33,3,18,1
54,36,3,18,1
54,37,3,18,6
54,33,3,19,1
54,36,3,19,1
54,33,3,20,1
54,34,3,20,1
54,32,3,21,2
54,34,3,21,1
54,32,3,22,2
54,34,4,16,1
54,37,4,16,1
54,33,4,17,6
54,36,4,17,1
54,37,4,17,1
54,33,4,18,1
54,32,4,19,2
54,36,4,19,1
54,32,4,20,2
54,32,4,21,2
54,32,5,16,423
54,37,5,16,1
54,32,5,18,1
54,33,5,18,1
54,36,5,18,1
54,36,5,19,1
54,36,5,20,1
54,32,5,21,1
54,35,5,21,1
54,36,5,21,1
54,32,5,22,1
54,33,6,16,1
54,36,6,16,297
54,36,6,17,423
54,33,6,18,1
54,36,6,18,1
54,33,6,19,1
54,34,6,19,1
54,34,6,21,1
54,35,6,21,1
54,32,6,22,1
54,32,7,16,6
54,33,7,16,1
54,36,7,16,2
54,34,7,18,1
54,34,7,19,1
54,32,7,21,1
54,34,7,21,297
54,32,7,22,1
54,33,7,22,1
54,34,7,22,1
54,35,7,22,167
54,36,8,16,2
54,32,8,17,2
54,33,8,17,2
54,34,8,17,2
54,35,8,17,2
54,36,8,17,2
54,34,8,18,1
54,34,8,19,297
54,33,8,20,1
54,34,8,20,1
54,35,8,20,6
54,34,8,21,1
54,34,8,22,1
54,33,9,20,1
54,32,10,18,1
54,33,10,18,1
54,33,10,19,1
54,33,10,20,1
56,30,4,14,1
56,31,4,14,1
56,30,4,15,1
56,30,6,15,1
56,31,6,15,1
56,30,7,15,1
56,31,7,15,9
56,30,8,15,1
56,31,8,15,1
56,31,9,15,1
56,30,1,18,1
56,31,1,18,1
56,29,1,19,2
56,30,1,19,2
56,31,1,19,2
56,28,1,20,2
56,29,1,20,2
56,30,2,18,1
56,28,2,20,2
56,30,3,16,1
56,30,3,17,1
56,30,3,18,1
56,30,3,19,1
56,28,3,20,2
56,30,3,20,1
56,30,3,21,9
56,31,3,22,6
56,30,4,16,1
56,31,4,16,1
56,29,4,18,2
56,30,4,18,2
56,31,4,18,2
56,31,4,19,2
56,28,4,20,2
56,30,4,20,9
56,31,4,21,167
56,31,5,16,1
56,29,5,17,2
56,29,5,18,2
56,31,5,19,1
56,28,5,20,2
56,31,5,20,1
56,31,5,21,9
56,31,5,22,6
56,29,6,17,2
56,31,6,18,2
56,28,6,19,2
56,29,6,19,2
56,30,6,19,2
56,31,6,19,2
56,28,6,20,2
56,31,6,20,1
56,31,6,21,1
56,31,6,22,9
56,31,6,23,167
56,29,7,17,2
56,30,7,17,2
56,31,7,18,9
56,30,7,19,2
56,31,7,19,423
56,30,7,20,2
56,31,7,20,2
56,31,7,22,1
56,31,7,23,1
56,30,8,17,2
56,31,8,17,2
56,30,8,18,2
56,31,9,16,1
56,31,9,17,1
56,30,9,18,2057
56,31,9,18,10
56,31,9,19,6
56,31,10,17,1
56,31,10,18,1
56,32,1,15,2
56,32,2,15,2
56,32,3,15,2
56,32,4,14,1
56,32,4,15,2
56,32,5,14,1
56,33,5,14,1
56,34,5,14,1
56,32,5,15,2057
56,33,5,15,10
56,34,5,15,1
56,37,5,15,1
56,34,6,14,1
56,37,6,15,1
56,34,7,14,1
56,34,7,15,1
56,37,7,15,1
56,37,8,15,1
56,32,9,15,1
56,33,9,15,1
56,34,9,15,1
56,35,9,15,1
56,36,9,15,1
56,37,9,15,1
56,32,0,16,2
56,32,0,17,2
56,32,0,18,2
56,32,0,19,2
56,32,1,16,2
56,32,1,18,1
56,33,1,18,1
56,34,1,18,1
56,35,1,18,1
56,36,1,18,1
56,37,1,18,1
56,32,1,19,2
56,33,1,19,2
56,34,1,19,2
56,32,2,16,9
56,35,2,16,1
56,34,2,17,423
56,35,2,17,1
56,37,2,18,1
56,34,2,19,2
56,32,2,20,2
56,34,2,20,297
56,32,2,21,2
56,35,2,21,1
56,36,2,21,6
56,34,3,16,1
56,35,3,16,1
56,34,3,17,1
56,35,3,17,1
56,36,3,17,297
56,34,3,18,1
56,37,3,18,1
56,38,3,18,6
56,34,3,19,1
56,37,3,19,1
56,34,3,20,1
56,35,3,20,1
56,32,3,21,2
56,35,3,21,1
56,32,3,22,2
56,32,4,16,9
56,35,4,16,1
56,37,4,16,1
56,34,4,17,6
56,36,4,17,1
56,37,4,17,1
56,34,4,18,1
56,32,4,19,2
56,37,4,19,1
56,32,4,20,2
56,32,4,21,2
56,32,5,16,1
56,33,5,16,423
56,37,5,16,1
56,32,5,18,1
56,33,5,18,1
56,34,5,18,1
56,37,5,18,1
56,32,5,19,1
56,37,5,19,1
56,37,5,20,1
56,32,5,21,1
56,36,5,21,1
56,37,5,21,1
56,32,5,22,1
56,34,6,16,1
56,35,6,16,10
56,36,6,16,2345
56,37,6,17,423
56,34,6,18,1
56,37,6,18,1
56,34,6,19,1
56,35,6,19,1
56,35,6,21,1
56,36,6,21,1
56,32,6,22,1
56,33,7,16,6
56,34,7,16,1
56,36,7,16,2
56,32,7,18,2
56,35,7,18,1
56,32,7,19,2
56,35,7,19,1
56,32,7,20,2
56,32,7,21,1
56,35,7,21,297
56,32,7,22,1
56,33,7,22,1
56,34,7,22,1
56,35,7,22,167
56,36,8,16,2
56,32,8,17,2
56,33,8,17,2
56,34,8,17,2
56,35,8,17,2
56,36,8,17,2
56,35,8,18,1
56,32,8,19,2
56,35,8,19,297
56,33,8,20,1
56,34,8,20,1
56,35,8,20,6
56,34,8,21,1
56,34,8,22,1
56,32,9,18,2
56,32,9,19,2
56,33,9,20,1
56,32,10,18,1
56,33,10,18,1
56,33,10,19,1
56,33,10,20,1
58,31,4,14,1
58,31,4,15,1
58,31,6,15,1
58,31,7,15,1
58,31,8,15,1
58,31,1,18,1
58,30,1,19,2
58,31,1,19,2
58,29,1,20,2
58,30,1,20,2
58,31,2,18,1
58,29,2,20,2
58,31,3,16,1
58,31,3,17,1
58,31,3,18,1
58,31,3,19,1
58,29,3,20,2
58,31,3,20,1
58,31,3,21,9
58,31,3,22,6
58,31,4,16,1
58,29,4,18,2
58,30,4,18,2
58,31,4,18,2
58,31,4,19,2
58,29,4,20,2
58,31,4,20,9
58,31,4,21,167
58,29,5,17,2
58,29,5,18,2
58,31,5,19,1
58,29,5,20,2
58,31,5,20,1
58,29,6,17,2
58,29,6,19,2
58,30,6,19,2
58,31,6,19,2
58,29,6,20,2
58,31,6,20,1
58,31,6,21,1
58,31,6,22,2057
58,29,7,17,2
58,30,7,17,2
58,31,7,18,2057
58,31,7,19,2
58,31,7,20,2
58,30,8,17,2
58,31,8,17,2
58,30,8,18,2
58,30,9,18,9
58,33,1,15,2
58,33,2,15,2
58,33,3,15,2
58,32,4,14,1
58,33,4,14,1
58,33,4,15,2
58,33,5,14,1
58,34,5,14,1
58,35,5,14,1
58,32,5,15,9
58,35,5,15,1
58,38,5,15,1
58,35,6,14,1
58,32,6,15,1
58,38,6,15,1
58,35,7,14,1
58,32,7,15,9
58,35,7,15,1
58,38,7,15,1
58,32,8,15,1
58,38,8,15,1
58,32,9,15,1
58,33,9,15,1
58,34,9,15,1
58,35,9,15,1
58,36,9,15,1
58,37,9,15,1
58,38,9,15,1
58,33,0,16,2
58,33,0,17,2
58,33,0,18,2
58,33,0,19,2
58,33,1,16,2
58,32,1,18,1
58,33,1,18,1
58,34,1,18,1
58,35,1,18,1
58,36,1,18,1
58,37,1,18,1
58,38,1,18,1
58,32,1,19,2
58,33,1,19,2
58,34,1,19,2
58,35,1,19,2
58,33,2,16,9
58,35,2,16,1
58,34,2,17,167
58,35,2,17,1
58,38,2,18,1
58,35,2,19,2
58,32,2,20,2
58,35,2,20,297
58,32,2,21,2
58,35,2,21,1
58,36,2,21,6
58,34,3,16,1
58,35,3,16,1
58,34,3,17,1
58,35,3,17,1
58,37,3,17,297
58,34,3,18,1
58,38,3,18,1
58,39,3,18,6
58,34,3,19,1
58,38,3,19,1
58,34,3,20,1
58,35,3,20,1
58,32,3,21,2
58,35,3,21,1
58,32,3,22,2
58,32,4,16,1
58,33,4,16,9
58,35,4,16,1
58,38,4,16,1
58,34,4,17,6
58,37,4,17,1
58,38,4,17,1
58,34,4,18,1
58,32,4,19,2
58,38,4,19,1
58,32,4,20,2
58,32,4,21,2
58,32,5,16,1
58,33,5,16,1
58,34,5,16,423
58,38,5,16,1
58,32,5,18,1
58,33,5,18,1
58,34,5,18,1
58,38,5,18,1
58,32,5,19,1
58,38,5,19,1
58,38,5,20,1
58,32,5,21,9
58,33,5,21,1
58,37,5,21,1
58,38,5,21,1
58,32,5,22,6
58,33,5,22,1
58,35,6,16,1
58,36,6,16,297
58,38,6,17,423
58,32,6,18,2
58,34,6,18,1
58,38,6,18,1
58,32,6,19,2
58,34,6,19,1
58,35,6,19,1
58,36,6,21,1
58,37,6,21,1
58,32,6,22,10
58,33,6,22,1
58,32,6,23,423
58,34,7,16,6
58,35,7,16,1
58,36,7,16,2
58,32,7,18,10
58,33,7,18,2
58,35,7,18,1
58,32,7,19,423
58,33,7,19,2
58,35,7,19,1
58,32,7,20,2
58,33,7,20,2
58,33,7,21,1
58,36,7,21,297
58,32,7,22,1
58,33,7,22,1
58,34,7,22,1
58,35,7,22,1
58,36,7,22,423
58,32,7,23,1
58,36,8,16,2
58,32,8,17,2
58,33,8,17,2
58,34,8,17,2
58,35,8,17,2
58,36,8,17,2
58,35,8,18,1
58,33,8,19,2
58,34,8,19,10
58,35,8,19,2345
58,34,8,20,1
58,35,8,20,1
58,36,8,20,6
58,35,8,21,1
58,35,8,22,1
58,32,9,16,1
58,32,9,17,1
58,33,9,18,2
58,32,9,19,6
58,33,9,19,2
58,34,9,20,1
58,32,10,17,1
58,32,10,18,1
58,33,10,18,1
58,34,10,18,1
58,34,10,19,1
58,34,10,20,1
60,31,4,14,1
60,31,4,15,1
60,31,1,18,1
60,31,1,19,2
60,30,1,20,2
60,31,1,20,2
60,31,2,18,1
60,30,2,20,2
60,31,3,16,1
60,31,3,17,1
60,31,3,18,1
60,31,3,19,1
60,30,3,20,2
60,31,3,20,1
60,31,3,21,2057
60,31,4,16,1
60,30,4,18,2
60,31,4,18,2
60,30,4,20,2
60,30,5,17,2
60,30,5,18,2
60,31,5,19,1
60,30,5,20,2
60,31,5,20,1
60,30,6,17,2
60,30,6,19,2
60,31,6,19,2
60,30,6,20,2
60,31,6,20,1
60,31,6,21,1
60,31,6,22,9
60,30,7,17,2
60,31,7,17,2
60,31,7,18,9
60,31,8,17,2
60,31,8,18,2
60,31,9,18,9
60,34,1,15,2
60,34,2,15,2
60,34,3,15,2
60,32,4,14,1
60,33,4,14,1
60,34,4,15,2
60,33,5,14,1
60,34,5,14,1
60,35,5,14,1
60,33,5,15,9
60,35,5,15,1
60,39,5,15,1
60,35,6,14,1
60,32,6,15,1
60,33,6,15,1
60,39,6,15,1
60,35,7,14,1
60,32,7,15,1
60,33,7,15,9
60,35,7,15,1
60,39,7,15,1
60,32,8,15,1
60,33,8,15,1
60,39,8,15,1
60,33,9,15,1
60,34,9,15,1
60,35,9,15,1
60,36,9,15,1
60,37,9,15,1
60,38,9,15,1
60,39,9,15,1
60,34,0,16,2
60,34,0,17,2
60,34,0,18,2
60,34,0,19,2
60,34,1,16,2
60,32,1,18,1
60,33,1,18,1
60,34,1,18,1
60,35,1,18,1
60,36,1,18,1
60,37,1,18,1
60,38,1,18,1
60,32,1,19,2
60,33,1,19,2
60,34,1,19,2
60,35,1,19,2
60,36,1,19,2
60,34,2,16,9
60,35,2,16,1
60,34,2,17,167
60,35,2,17,1
60,38,2,18,1
60,36,2,19,2
60,33,2,20,2
60,36,2,20,297
60,33,2,21,2
60,35,2,21,1
60,36,2,21,6
60,34,3,16,1
60,35,3,16,1
60,34,3,17,1
60,35,3,17,1
60,38,3,17,297
60,34,3,18,1
60,38,3,18,1
60,39,3,18,6
60,34,3,19,1
60,38,3,19,1
60,34,3,20,1
60,35,3,20,1
60,32,3,21,10
60,33,3,21,2
60,35,3,21,1
60,32,3,22,6
60,33,3,22,2
60,32,4,16,1
60,34,4,16,9
60,35,4,16,1
60,39,4,16,1
60,34,4,17,6
60,38,4,17,1
60,39,4,17,1
60,32,4,18,2
60,34,4,18,1
60,32,4,19,2
60,33,4,19,2
60,38,4,19,1
60,32,4,20,9
60,33,4,20,2
60,32,4,21,423
60,33,4,21,2
60,32,5,16,1
60,33,5,16,1
60,34,5,16,167
60,39,5,16,1
60,32,5,18,1
60,33,5,18,1
60,34,5,18,1
60,38,5,18,1
60,32,5,19,1
60,38,5,19,1
60,38,5,20,1
60,32,5,21,2057
60,33,5,21,10
60,34,5,21,1
60,37,5,21,1
60,38,5,21,1
60,33,5,22,6
60,34,5,22,1
60,35,6,16,1
60,37,6,16,297
60,38,6,17,167
60,33,6,18,2
60,34,6,18,1
60,38,6,18,1
60,32,6,19,2
60,33,6,19,2
60,34,6,19,1
60,35,6,19,1
60,36,6,21,1
60,37,6,21,1
60,34,6,22,1
60,33,6,23,423
60,34,7,16,6
60,35,7,16,1
60,37,7,16,2
60,34,7,18,2
60,35,7,18,1
60,32,7,19,2
60,33,7,19,423
60,34,7,19,2
60,35,7,19,1
60,32,7,20,2
60,33,7,20,2
60,34,7,20,2
60,34,7,21,1
60,35,7,21,10
60,36,7,21,2345
60,33,7,22,1
60,34,7,22,1
60,35,7,22,1
60,36,7,22,1
60,37,7,22,423
60,33,7,23,1
60,37,8,16,2
60,32,8,17,2
60,33,8,17,2
60,34,8,17,2
60,35,8,17,2
60,36,8,17,2
60,37,8,17,2
60,35,8,18,1
60,34,8,19,2
60,35,8,19,297
60,35,8,20,1
60,36,8,20,1
60,37,8,20,6
60,36,8,21,1
60,36,8,22,1
60,33,9,16,1
60,33,9,17,1
60,34,9,18,2
60,33,9,19,6
60,34,9,19,2
60,35,9,20,1
60,33,10,17,1
60,33,10,18,1
60,34,10,18,1
60,35,10,18,1
60,35,10,19,1
60,35,10,20,1
62,31,4,14,1
62,31,4,15,1
62,31,1,18,1
62,31,1,19,2
62,30,1,20,2
62,31,1,20,2
62,31,2,18,1
62,30,2,20,2
62,31,3,16,1
62,31,3,17,1
62,31,3,18,1
62,31,3,19,1
62,30,3,20,2
62,31,3,20,1
62,31,3,21,9
62,31,4,16,1
62,31,4,18,2
62,30,4,20,2
62,31,5,17,2
62,31,5,18,2
62,30,5,20,2
62,31,6,17,2
62,30,6,19,2
62,31,6,19,2
62,30,6,20,2
62,31,7,17,2
62,34,1,15,2
62,34,2,15,2
62,34,3,15,2
62,32,4,14,1
62,33,4,14,1
62,34,4,15,2
62,33,5,14,1
62,34,5,14,1
62,35,5,14,1
62,34,5,15,9
62,35,5,15,1
62,40,5,15,1
62,35,6,14,1
62,33,6,15,1
62,34,6,15,1
62,40,6,15,1
62,35,7,14,1
62,33,7,15,1
62,34,7,15,9
62,35,7,15,1
62,40,7,15,1
62,33,8,15,1
62,34,8,15,1
62,40,8,15,1
62,34,9,15,1
62,35,9,15,1
62,36,9,15,1
62,37,9,15,1
62,38,9,15,1
62,39,9,15,1
62,40,9,15,1
62,34,0,16,2
62,34,0,17,2
62,34,0,18,2
62,34,0,19,2
62,34,1,16,2
62,32,1,18,1
62,33,1,18,1
62,34,1,18,1
62,35,1,18,1
62,36,1,18,1
62,37,1,18,1
62,38,1,18,1
62,32,1,19,2
62,33,1,19,2
62,34,1,19,2
62,35,1,19,2
62,36,1,19,2
62,35,2,16,9
62,36,2,16,1
62,35,2,17,423
62,36,2,17,1
62,38,2,18,1
62,36,2,19,2
62,34,2,20,2
62,35,2,20,10
62,36,2,20,2345
62,34,2,21,2
62,36,2,21,1
62,37,2,21,6
62,35,3,16,1
62,36,3,16,1
62,35,3,17,1
62,36,3,17,1
62,39,3,17,297
62,35,3,18,1
62,38,3,18,1
62,39,3,18,6
62,35,3,19,1
62,38,3,19,1
62,35,3,20,1
62,36,3,20,1
62,34,3,21,2
62,36,3,21,1
62,33,3,22,6
62,34,3,22,2
62,32,4,16,1
62,34,4,16,2057
62,35,4,16,10
62,36,4,16,1
62,40,4,16,1
62,35,4,17,6
62,39,4,17,1
62,40,4,17,1
62,32,4,18,2
62,33,4,18,2
62,35,4,18,1
62,33,4,19,2
62,34,4,19,2
62,38,4,19,1
62,32,4,20,2057
62,33,4,20,10
62,34,4,20,2
62,33,4,21,423
62,34,4,21,2
62,32,5,16,1
62,33,5,16,1
62,34,5,16,167
62,40,5,16,1
62,33,5,18,1
62,34,5,18,1
62,35,5,18,1
62,38,5,18,1
62,32,5,19,1
62,33,5,19,1
62,38,5,19,1
62,32,5,20,1
62,38,5,20,1
62,32,5,21,9
62,35,5,21,1
62,37,5,21,1
62,38,5,21,1
62,34,5,22,6
62,35,5,22,1
62,35,6,16,1
62,38,6,16,297
62,38,6,17,167
62,33,6,18,2
62,35,6,18,1
62,38,6,18,1
62,32,6,19,2
62,33,6,19,2
62,35,6,19,1
62,36,6,19,1
62,32,6,20,1
62,32,6,21,1
62,36,6,21,1
62,37,6,21,1
62,32,6,22,9
62,35,6,22,1
62,34,6,23,423
62,34,7,16,6
62,35,7,16,1
62,38,7,16,2
62,32,7,17,2
62,32,7,18,9
62,34,7,18,2
62,36,7,18,1
62,32,7,19,2
62,33,7,19,167
62,34,7,19,2
62,36,7,19,1
62,32,7,20,2
62,33,7,20,2
62,34,7,20,2
62,35,7,21,1
62,36,7,21,297
62,34,7,22,1
62,35,7,22,1
62,36,7,22,1
62,37,7,22,1
62,38,7,22,423
62,34,7,23,1
62,38,8,16,2
62,32,8,17,2
62,33,8,17,2
62,34,8,17,2
62,35,8,17,2
62,36,8,17,2
62,37,8,17,2
62,38,8,17,2
62,32,8,18,2
62,36,8,18,1
62,34,8,19,2
62,36,8,19,297
62,36,8,20,1
62,37,8,20,1
62,38,8,20,6
62,37,8,21,1
62,37,8,22,1
62,34,9,16,1
62,34,9,17,1
62,32,9,18,9
62,34,9,18,2
62,33,9,19,6
62,34,9,19,2
62,36,9,20,1
62,34,10,17,1
62,34,10,18,1
62,35,10,18,1
62,36,10,18,1
62,36,10,19,1
62,36,10,20,1
64,31,1,19,2
64,30,1,20,2
64,31,1,20,2
64,30,2,20,2
64,30,3,20,2
64,30,4,20,2
64,30,5,20,2
64,30,6,19,2
64,31,6,19,2
64,30,6,20,2
64,34,1,15,2
64,34,2,15,2
64,34,3,15,2
64,32,4,14,1
64,33,4,14,1
64,34,4,14,1
64,32,4,15,1
64,34,4,15,2
64,34,5,14,1
64,35,5,14,1
64,36,5,14,1
64,35,5,15,9
64,36,5,15,1
64,40,5,15,1
64,36,6,14,1
64,33,6,15,1
64,34,6,15,1
64,40,6,15,1
64,36,7,14,1
64,33,7,15,1
64,34,7,15,2057
64,35,7,15,10
64,36,7,15,1
64,40,7,15,1
64,33,8,15,1
64,34,8,15,1
64,40,8,15,1
64,34,9,15,1
64,35,9,15,1
64,36,9,15,1
64,37,9,15,1
64,38,9,15,1
64,39,9,15,1
64,40,9,15,1
64,34,0,16,2
64,34,0,17,2
64,34,0,18,2
64,34,0,19,2
64,34,1,16,2
64,32,1,18,1
64,33,1,18,1
64,34,1,18,1
64,35,1,18,1
64,36,1,18,1
64,37,1,18,1
64,38,1,18,1
64,39,1,18,1
64,32,1,19,2
64,33,1,19,2
64,34,1,19,2
64,35,1,19,2
64,36,1,19,2
64,35,2,16,2057
64,36,2,16,10
64,37,2,16,1
64,36,2,17,423
64,37,2,17,1
64,32,2,18,1
64,39,2,18,1
64,36,2,19,2
64,35,2,20,2
64,36,2,20,297
64,35,2,21,2
64,37,2,21,1
64,38,2,21,6
64,32,3,16,1
64,36,3,16,1
64,37,3,16,1
64,32,3,17,1
64,36,3,17,1
64,37,3,17,1
64,38,3,17,10
64,39,3,17,2345
64,32,3,18,1
64,36,3,18,1
64,39,3,18,1
64,40,3,18,6
64,32,3,19,1
64,36,3,19,1
64,39,3,19,1
64,32,3,20,1
64,36,3,20,1
64,37,3,20,1
64,32,3,21,9
64,35,3,21,2
64,37,3,21,1
64,34,3,22,6
64,35,3,22,2
64,32,4,16,1
64,33,4,16,1
64,34,4,16,9
64,37,4,16,1
64,40,4,16,1
64,36,4,17,6
64,39,4,17,1
64,40,4,17,1
64,32,4,18,2
64,33,4,18,2
64,34,4,18,2
64,36,4,18,1
64,34,4,19,2
64,35,4,19,2
64,39,4,19,1
64,32,4,20,9
64,35,4,20,2
64,34,4,21,423
64,35,4,21,2
64,33,5,16,1
64,34,5,16,1
64,35,5,16,423
64,40,5,16,1
64,32,5,17,2
64,32,5,18,2
64,34,5,18,1
64,35,5,18,1
64,36,5,18,1
64,39,5,18,1
64,33,5,19,1
64,34,5,19,1
64,39,5,19,1
64,33,5,20,1
64,39,5,20,1
64,33,5,21,9
64,35,5,21,1
64,38,5,21,1
64,39,5,21,1
64,34,5,22,6
64,35,5,22,1
64,36,6,16,1
64,39,6,16,297
64,32,6,17,2
64,39,6,17,423
64,33,6,18,2
64,36,6,18,1
64,39,6,18,1
64,32,6,19,2
64,33,6,19,2
64,36,6,19,1
64,37,6,19,1
64,33,6,20,1
64,33,6,21,1
64,37,6,21,1
64,38,6,21,1
64,33,6,22,9
64,35,6,22,1
64,34,6,23,167
64,35,7,16,6
64,36,7,16,1
64,39,7,16,2
64,32,7,17,2
64,33,7,17,2
64,33,7,18,9
64,34,7,18,2
64,37,7,18,1
64,32,7,19,2
64,33,7,19,167
64,34,7,19,2
64,37,7,19,1
64,32,7,20,2
64,33,7,20,2
64,34,7,20,2
64,35,7,21,1
64,37,7,21,297
64,34,7,22,1
64,35,7,22,1
64,36,7,22,1
64,37,7,22,1
64,38,7,22,167
64,34,7,23,1
64,39,8,16,2
64,33,8,17,2
64,34,8,17,2
64,35,8,17,2
64,36,8,17,2
64,37,8,17,2
64,38,8,17,2
64,39,8,17,2
64,33,8,18,2
64,37,8,18,1
64,34,8,19,2
64,37,8,19,297
64,36,8,20,1
64,37,8,20,1
64,38,8,20,6
64,37,8,21,1
64,37,8,22,1
64,34,9,16,1
64,34,9,17,1
64,33,9,18,9
64,34,9,18,2
64,33,9,19,6
64,34,9,19,2
64,36,9,20,1
64,34,10,17,1
64,34,10,18,1
64,35,10,18,1
64,36,10,18,1
64,36,10,19,1
64,36,10,20,1
66,31,1,20,2
66,31,2,20,2
66,31,3,20,2
66,31,4,20,2
66,31,5,20,2
66,31,6,19,2
66,31,6,20,2
66,35,1,15,2
66,35,2,15,2
66,35,3,15,2
66,33,4,14,1
66,34,4,14,1
66,35,4,14,1
66,33,4,15,1
66,35,4,15,2
66,35,5,14,1
66,36,5,14,1
66,37,5,14,1
66,35,5,15,2057
66,36,5,15,10
66,37,5,15,1
66,40,5,15,1
66,37,6,14,1
66,33,6,15,1
66,34,6,15,1
66,40,6,15,1
66,37,7,14,1
66,33,7,15,1
66,34,7,15,9
66,37,7,15,1
66,40,7,15,1
66,33,8,15,1
66,34,8,15,1
66,40,8,15,1
66,34,9,15,1
66,35,9,15,1
66,36,9,15,1
66,37,9,15,1
66,38,9,15,1
66,39,9,15,1
66,40,9,15,1
66,35,0,16,2
66,35,0,17,2
66,35,0,18,2
66,35,0,19,2
66,35,1,16,2
66,33,1,18,1
66,34,1,18,1
66,35,1,18,1
66,36,1,18,1
66,37,1,18,1
66,38,1,18,1
66,39,1,18,1
66,40,1,18,1
66,32,1,19,2
66,33,1,19,2
66,34,1,19,2
66,35,1,19,2
66,36,1,19,2
66,37,1,19,2
66,32,1,20,2
66,35,2,16,9
66,38,2,16,1
66,37,2,17,423
66,38,2,17,1
66,33,2,18,1
66,40,2,18,1
66,37,2,19,2
66,35,2,20,2
66,37,2,20,297
66,35,2,21,2
66,38,2,21,1
66,39,2,21,6
66,33,3,16,1
66,37,3,16,1
66,38,3,16,1
66,33,3,17,1
66,37,3,17,1
66,38,3,17,1
66,39,3,17,297
66,33,3,18,1
66,37,3,18,1
66,40,3,18,1
66,41,3,18,6
66,33,3,19,1
66,37,3,19,1
66,40,3,19,1
66,33,3,20,1
66,37,3,20,1
66,38,3,20,1
66,33,3,21,9
66,35,3,21,2
66,38,3,21,1
66,34,3,22,6
66,35,3,22,2
66,33,4,16,1
66,34,4,16,1
66,35,4,16,9
66,38,4,16,1
66,40,4,16,1
66,37,4,17,6
66,39,4,17,1
66,40,4,17,1
66,32,4,18,2
66,33,4,18,2
66,34,4,18,2
66,37,4,18,1
66,34,4,19,2
66,35,4,19,2
66,40,4,19,1
66,33,4,20,9
66,35,4,20,2
66,34,4,21,167
66,35,4,21,2
66,34,5,16,1
66,35,5,16,1
66,36,5,16,423
66,40,5,16,1
66,32,5,17,2
66,32,5,18,2
66,35,5,18,1
66,36,5,18,1
66,37,5,18,1
66,40,5,18,1
66,34,5,19,1
66,35,5,19,1
66,40,5,19,1
66,34,5,20,1
66,40,5,20,1
66,34,5,21,9
66,35,5,21,1
66,39,5,21,1
66,40,5,21,1
66,34,5,22,6
66,35,5,22,1
66,37,6,16,1
66,38,6,16,10
66,39,6,16,2345
66,32,6,17,2
66,40,6,17,423
66,34,6,18,2
66,37,6,18,1
66,40,6,18,1
66,32,6,19,2
66,33,6,19,2
66,34,6,19,2
66,37,6,19,1
66,38,6,19,1
66,34,6,20,1
66,34,6,21,1
66,38,6,21,1
66,39,6,21,1
66,34,6,22,9
66,35,6,22,1
66,34,6,23,167
66,36,7,16,6
66,37,7,16,1
66,39,7,16,2
66,32,7,17,2
66,33,7,17,2
66,34,7,18,9
66,35,7,18,2
66,38,7,18,1
66,33,7,19,2
66,34,7,19,423
66,35,7,19,2
66,38,7,19,1
66,33,7,20,2
66,34,7,20,2
66,35,7,20,2
66,35,7,21,1
66,38,7,21,297
66,34,7,22,1
66,35,7,22,1
66,36,7,22,1
66,37,7,22,1
66,38,7,22,167
66,34,7,23,1
66,39,8,16,2
66,33,8,17,2
66,34,8,17,2
66,35,8,17,2
66,36,8,17,2
66,37,8,17,2
66,38,8,17,2
66,39,8,17,2
66,33,8,18,2
66,38,8,18,1
66,35,8,19,2
66,38,8,19,297
66,36,8,20,1
66,37,8,20,1
66,38,8,20,6
66,37,8,21,1
66,37,8,22,1
66,34,9,16,1
66,34,9,17,1
66,33,9,18,2057
66,34,9,18,10
66,35,9,18,2
66,34,9,19,6
66,35,9,19,2
66,36,9,20,1
66,34,10,17,1
66,34,10,18,1
66,35,10,18,1
66,36,10,18,1
66,36,10,19,1
66,36,10,20,1
68,36,1,15,2
68,36,2,15,2
68,36,3,15,2
68,34,4,14,1
68,35,4,14,1
68,36,4,14,1
68,34,4,15,1
68,36,4,15,2
68,36,5,14,1
68,37,5,14,1
68,38,5,14,1
68,35,5,15,9
68,38,5,15,1
68,41,5,15,1
68,38,6,14,1
68,34,6,15,1
68,35,6,15,1
68,41,6,15,1
68,38,7,14,1
68,34,7,15,1
68,35,7,15,9
68,38,7,15,1
68,41,7,15,1
68,34,8,15,1
68,35,8,15,1
68,41,8,15,1
68,35,9,15,1
68,36,9,15,1
68,37,9,15,1
68,38,9,15,1
68,39,9,15,1
68,40,9,15,1
68,41,9,15,1
68,36,0,16,2
68,36,0,17,2
68,36,0,18,2
68,36,0,19,2
68,36,1,16,2
68,34,1,18,1
68,35,1,18,1
68,36,1,18,1
68,37,1,18,1
68,38,1,18,1
68,39,1,18,1
68,40,1,18,1
68,41,1,18,1
68,33,1,19,2
68,34,1,19,2
68,35,1,19,2
68,36,1,19,2
68,37,1,19,2
68,38,1,19,2
68,32,1,20,2
68,33,1,20,2
68,36,2,16,9
68,38,2,16,1
68,37,2,17,167
68,38,2,17,1
68,34,2,18,1
68,41,2,18,1
68,38,2,19,2
68,32,2,20,2
68,35,2,20,2
68,38,2,20,297
68,35,2,21,2
68,38,2,21,1
68,39,2,21,6
68,34,3,16,1
68,37,3,16,1
68,38,3,16,1
68,34,3,17,1
68,37,3,17,1
68,38,3,17,1
68,40,3,17,297
68,34,3,18,1
68,37,3,18,1
68,41,3,18,1
68,42,3,18,6
68,34,3,19,1
68,37,3,19,1
68,41,3,19,1
68,32,3,20,2
68,34,3,20,1
68,37,3,20,1
68,38,3,20,1
68,34,3,21,9
68,35,3,21,2
68,38,3,21,1
68,34,3,22,6
68,35,3,22,2
68,34,4,16,1
68,35,4,16,1
68,36,4,16,9
68,38,4,16,1
68,41,4,16,1
68,37,4,17,6
68,40,4,17,1
68,41,4,17,1
68,32,4,18,2
68,33,4,18,2
68,34,4,18,2
68,37,4,18,1
68,34,4,19,2
68,35,4,19,2
68,41,4,19,1
68,32,4,20,2
68,34,4,20,9
68,35,4,20,2
68,34,4,21,167
68,35,4,21,2
68,35,5,16,1
68,36,5,16,1
68,37,5,16,423
68,41,5,16,1
68,32,5,17,2
68,32,5,18,2
68,35,5,18,1
68,36,5,18,1
68,37,5,18,1
68,41,5,18,1
68,34,5,19,1
68,35,5,19,1
68,41,5,19,1
68,32,5,20,2
68,34,5,20,1
68,41,5,20,1
68,35,5,21,9
68,36,5,21,1
68,40,5,21,1
68,41,5,21,1
68,35,5,22,6
68,36,5,22,1
68,38,6,16,1
68,39,6,16,297
68,32,6,17,2
68,41,6,17,423
68,35,6,18,2
68,37,6,18,1
68,41,6,18,1
68,32,6,19,2
68,33,6,19,2
68,34,6,19,2
68,35,6,19,2
68,37,6,19,1
68,38,6,19,1
68,32,6,20,2
68,34,6,20,1
68,34,6,21,1
68,39,6,21,1
68,40,6,21,1
68,34,6,22,2057
68,35,6,22,10
68,36,6,22,1
68,35,6,23,423
68,37,7,16,6
68,38,7,16,1
68,39,7,16,2
68,32,7,17,2
68,33,7,17,2
68,34,7,18,2057
68,35,7,18,10
68,36,7,18,2
68,38,7,18,1
68,34,7,19,2
68,35,7,19,423
68,36,7,19,2
68,38,7,19,1
68,34,7,20,2
68,35,7,20,2
68,36,7,20,2
68,36,7,21,1
68,39,7,21,297
68,35,7,22,1
68,36,7,22,1
68,37,7,22,1
68,38,7,22,1
68,39,7,22,423
68,35,7,23,1
68,39,8,16,2
68,33,8,17,2
68,34,8,17,2
68,35,8,17,2
68,36,8,17,2
68,37,8,17,2
68,38,8,17,2
68,39,8,17,2
68,33,8,18,2
68,38,8,18,1
68,36,8,19,2
68,37,8,19,10
68,38,8,19,2345
68,37,8,20,1
68,38,8,20,1
68,39,8,20,6
68,38,8,21,1
68,38,8,22,1
68,35,9,16,1
68,35,9,17,1
68,33,9,18,9
68,36,9,18,2
68,35,9,19,6
68,36,9,19,2
68,37,9,20,1
68,35,10,17,1
68,35,10,18,1
68,36,10,18,1
68,37,10,18,1
68,37,10,19,1
68,37,10,20,1
70,37,1,15,2
70,37,2,15,2
70,37,3,15,2
70,34,4,14,1
70,35,4,14,1
70,36,4,14,1
70,34,4,15,1
70,37,4,15,2
70,36,5,14,1
70,37,5,14,1
70,38,5,14,1
70,36,5,15,9
70,38,5,15,1
70,42,5,15,1
70,38,6,14,1
70,35,6,15,1
70,36,6,15,1
70,42,6,15,1
70,38,7,14,1
70,35,7,15,1
70,36,7,15,9
70,38,7,15,1
70,42,7,15,1
70,35,8,15,1
70,36,8,15,1
70,42,8,15,1
70,36,9,15,1
70,37,9,15,1
70,38,9,15,1
70,39,9,15,1
70,40,9,15,1
70,41,9,15,1
70,42,9,15,1
70,37,0,16,2
70,37,0,17,2
70,37,0,18,2
70,37,0,19,2
70,37,1,16,2
70,34,1,18,1
70,35,1,18,1
70,36,1,18,1
70,37,1,18,1
70,38,1,18,1
70,39,1,18,1
70,40,1,18,1
70,41,1,18,1
70,34,1,19,2
70,35,1,19,2
70,36,1,19,2
70,37,1,19,2
70,38,1,19,2
70,39,1,19,2
70,33,1,20,2
70,34,1,20,2
70,37,2,16,9
70,38,2,16,1
70,37,2,17,167
70,38,2,17,1
70,34,2,18,1
70,41,2,18,1
70,39,2,19,2
70,33,2,20,2
70,36,2,20,2
70,39,2,20,297
70,36,2,21,2
70,38,2,21,1
70,39,2,21,6
70,34,3,16,1
70,37,3,16,1
70,38,3,16,1
70,34,3,17,1
70,37,3,17,1
70,38,3,17,1
70,41,3,17,297
70,34,3,18,1
70,37,3,18,1
70,41,3,18,1
70,42,3,18,6
70,34,3,19,1
70,37,3,19,1
70,41,3,19,1
70,33,3,20,2
70,34,3,20,1
70,37,3,20,1
70,38,3,20,1
70,34,3,21,2057
70,35,3,21,10
70,36,3,21,2
70,38,3,21,1
70,35,3,22,6
70,36,3,22,2
70,34,4,16,1
70,35,4,16,1
70,37,4,16,9
70,38,4,16,1
70,42,4,16,1
70,37,4,17,6
70,41,4,17,1
70,42,4,17,1
70,33,4,18,2
70,34,4,18,2
70,35,4,18,2
70,37,4,18,1
70,35,4,19,2
70,36,4,19,2
70,41,4,19,1
70,33,4,20,2
70,35,4,20,9
70,36,4,20,2
70,35,4,21,423
70,36,4,21,2
70,35,5,16,1
70,36,5,16,1
70,37,5,16,167
70,42,5,16,1
70,33,5,17,2
70,33,5,18,2
70,35,5,18,1
70,36,5,18,1
70,37,5,18,1
70,41,5,18,1
70,34,5,19,1
70,35,5,19,1
70,41,5,19,1
70,33,5,20,2
70,34,5,20,1
70,41,5,20,1
70,36,5,21,9
70,37,5,21,1
70,40,5,21,1
70,41,5,21,1
70,36,5,22,6
70,37,5,22,1
70,38,6,16,1
70,40,6,16,297
70,33,6,17,2
70,41,6,17,167
70,36,6,18,2
70,37,6,18,1
70,41,6,18,1
70,33,6,19,2
70,34,6,19,2
70,35,6,19,2
70,36,6,19,2
70,37,6,19,1
70,38,6,19,1
70,33,6,20,2
70,34,6,20,1
70,34,6,21,1
70,39,6,21,1
70,40,6,21,1
70,34,6,22,9
70,37,6,22,1
70,36,6,23,423
70,37,7,16,6
70,38,7,16,1
70,40,7,16,2
70,33,7,17,2
70,34,7,17,2
70,34,7,18,9
70,37,7,18,2
70,38,7,18,1
70,35,7,19,2
70,36,7,19,423
70,37,7,19,2
70,38,7,19,1
70,35,7,20,2
70,36,7,20,2
70,37,7,20,2
70,37,7,21,1
70,38,7,21,10
70,39,7,21,2345
70,36,7,22,1
70,37,7,22,1
70,38,7,22,1
70,39,7,22,1
70,40,7,22,423
70,36,7,23,1
70,40,8,16,2
70,34,8,17,2
70,35,8,17,2
70,36,8,17,2
70,37,8,17,2
70,38,8,17,2
70,39,8,17,2
70,40,8,17,2
70,34,8,18,2
70,38,8,18,1
70,37,8,19,2
70,38,8,19,297
70,38,8,20,1
70,39,8,20,1
70,40,8,20,6
70,39,8,21,1
70,39,8,22,1
70,36,9,16,1
70,36,9,17,1
70,34,9,18,9
70,37,9,18,2
70,36,9,19,6
70,37,9,19,2
70,38,9,20,1
70,36,10,17,1
70,36,10,18,1
70,37,10,18,1
70,38,10,18,1
70,38,10,19,1
70,38,10,20,1
72,37,1,15,2
72,37,2,15,2
72,37,3,15,2
72,34,4,14,1
72,35,4,14,1
72,36,4,14,1
72,34,4,15,1
72,37,4,15,2
72,36,5,14,1
72,37,5,14,1
72,38,5,14,1
72,37,5,15,9
72,38,5,15,1
72,43,5,15,1
72,38,6,14,1
72,36,6,15,1
72,37,6,15,1
72,43,6,15,1
72,38,7,14,1
72,36,7,15,1
72,37,7,15,9
72,38,7,15,1
72,43,7,15,1
72,36,8,15,1
72,37,8,15,1
72,43,8,15,1
72,37,9,15,1
72,38,9,15,1
72,39,9,15,1
72,40,9,15,1
72,41,9,15,1
72,42,9,15,1
72,43,9,15,1
72,37,0,16,2
72,37,0,17,2
72,37,0,18,2
72,37,0,19,2
72,37,1,16,2
72,34,1,18,1
72,35,1,18,1
72,36,1,18,1
72,37,1,18,1
72,38,1,18,1
72,39,1,18,1
72,40,1,18,1
72,41,1,18,1
72,34,1,19,2
72,35,1,19,2
72,36,1,19,2
72,37,1,19,2
72,38,1,19,2
72,39,1,19,2
72,33,1,20,2
72,34,1,20,2
72,38,2,16,9
72,39,2,16,1
72,38,2,17,423
72,39,2,17,1
72,34,2,18,1
72,41,2,18,1
72,39,2,19,2
72,33,2,20,2
72,36,2,20,2
72,38,2,20,10
72,39,2,20,2345
72,36,2,21,2
72,39,2,21,1
72,40,2,21,6
72,34,3,16,1
72,38,3,16,1
72,39,3,16,1
72,34,3,17,1
72,38,3,17,1
72,39,3,17,1
72,42,3,17,297
72,34,3,18,1
72,38,3,18,1
72,41,3,18,1
72,42,3,18,6
72,34,3,19,1
72,38,3,19,1
72,41,3,19,1
72,33,3,20,2
72,34,3,20,1
72,38,3,20,1
72,39,3,20,1
72,34,3,21,9
72,36,3,21,2
72,39,3,21,1
72,35,3,22,6
72,36,3,22,2
72,34,4,16,1
72,35,4,16,1
72,37,4,16,2057
72,38,4,16,10
72,39,4,16,1
72,43,4,16,1
72,38,4,17,6
72,42,4,17,1
72,43,4,17,1
72,33,4,18,2
72,34,4,18,2
72,35,4,18,2
72,38,4,18,1
72,35,4,19,2
72,36,4,19,2
72,41,4,19,1
72,33,4,20,2
72,35,4,20,9
72,36,4,20,2
72,35,4,21,167
72,36,4,21,2
72,35,5,16,1
72,36,5,16,1
72,37,5,16,167
72,43,5,16,1
72,33,5,17,2
72,33,5,18,2
72,36,5,18,1
72,37,5,18,1
72,38,5,18,1
72,41,5,18,1
72,35,5,19,1
72,36,5,19,1
72,41,5,19,1
72,33,5,20,2
72,35,5,20,1
72,41,5,20,1
72,37,5,21,521
72,38,5,21,1
72,40,5,21,1
72,41,5,21,1
72,37,5,22,6
72,38,5,22,1
72,38,6,16,1
72,40,6,16,297
72,33,6,17,2
72,41,6,17,167
72,36,6,18,2
72,38,6,18,1
72,41,6,18,1
72,33,6,19,2
72,34,6,19,2
72,35,6,19,2
72,36,6,19,2
72,38,6,19,1
72,39,6,19,1
72,33,6,20,2
72,35,6,20,1
72,35,6,21,1
72,39,6,21,1
72,40,6,21,1
72,35,6,22,9
72,38,6,22,1
72,37,6,23,423
72,37,7,16,6
72,38,7,16,1
72,40,7,16,2
72,33,7,17,2
72,34,7,17,2
72,34,7,18,9
72,37,7,18,2
72,39,7,18,1
72,35,7,19,2
72,36,7,19,167
72,37,7,19,2
72,39,7,19,1
72,35,7,20,2
72,36,7,20,2
72,37,7,20,2
72,38,7,21,1
72,39,7,21,297
72,37,7,22,1
72,38,7,22,1
72,39,7,22,1
72,40,7,22,1
72,41,7,22,423
72,37,7,23,1
72,40,8,16,2
72,34,8,17,2
72,35,8,17,2
72,36,8,17,2
72,37,8,17,2
72,38,8,17,2
72,39,8,17,2
72,40,8,17,2
72,34,8,18,2
72,39,8,18,1
72,37,8,19,2
72,39,8,19,297
72,39,8,20,1
72,40,8,20,1
72,41,8,20,6
72,40,8,21,1
72,40,8,22,1
72,37,9,16,1
72,37,9,17,1
72,34,9,18,9
72,37,9,18,2
72,36,9,19,6
72,37,9,19,2
72,39,9,20,1
72,37,10,17,1
72,37,10,18,1
72,38,10,18,1
72,39,10,18,1
72,39,10,19,1
72,39,10,20,1
74,37,1,15,2
74,37,2,15,2
74,37,3,15,2
74,35,4,14,1
74,36,4,14,1
74,37,4,14,1
74,35,4,15,1
74,37,4,15,2
74,37,5,14,1
74,38,5,14,1
74,39,5,14,1
74,38,5,15,9
74,39,5,15,1
74,44,5,15,1
74,39,6,14,1
74,37,6,15,1
74,38,6,15,1
74,44,6,15,1
74,39,7,14,1
74,37,7,15,1
74,38,7,15,9
74,39,7,15,1
74,44,7,15,1
74,37,8,15,1
74,38,8,15,1
74,44,8,15,1
74,38,9,15,1
74,39,9,15,1
74,40,9,15,1
74,41,9,15,1
74,42,9,15,1
74,43,9,15,1
74,44,9,15,1
74,37,0,16,2
74,37,0,17,2
74,37,0,18,2
74,37,0,19,2
74,37,1,16,2
74,35,1,18,1
74,36,1,18,1
74,37,1,18,1
74,38,1,18,1
74,39,1,18,1
74,40,1,18,1
74,41,1,18,1
74,42,1,18,1
74,34,1,19,2
74,35,1,19,2
74,36,1,19,2
74,37,1,19,2
74,38,1,19,2
74,39,1,19,2
74,33,1,20,2
74,34,1,20,2
74,38,2,16,2057
74,39,2,16,10
74,40,2,16,1
74,39,2,17,423
74,40,2,17,1
74,35,2,18,1
74,42,2,18,1
74,39,2,19,2
74,33,2,20,2
74,37,2,20,2
74,39,2,20,297
74,37,2,21,2
74,40,2,21,1
74,41,2,21,6
74,35,3,16,1
74,39,3,16,1
74,40,3,16,1
74,35,3,17,1
74,39,3,17,1
74,40,3,17,1
74,41,3,17,10
74,42,3,17,2345
74,35,3,18,1
74,39,3,18,1
74,42,3,18,1
74,43,3,18,6
74,35,3,19,1
74,39,3,19,1
74,42,3,19,1
74,33,3,20,2
74,35,3,20,1
74,39,3,20,1
74,40,3,20,1
74,35,3,21,9
74,37,3,21,2
74,40,3,21,1
74,36,3,22,6
74,37,3,22,2
74,35,4,16,1
74,36,4,16,1
74,37,4,16,9
74,40,4,16,1
74,44,4,16,1
74,39,4,17,6
74,43,4,17,1
74,44,4,17,1
74,34,4,18,2
74,35,4,18,2
74,36,4,18,2
74,39,4,18,1
74,36,4,19,2
74,37,4,19,2
74,42,4,19,1
74,33,4,20,2
74,36,4,20,9
74,37,4,20,2
74,36,4,21,423
74,37,4,21,2
74,36,5,16,1
74,37,5,16,1
74,38,5,16,423
74,44,5,16,1
74,34,5,17,2
74,34,5,18,2
74,37,5,18,1
74,38,5,18,1
74,39,5,18,1
74,42,5,18,1
74,36,5,19,1
74,37,5,19,1
74,42,5,19,1
74,33,5,20,2
74,36,5,20,1
74,42,5,20,1
74,37,5,21,2057
74,38,5,21,10
74,39,5,21,1
74,41,5,21,1
74,42,5,21,1
74,38,5,22,6
74,39,5,22,1
74,39,6,16,1
74,41,6,16,297
74,34,6,17,2
74,42,6,17,423
74,36,6,18,2
74,39,6,18,1
74,42,6,18,1
74,33,6,19,2
74,34,6,19,2
74,35,6,19,2
74,36,6,19,2
74,39,6,19,1
74,40,6,19,1
74,33,6,20,2
74,36,6,20,1
74,36,6,21,1
74,40,6,21,1
74,41,6,21,1
74,36,6,22,9
74,39,6,22,1
74,38,6,23,423
74,38,7,16,6
74,39,7,16,1
74,41,7,16,2
74,34,7,17,2
74,35,7,17,2
74,35,7,18,9
74,37,7,18,2
74,40,7,18,1
74,35,7,19,2
74,36,7,19,167
74,37,7,19,2
74,40,7,19,1
74,35,7,20,2
74,36,7,20,2
74,37,7,20,2
74,39,7,21,1
74,40,7,21,297
74,38,7,22,1
74,39,7,22,1
74,40,7,22,1
74,41,7,22,1
74,42,7,22,423
74,38,7,23,1
74,41,8,16,2
74,35,8,17,2
74,36,8,17,2
74,37,8,17,2
74,38,8,17,2
74,39,8,17,2
74,40,8,17,2
74,41,8,17,2
74,35,8,18,2
74,40,8,18,1
74,37,8,19,2
74,40,8,19,297
74,40,8,20,1
74,41,8,20,1
74,42,8,20,6
74,41,8,21,1
74,41,8,22,1
74,38,9,16,1
74,38,9,17,1
74,35,9,18,9
74,37,9,18,2
74,36,9,19,6
74,37,9,19,2
74,40,9,20,1
74,38,10,17,1
74,38,10,18,1
74,39,10,18,1
74,40,10,18,1
74,40,10,19,1
74,40,10,20,1
76,37,1,15,2
76,37,2,15,2
76,37,3,15,2
76,36,4,14,1
76,37,4,14,1
76,38,4,14,1
76,36,4,15,1
76,37,4,15,2
76,38,5,14,1
76,39,5,14,1
76,40,5,14,1
76,39,5,15,9
76,40,5,15,1
76,44,5,15,1
76,40,6,14,1
76,37,6,15,1
76,38,6,15,1
76,44,6,15,1
76,40,7,14,1
76,37,7,15,1
76,38,7,15,2057
76,39,7,15,10
76,40,7,15,1
76,44,7,15,1
76,37,8,15,1
76,38,8,15,1
76,44,8,15,1
76,38,9,15,1
76,39,9,15,1
76,40,9,15,1
76,41,9,15,1
76,42,9,15,1
76,43,9,15,1
76,44,9,15,1
76,37,0,16,2
76,37,0,17,2
76,37,0,18,2
76,37,0,19,2
76,37,1,16,2
76,36,1,18,1
76,37,1,18,1
76,38,1,18,1
76,39,1,18,1
76,40,1,18,1
76,41,1,18,1
76,42,1,18,1
76,43,1,18,1
76,34,1,19,2
76,35,1,19,2
76,36,1,19,2
76,37,1,19,2
76,38,1,19,2
76,39,1,19,2
76,33,1,20,2
76,34,1,20,2
76,38,2,16,9
76,41,2,16,1
76,40,2,17,423
76,41,2,17,1
76,36,2,18,1
76,43,2,18,1
76,39,2,19,2
76,33,2,20,2
76,38,2,20,2
76,40,2,20,297
76,38,2,21,2
76,41,2,21,1
76,42,2,21,6
76,36,3,16,1
76,40,3,16,1
76,41,3,16,1
76,36,3,17,1
76,40,3,17,1
76,41,3,17,1
76,42,3,17,297
76,36,3,18,1
76,40,3,18,1
76,43,3,18,1
76,44,3,18,6
76,36,3,19,1
76,40,3,19,1
76,43,3,19,1
76,33,3,20,2
76,36,3,20,1
76,40,3,20,1
76,41,3,20,1
76,36,3,21,9
76,38,3,21,2
76,41,3,21,1
76,37,3,22,6
76,38,3,22,2
76,36,4,16,1
76,37,4,16,1
76,38,4,16,9
76,41,4,16,1
76,44,4,16,1
76,40,4,17,6
76,43,4,17,1
76,44,4,17,1
76,35,4,18,2
76,36,4,18,2
76,37,4,18,2
76,40,4,18,1
76,37,4,19,2
76,38,4,19,2
76,43,4,19,1
76,33,4,20,2
76,37,4,20,9
76,38,4,20,2
76,37,4,21,423
76,38,4,21,2
76,37,5,16,1
76,38,5,16,1
76,39,5,16,423
76,44,5,16,1
76,35,5,17,2
76,35,5,18,2
76,38,5,18,1
76,39,5,18,1
76,40,5,18,1
76,43,5,18,1
76,37,5,19,1
76,38,5,19,1
76,43,5,19,1
76,33,5,20,2
76,37,5,20,1
76,43,5,20,1
76,37,5,21,9
76,39,5,21,1
76,42,5,21,1
76,43,5,21,1
76,38,5,22,6
76,39,5,22,1
76,40,6,16,1
76,42,6,16,297
76,35,6,17,2
76,43,6,17,423
76,36,6,18,2
76,40,6,18,1
76,43,6,18,1
76,33,6,19,2
76,34,6,19,2
76,35,6,19,2
76,36,6,19,2
76,40,6,19,1
76,41,6,19,1
76,33,6,20,2
76,37,6,20,1
76,37,6,21,1
76,41,6,21,1
76,42,6,21,1
76,37,6,22,9
76,39,6,22,1
76,38,6,23,167
76,39,7,16,6
76,40,7,16,1
76,42,7,16,2
76,35,7,17,2
76,36,7,17,2
76,36,7,18,9
76,37,7,18,2
76,41,7,18,1
76,35,7,19,2
76,36,7,19,167
76,37,7,19,2
76,41,7,19,1
76,35,7,20,2
76,36,7,20,2
76,37,7,20,2
76,39,7,21,1
76,41,7,21,297
76,38,7,22,1
76,39,7,22,1
76,40,7,22,1
76,41,7,22,1
76,42,7,22,167
76,38,7,23,1
76,42,8,16,2
76,36,8,17,2
76,37,8,17,2
76,38,8,17,2
76,39,8,17,2
76,40,8,17,2
76,41,8,17,2
76,42,8,17,2
76,36,8,18,2
76,41,8,18,1
76,37,8,19,2
76,41,8,19,297
76,40,8,20,1
76,41,8,20,1
76,42,8,20,6
76,41,8,21,1
76,41,8,22,1
76,38,9,16,1
76,38,9,17,1
76,36,9,18,9
76,37,9,18,2
76,36,9,19,6
76,37,9,19,2
76,40,9,20,1
76,38,10,17,1
76,38,10,18,1
76,39,10,18,1
76,40,10,18,1
76,40,10,19,1
76,40,10,20,1
78,38,1,15,2
78,38,2,15,2
78,38,3,15,2
78,37,4,14,1
78,38,4,14,1
78,39,4,14,1
78,37,4,15,1
78,38,4,15,2
78,39,5,14,1
78,40,5,14,1
78,41,5,14,1
78,39,5,15,2057
78,40,5,15,10
78,41,5,15,1
78,44,5,15,1
78,41,6,14,1
78,37,6,15,1
78,38,6,15,1
78,44,6,15,1
78,41,7,14,1
78,37,7,15,1
78,38,7,15,9
78,41,7,15,1
78,44,7,15,1
78,37,8,15,1
78,38,8,15,1
78,44,8,15,1
78,38,9,15,1
78,39,9,15,1
78,40,9,15,1
78,41,9,15,1
78,42,9,15,1
78,43,9,15,1
78,44,9,15,1
78,38,0,16,2
78,38,0,17,2
78,38,0,18,2
78,38,0,19,2
78,38,1,16,2
78,37,1,18,1
78,38,1,18,1
78,39,1,18,1
78,40,1,18,1
78,41,1,18,1
78,42,1,18,1
78,43,1,18,1
78,44,1,18,1
78,35,1,19,2
78,36,1,19,2
78,37,1,19,2
78,38,1,19,2
78,39,1,19,2
78,40,1,19,2
78,34,1,20,2
78,35,1,20,2
78,38,2,16,9
78,41,2,16,1
78,40,2,17,167
78,41,2,17,1
78,37,2,18,1
78,44,2,18,1
78,40,2,19,2
78,34,2,20,2
78,39,2,20,2
78,40,2,20,297
78,39,2,21,2
78,41,2,21,1
78,42,2,21,6
78,37,3,16,1
78,40,3,16,1
78,41,3,16,1
78,37,3,17,1
78,40,3,17,1
78,41,3,17,1
78,42,3,17,297
78,37,3,18,1
78,40,3,18,1
78,44,3,18,1
78,45,3,18,6
78,37,3,19,1
78,40,3,19,1
78,44,3,19,1
78,34,3,20,2
78,37,3,20,1
78,40,3,20,1
78,41,3,20,1
78,37,3,21,9
78,39,3,21,2
78,41,3,21,1
78,38,3,22,6
78,39,3,22,2
78,37,4,16,1
78,38,4,16,1
78,39,4,16,9
78,41,4,16,1
78,44,4,16,1
78,40,4,17,6
78,43,4,17,1
78,44,4,17,1
78,36,4,18,2
78,37,4,18,2
78,38,4,18,2
78,40,4,18,1
78,38,4,19,2
78,39,4,19,2
78,44,4,19,1
78,34,4,20,2
78,37,4,20,2057
78,38,4,20,10
78,39,4,20,2
78,38,4,21,423
78,39,4,21,2
78,38,5,16,1
78,39,5,16,1
78,40,5,16,423
78,44,5,16,1
78,36,5,17,2
78,36,5,18,2
78,38,5,18,1
78,39,5,18,1
78,40,5,18,1
78,44,5,18,1
78,37,5,19,1
78,38,5,19,1
78,44,5,19,1
78,34,5,20,2
78,37,5,20,1
78,44,5,20,1
78,37,5,21,9
78,39,5,21,1
78,43,5,21,1
78,44,5,21,1
78,38,5,22,6
78,39,5,22,1
78,41,6,16,1
78,43,6,16,297
78,36,6,17,2
78,44,6,17,423
78,37,6,18,2
78,40,6,18,1
78,44,6,18,1
78,34,6,19,2
78,35,6,19,2
78,36,6,19,2
78,37,6,19,2
78,40,6,19,1
78,41,6,19,1
78,34,6,20,2
78,37,6,20,1
78,37,6,21,1
78,42,6,21,1
78,43,6,21,1
78,37,6,22,9
78,39,6,22,1
78,38,6,23,167
78,40,7,16,6
78,41,7,16,1
78,43,7,16,2
78,36,7,17,2
78,37,7,17,2
78,37,7,18,9
78,38,7,18,2
78,41,7,18,1
78,36,7,19,2
78,37,7,19,423
78,38,7,19,2
78,41,7,19,1
78,36,7,20,2
78,37,7,20,2
78,38,7,20,2
78,39,7,21,1
78,42,7,21,297
78,38,7,22,1
78,39,7,22,1
78,40,7,22,1
78,41,7,22,1
78,42,7,22,167
78,38,7,23,1
78,43,8,16,2
78,37,8,17,2
78,38,8,17,2
78,39,8,17,2
78,40,8,17,2
78,41,8,17,2
78,42,8,17,2
78,43,8,17,2
78,37,8,18,2
78,41,8,18,1
78,38,8,19,2
78,41,8,19,297
78,40,8,20,1
78,41,8,20,1
78,42,8,20,6
78,41,8,21,1
78,41,8,22,1
78,38,9,16,1
78,38,9,17,1
78,36,9,18,2057
78,37,9,18,10
78,38,9,18,2
78,37,9,19,6
78,38,9,19,2
78,40,9,20,1
78,38,10,17,1
78,38,10,18,1
78,39,10,18,1
78,40,10,18,1
78,40,10,19,1
78,40,10,20,1
80,39,1,15,2
80,39,2,15,2
80,39,3,15,2
80,37,4,14,1
80,38,4,14,1
80,39,4,14,1
80,37,4,15,1
80,39,4,15,2
80,39,5,14,1
80,40,5,14,1
80,41,5,14,1
80,39,5,15,9
80,41,5,15,1
80,44,5,15,1
80,41,6,14,1
80,37,6,15,1
80,38,6,15,1
80,44,6,15,1
80,41,7,14,1
80,37,7,15,1
80,38,7,15,9
80,41,7,15,1
80,44,7,15,1
80,37,8,15,1
80,38,8,15,1
80,44,8,15,1
80,38,9,15,1
80,39,9,15,1
80,40,9,15,1
80,41,9,15,1
80,42,9,15,1
80,43,9,15,1
80,44,9,15,1
80,39,0,16,2
80,39,0,17,2
80,39,0,18,2
80,39,0,19,2
80,39,1,16,2
80,37,1,18,1
80,38,1,18,1
80,39,1,18,1
80,40,1,18,1
80,41,1,18,1
80,42,1,18,1
80,43,1,18,1
80,44,1,18,1
80,36,1,19,2
80,37,1,19,2
80,38,1,19,2
80,39,1,19,2
80,40,1,19,2
80,41,1,19,2
80,35,1,20,2
80,36,1,20,2
80,39,2,16,9
80,41,2,16,1
80,40,2,17,167
80,41,2,17,1
80,37,2,18,1
80,44,2,18,1
80,41,2,19,2
80,35,2,20,2
80,39,2,20,2
80,41,2,20,297
80,39,2,21,2
80,41,2,21,1
80,42,2,21,6
80,37,3,16,1
80,40,3,16,1
80,41,3,16,1
80,37,3,17,1
80,40,3,17,1
80,41,3,17,1
80,42,3,17,297
80,37,3,18,1
80,40,3,18,1
80,44,3,18,1
80,45,3,18,6
80,37,3,19,1
80,40,3,19,1
80,44,3,19,1
80,35,3,20,2
80,37,3,20,1
80,40,3,20,1
80,41,3,20,1
80,37,3,21,9
80,39,3,21,2
80,41,3,21,1
80,38,3,22,6
80,39,3,22,2
80,37,4,16,1
80,38,4,16,1
80,39,4,16,9
80,41,4,16,1
80,44,4,16,1
80,40,4,17,6
80,43,4,17,1
80,44,4,17,1
80,36,4,18,2
80,37,4,18,2
80,38,4,18,2
80,40,4,18,1
80,38,4,19,2
80,39,4,19,2
80,44,4,19,1
80,35,4,20,2
80,37,4,20,9
80,39,4,20,2
80,38,4,21,167
80,39,4,21,2
80,38,5,16,1
80,39,5,16,1
80,40,5,16,167
80,44,5,16,1
80,36,5,17,2
80,36,5,18,2
80,38,5,18,1
80,39,5,18,1
80,40,5,18,1
80,44,5,18,1
80,37,5,19,1
80,38,5,19,1
80,44,5,19,1
80,35,5,20,2
80,37,5,20,1
80,44,5,20,1
80,37,5,21,9
80,39,5,21,1
80,43,5,21,1
80,44,5,21,1
80,38,5,22,6
80,39,5,22,1
80,41,6,16,1
80,43,6,16,297
80,36,6,17,2
80,44,6,17,167
80,38,6,18,2
80,40,6,18,1
80,44,6,18,1
80,35,6,19,2
80,36,6,19,2
80,37,6,19,2
80,38,6,19,2
80,40,6,19,1
80,41,6,19,1
80,35,6,20,2
80,37,6,20,1
80,37,6,21,1
80,42,6,21,1
80,43,6,21,1
80,37,6,22,9
80,39,6,22,1
80,38,6,23,167
80,40,7,16,6
80,41,7,16,1
80,43,7,16,2
80,36,7,17,2
80,37,7,17,2
80,37,7,18,2057
80,38,7,18,10
80,39,7,18,2
80,41,7,18,1
80,37,7,19,2
80,38,7,19,423
80,39,7,19,2
80,41,7,19,1
80,37,7,20,2
80,38,7,20,2
80,39,7,20,2
80,39,7,21,1
80,42,7,21,297
80,38,7,22,1
80,39,7,22,1
80,40,7,22,1
80,41,7,22,1
80,42,7,22,167
80,38,7,23,1
80,43,8,16,2
80,37,8,17,2
80,38,8,17,2
80,39,8,17,2
80,40,8,17,2
80,41,8,17,2
80,42,8,17,2
80,43,8,17,2
80,37,8,18,2
80,41,8,18,1
80,39,8,19,2
80,41,8,19,297
80,40,8,20,1
80,41,8,20,1
80,42,8,20,6
80,41,8,21,1
80,41,8,22,1
80,38,9,16,1
80,38,9,17,1
80,36,9,18,9
80,39,9,18,2
80,38,9,19,6
80,39,9,19,2
80,40,9,20,1
80,38,10,17,1
80,38,10,18,1
80,39,10,18,1
80,40,10,18,1
80,40,10,19,1
80,40,10,20,1
